index,label,modulation_label,protocol_label,model_label,full_path
0,Autel EVO II,0,2,0,Pro-OFDM -> SkyLink -> Autel EVO II
1,Autel EVO II,0,2,0,Pro-OFDM -> SkyLink -> Autel EVO II
2,Autel EVO II,0,2,0,Pro-OFDM -> SkyLink -> Autel EVO II
3,Autel EVO II,0,2,0,Pro-OFDM -> SkyLink -> Autel EVO II
4,Autel EVO II,0,2,0,Pro-OFDM -> SkyLink -> Autel EVO II
5,Autel EVO II,0,2,0,Pro-OFDM -> SkyLink -> Autel EVO II
6,Autel EVO II,0,2,0,Pro-OFDM -> SkyLink -> Autel EVO II
7,Autel EVO II,0,2,0,Pro-OFDM -> SkyLink -> Autel EVO II
8,Autel EVO II,0,2,0,Pro-OFDM -> SkyLink -> Autel EVO II
9,Autel EVO II,0,2,0,Pro-OFDM -> SkyLink -> Autel EVO II
10,Autel EVO II,0,2,0,Pro-OFDM -> SkyLink -> Autel EVO II
11,Autel EVO II,0,2,0,Pro-OFDM -> SkyLink -> Autel EVO II
12,Autel EVO II,0,2,0,Pro-OFDM -> SkyLink -> Autel EVO II
13,Autel EVO II,0,2,0,Pro-OFDM -> SkyLink -> Autel EVO II
14,Autel EVO II,0,2,0,Pro-OFDM -> SkyLink -> Autel EVO II
15,Autel EVO II,0,2,0,Pro-OFDM -> SkyLink -> Autel EVO II
16,Autel EVO II,0,2,0,Pro-OFDM -> SkyLink -> Autel EVO II
17,Autel EVO II,0,2,0,Pro-OFDM -> SkyLink -> Autel EVO II
18,Autel EVO II,0,2,0,Pro-OFDM -> SkyLink -> Autel EVO II
19,Autel EVO II,0,2,0,Pro-OFDM -> SkyLink -> Autel EVO II
20,Autel EVO II,0,2,0,Pro-OFDM -> SkyLink -> Autel EVO II
21,Autel EVO II,0,2,0,Pro-OFDM -> SkyLink -> Autel EVO II
22,Autel EVO II,0,2,0,Pro-OFDM -> SkyLink -> Autel EVO II
23,Autel EVO II,0,2,0,Pro-OFDM -> SkyLink -> Autel EVO II
24,Autel EVO II,0,2,0,Pro-OFDM -> SkyLink -> Autel EVO II
25,Autel EVO II,0,2,0,Pro-OFDM -> SkyLink -> Autel EVO II
26,Autel EVO II,0,2,0,Pro-OFDM -> SkyLink -> Autel EVO II
27,Autel EVO II,0,2,0,Pro-OFDM -> SkyLink -> Autel EVO II
28,Autel EVO II,0,2,0,Pro-OFDM -> SkyLink -> Autel EVO II
29,Autel EVO II,0,2,0,Pro-OFDM -> SkyLink -> Autel EVO II
30,Autel EVO II,0,2,0,Pro-OFDM -> SkyLink -> Autel EVO II
31,Autel EVO II,0,2,0,Pro-OFDM -> SkyLink -> Autel EVO II
32,Autel EVO II,0,2,0,Pro-OFDM -> SkyLink -> Autel EVO II
33,Autel EVO II,0,2,0,Pro-OFDM -> SkyLink -> Autel EVO II
34,Autel EVO II,0,2,0,Pro-OFDM -> SkyLink -> Autel EVO II
35,Autel EVO II,0,2,0,Pro-OFDM -> SkyLink -> Autel EVO II
36,Autel EVO II,0,2,0,Pro-OFDM -> SkyLink -> Autel EVO II
37,Autel EVO II,0,2,0,Pro-OFDM -> SkyLink -> Autel EVO II
38,Autel EVO II,0,2,0,Pro-OFDM -> SkyLink -> Autel EVO II
39,Autel EVO II,0,2,0,Pro-OFDM -> SkyLink -> Autel EVO II
40,Autel EVO II,0,2,0,Pro-OFDM -> SkyLink -> Autel EVO II
41,Autel EVO II,0,2,0,Pro-OFDM -> SkyLink -> Autel EVO II
42,Autel EVO II,0,2,0,Pro-OFDM -> SkyLink -> Autel EVO II
43,Autel EVO II,0,2,0,Pro-OFDM -> SkyLink -> Autel EVO II
44,Autel EVO II,0,2,0,Pro-OFDM -> SkyLink -> Autel EVO II
45,Autel EVO II,0,2,0,Pro-OFDM -> SkyLink -> Autel EVO II
46,Autel EVO II,0,2,0,Pro-OFDM -> SkyLink -> Autel EVO II
47,Autel EVO II,0,2,0,Pro-OFDM -> SkyLink -> Autel EVO II
48,Autel EVO II,0,2,0,Pro-OFDM -> SkyLink -> Autel EVO II
49,Autel EVO II,0,2,0,Pro-OFDM -> SkyLink -> Autel EVO II
50,Autel EVO II,0,2,0,Pro-OFDM -> SkyLink -> Autel EVO II
51,Autel EVO II,0,2,0,Pro-OFDM -> SkyLink -> Autel EVO II
52,Autel EVO II,0,2,0,Pro-OFDM -> SkyLink -> Autel EVO II
53,Autel EVO II,0,2,0,Pro-OFDM -> SkyLink -> Autel EVO II
54,Autel EVO II,0,2,0,Pro-OFDM -> SkyLink -> Autel EVO II
55,Autel EVO II,0,2,0,Pro-OFDM -> SkyLink -> Autel EVO II
56,Autel EVO II,0,2,0,Pro-OFDM -> SkyLink -> Autel EVO II
57,Autel EVO II,0,2,0,Pro-OFDM -> SkyLink -> Autel EVO II
58,Autel EVO II,0,2,0,Pro-OFDM -> SkyLink -> Autel EVO II
59,Autel EVO II,0,2,0,Pro-OFDM -> SkyLink -> Autel EVO II
60,Autel EVO II,0,2,0,Pro-OFDM -> SkyLink -> Autel EVO II
61,Autel EVO II,0,2,0,Pro-OFDM -> SkyLink -> Autel EVO II
62,Autel EVO II,0,2,0,Pro-OFDM -> SkyLink -> Autel EVO II
63,Autel EVO II,0,2,0,Pro-OFDM -> SkyLink -> Autel EVO II
64,Autel EVO II,0,2,0,Pro-OFDM -> SkyLink -> Autel EVO II
65,Autel EVO II,0,2,0,Pro-OFDM -> SkyLink -> Autel EVO II
66,Autel EVO II,0,2,0,Pro-OFDM -> SkyLink -> Autel EVO II
67,Autel EVO II,0,2,0,Pro-OFDM -> SkyLink -> Autel EVO II
68,Autel EVO II,0,2,0,Pro-OFDM -> SkyLink -> Autel EVO II
69,Autel EVO II,0,2,0,Pro-OFDM -> SkyLink -> Autel EVO II
70,Autel EVO II,0,2,0,Pro-OFDM -> SkyLink -> Autel EVO II
71,Autel EVO II,0,2,0,Pro-OFDM -> SkyLink -> Autel EVO II
72,Autel EVO II,0,2,0,Pro-OFDM -> SkyLink -> Autel EVO II
73,Autel EVO II,0,2,0,Pro-OFDM -> SkyLink -> Autel EVO II
74,Autel EVO II,0,2,0,Pro-OFDM -> SkyLink -> Autel EVO II
75,Autel EVO II,0,2,0,Pro-OFDM -> SkyLink -> Autel EVO II
76,Autel EVO II,0,2,0,Pro-OFDM -> SkyLink -> Autel EVO II
77,Autel EVO II,0,2,0,Pro-OFDM -> SkyLink -> Autel EVO II
78,Autel EVO II,0,2,0,Pro-OFDM -> SkyLink -> Autel EVO II
79,Autel EVO II,0,2,0,Pro-OFDM -> SkyLink -> Autel EVO II
80,Autel EVO II,0,2,0,Pro-OFDM -> SkyLink -> Autel EVO II
81,Autel EVO II,0,2,0,Pro-OFDM -> SkyLink -> Autel EVO II
82,Autel EVO II,0,2,0,Pro-OFDM -> SkyLink -> Autel EVO II
83,Autel EVO II,0,2,0,Pro-OFDM -> SkyLink -> Autel EVO II
84,Autel EVO II,0,2,0,Pro-OFDM -> SkyLink -> Autel EVO II
85,Autel EVO II,0,2,0,Pro-OFDM -> SkyLink -> Autel EVO II
86,Autel EVO II,0,2,0,Pro-OFDM -> SkyLink -> Autel EVO II
87,Autel EVO II,0,2,0,Pro-OFDM -> SkyLink -> Autel EVO II
88,Autel EVO II,0,2,0,Pro-OFDM -> SkyLink -> Autel EVO II
89,Autel EVO II,0,2,0,Pro-OFDM -> SkyLink -> Autel EVO II
90,Autel EVO II,0,2,0,Pro-OFDM -> SkyLink -> Autel EVO II
91,Autel EVO II,0,2,0,Pro-OFDM -> SkyLink -> Autel EVO II
92,Autel EVO II,0,2,0,Pro-OFDM -> SkyLink -> Autel EVO II
93,Autel EVO II,0,2,0,Pro-OFDM -> SkyLink -> Autel EVO II
94,Autel EVO II,0,2,0,Pro-OFDM -> SkyLink -> Autel EVO II
95,Autel EVO II,0,2,0,Pro-OFDM -> SkyLink -> Autel EVO II
96,Autel EVO II,0,2,0,Pro-OFDM -> SkyLink -> Autel EVO II
97,Autel EVO II,0,2,0,Pro-OFDM -> SkyLink -> Autel EVO II
98,Autel EVO II,0,2,0,Pro-OFDM -> SkyLink -> Autel EVO II
99,Autel EVO II,0,2,0,Pro-OFDM -> SkyLink -> Autel EVO II
100,Autel EVO II,0,2,0,Pro-OFDM -> SkyLink -> Autel EVO II
101,Autel EVO II,0,2,0,Pro-OFDM -> SkyLink -> Autel EVO II
102,Autel EVO II,0,2,0,Pro-OFDM -> SkyLink -> Autel EVO II
103,Autel EVO II,0,2,0,Pro-OFDM -> SkyLink -> Autel EVO II
104,Autel EVO II,0,2,0,Pro-OFDM -> SkyLink -> Autel EVO II
105,Autel EVO II,0,2,0,Pro-OFDM -> SkyLink -> Autel EVO II
106,Autel EVO II,0,2,0,Pro-OFDM -> SkyLink -> Autel EVO II
107,Autel EVO II,0,2,0,Pro-OFDM -> SkyLink -> Autel EVO II
108,Autel EVO II,0,2,0,Pro-OFDM -> SkyLink -> Autel EVO II
109,Autel EVO II,0,2,0,Pro-OFDM -> SkyLink -> Autel EVO II
110,Autel EVO II,0,2,0,Pro-OFDM -> SkyLink -> Autel EVO II
111,Autel EVO II,0,2,0,Pro-OFDM -> SkyLink -> Autel EVO II
112,Autel EVO II,0,2,0,Pro-OFDM -> SkyLink -> Autel EVO II
113,Autel EVO II,0,2,0,Pro-OFDM -> SkyLink -> Autel EVO II
114,Autel EVO II,0,2,0,Pro-OFDM -> SkyLink -> Autel EVO II
115,Autel EVO II,0,2,0,Pro-OFDM -> SkyLink -> Autel EVO II
116,Autel EVO II,0,2,0,Pro-OFDM -> SkyLink -> Autel EVO II
117,Autel EVO II,0,2,0,Pro-OFDM -> SkyLink -> Autel EVO II
118,Autel EVO II,0,2,0,Pro-OFDM -> SkyLink -> Autel EVO II
119,Autel EVO II,0,2,0,Pro-OFDM -> SkyLink -> Autel EVO II
120,Autel EVO II,0,2,0,Pro-OFDM -> SkyLink -> Autel EVO II
121,Autel EVO II,0,2,0,Pro-OFDM -> SkyLink -> Autel EVO II
122,Autel EVO II,0,2,0,Pro-OFDM -> SkyLink -> Autel EVO II
123,Autel EVO II,0,2,0,Pro-OFDM -> SkyLink -> Autel EVO II
124,Autel EVO II,0,2,0,Pro-OFDM -> SkyLink -> Autel EVO II
125,Autel EVO II,0,2,0,Pro-OFDM -> SkyLink -> Autel EVO II
126,Autel EVO II,0,2,0,Pro-OFDM -> SkyLink -> Autel EVO II
127,Autel EVO II,0,2,0,Pro-OFDM -> SkyLink -> Autel EVO II
128,Autel EVO II,0,2,0,Pro-OFDM -> SkyLink -> Autel EVO II
129,Autel EVO II,0,2,0,Pro-OFDM -> SkyLink -> Autel EVO II
130,Autel EVO II,0,2,0,Pro-OFDM -> SkyLink -> Autel EVO II
131,Autel EVO II,0,2,0,Pro-OFDM -> SkyLink -> Autel EVO II
132,Autel EVO II,0,2,0,Pro-OFDM -> SkyLink -> Autel EVO II
133,Autel EVO II,0,2,0,Pro-OFDM -> SkyLink -> Autel EVO II
134,Autel EVO II,0,2,0,Pro-OFDM -> SkyLink -> Autel EVO II
135,Autel EVO II,0,2,0,Pro-OFDM -> SkyLink -> Autel EVO II
136,Autel EVO II,0,2,0,Pro-OFDM -> SkyLink -> Autel EVO II
137,Autel EVO II,0,2,0,Pro-OFDM -> SkyLink -> Autel EVO II
138,Autel EVO II,0,2,0,Pro-OFDM -> SkyLink -> Autel EVO II
139,Autel EVO II,0,2,0,Pro-OFDM -> SkyLink -> Autel EVO II
140,Autel EVO II,0,2,0,Pro-OFDM -> SkyLink -> Autel EVO II
141,Autel EVO II,0,2,0,Pro-OFDM -> SkyLink -> Autel EVO II
142,Autel EVO II,0,2,0,Pro-OFDM -> SkyLink -> Autel EVO II
143,Autel EVO II,0,2,0,Pro-OFDM -> SkyLink -> Autel EVO II
144,Autel EVO II,0,2,0,Pro-OFDM -> SkyLink -> Autel EVO II
145,Autel EVO II,0,2,0,Pro-OFDM -> SkyLink -> Autel EVO II
146,Autel EVO II,0,2,0,Pro-OFDM -> SkyLink -> Autel EVO II
147,Autel EVO II,0,2,0,Pro-OFDM -> SkyLink -> Autel EVO II
148,Autel EVO II,0,2,0,Pro-OFDM -> SkyLink -> Autel EVO II
149,Autel EVO II,0,2,0,Pro-OFDM -> SkyLink -> Autel EVO II
150,Autel EVO II,0,2,0,Pro-OFDM -> SkyLink -> Autel EVO II
151,Autel EVO II,0,2,0,Pro-OFDM -> SkyLink -> Autel EVO II
152,Autel EVO II,0,2,0,Pro-OFDM -> SkyLink -> Autel EVO II
153,Autel EVO II,0,2,0,Pro-OFDM -> SkyLink -> Autel EVO II
154,Autel EVO II,0,2,0,Pro-OFDM -> SkyLink -> Autel EVO II
155,Autel EVO II,0,2,0,Pro-OFDM -> SkyLink -> Autel EVO II
156,Autel EVO II,0,2,0,Pro-OFDM -> SkyLink -> Autel EVO II
157,Autel EVO II,0,2,0,Pro-OFDM -> SkyLink -> Autel EVO II
158,Autel EVO II,0,2,0,Pro-OFDM -> SkyLink -> Autel EVO II
159,Autel EVO II,0,2,0,Pro-OFDM -> SkyLink -> Autel EVO II
160,Autel EVO II,0,2,0,Pro-OFDM -> SkyLink -> Autel EVO II
161,Autel EVO II,0,2,0,Pro-OFDM -> SkyLink -> Autel EVO II
162,Autel EVO II,0,2,0,Pro-OFDM -> SkyLink -> Autel EVO II
163,Autel EVO II,0,2,0,Pro-OFDM -> SkyLink -> Autel EVO II
164,Autel EVO II,0,2,0,Pro-OFDM -> SkyLink -> Autel EVO II
165,Autel EVO II,0,2,0,Pro-OFDM -> SkyLink -> Autel EVO II
166,Autel EVO II,0,2,0,Pro-OFDM -> SkyLink -> Autel EVO II
167,Autel EVO II,0,2,0,Pro-OFDM -> SkyLink -> Autel EVO II
168,Autel X-Star Premium,0,3,0,Pro-OFDM -> HD video -> Autel X-Star Premium
169,Autel X-Star Premium,0,3,0,Pro-OFDM -> HD video -> Autel X-Star Premium
170,Autel X-Star Premium,0,3,0,Pro-OFDM -> HD video -> Autel X-Star Premium
171,Autel X-Star Premium,0,3,0,Pro-OFDM -> HD video -> Autel X-Star Premium
172,Autel X-Star Premium,0,3,0,Pro-OFDM -> HD video -> Autel X-Star Premium
173,Autel X-Star Premium,0,3,0,Pro-OFDM -> HD video -> Autel X-Star Premium
174,Autel X-Star Premium,0,3,0,Pro-OFDM -> HD video -> Autel X-Star Premium
175,Autel X-Star Premium,0,3,0,Pro-OFDM -> HD video -> Autel X-Star Premium
176,Autel X-Star Premium,0,3,0,Pro-OFDM -> HD video -> Autel X-Star Premium
177,Autel X-Star Premium,0,3,0,Pro-OFDM -> HD video -> Autel X-Star Premium
178,Autel X-Star Premium,0,3,0,Pro-OFDM -> HD video -> Autel X-Star Premium
179,Autel X-Star Premium,0,3,0,Pro-OFDM -> HD video -> Autel X-Star Premium
180,Autel X-Star Premium,0,3,0,Pro-OFDM -> HD video -> Autel X-Star Premium
181,Autel X-Star Premium,0,3,0,Pro-OFDM -> HD video -> Autel X-Star Premium
182,Autel X-Star Premium,0,3,0,Pro-OFDM -> HD video -> Autel X-Star Premium
183,Autel X-Star Premium,0,3,0,Pro-OFDM -> HD video -> Autel X-Star Premium
184,Autel X-Star Premium,0,3,0,Pro-OFDM -> HD video -> Autel X-Star Premium
185,Autel X-Star Premium,0,3,0,Pro-OFDM -> HD video -> Autel X-Star Premium
186,Autel X-Star Premium,0,3,0,Pro-OFDM -> HD video -> Autel X-Star Premium
187,Autel X-Star Premium,0,3,0,Pro-OFDM -> HD video -> Autel X-Star Premium
188,Autel X-Star Premium,0,3,0,Pro-OFDM -> HD video -> Autel X-Star Premium
189,Autel X-Star Premium,0,3,0,Pro-OFDM -> HD video -> Autel X-Star Premium
190,Autel X-Star Premium,0,3,0,Pro-OFDM -> HD video -> Autel X-Star Premium
191,Autel X-Star Premium,0,3,0,Pro-OFDM -> HD video -> Autel X-Star Premium
192,Autel X-Star Premium,0,3,0,Pro-OFDM -> HD video -> Autel X-Star Premium
193,Autel X-Star Premium,0,3,0,Pro-OFDM -> HD video -> Autel X-Star Premium
194,Autel X-Star Premium,0,3,0,Pro-OFDM -> HD video -> Autel X-Star Premium
195,Autel X-Star Premium,0,3,0,Pro-OFDM -> HD video -> Autel X-Star Premium
196,Autel X-Star Premium,0,3,0,Pro-OFDM -> HD video -> Autel X-Star Premium
197,Autel X-Star Premium,0,3,0,Pro-OFDM -> HD video -> Autel X-Star Premium
198,Autel X-Star Premium,0,3,0,Pro-OFDM -> HD video -> Autel X-Star Premium
199,Autel X-Star Premium,0,3,0,Pro-OFDM -> HD video -> Autel X-Star Premium
200,Autel X-Star Premium,0,3,0,Pro-OFDM -> HD video -> Autel X-Star Premium
201,Autel X-Star Premium,0,3,0,Pro-OFDM -> HD video -> Autel X-Star Premium
202,Autel X-Star Premium,0,3,0,Pro-OFDM -> HD video -> Autel X-Star Premium
203,Autel X-Star Premium,0,3,0,Pro-OFDM -> HD video -> Autel X-Star Premium
204,Autel X-Star Premium,0,3,0,Pro-OFDM -> HD video -> Autel X-Star Premium
205,Autel X-Star Premium,0,3,0,Pro-OFDM -> HD video -> Autel X-Star Premium
206,Autel X-Star Premium,0,3,0,Pro-OFDM -> HD video -> Autel X-Star Premium
207,Autel X-Star Premium,0,3,0,Pro-OFDM -> HD video -> Autel X-Star Premium
208,Autel X-Star Premium,0,3,0,Pro-OFDM -> HD video -> Autel X-Star Premium
209,Autel X-Star Premium,0,3,0,Pro-OFDM -> HD video -> Autel X-Star Premium
210,Autel X-Star Premium,0,3,0,Pro-OFDM -> HD video -> Autel X-Star Premium
211,Autel X-Star Premium,0,3,0,Pro-OFDM -> HD video -> Autel X-Star Premium
212,Autel X-Star Premium,0,3,0,Pro-OFDM -> HD video -> Autel X-Star Premium
213,Autel X-Star Premium,0,3,0,Pro-OFDM -> HD video -> Autel X-Star Premium
214,Autel X-Star Premium,0,3,0,Pro-OFDM -> HD video -> Autel X-Star Premium
215,Autel X-Star Premium,0,3,0,Pro-OFDM -> HD video -> Autel X-Star Premium
216,Autel X-Star Premium,0,3,0,Pro-OFDM -> HD video -> Autel X-Star Premium
217,Autel X-Star Premium,0,3,0,Pro-OFDM -> HD video -> Autel X-Star Premium
218,Autel X-Star Premium,0,3,0,Pro-OFDM -> HD video -> Autel X-Star Premium
219,Autel X-Star Premium,0,3,0,Pro-OFDM -> HD video -> Autel X-Star Premium
220,Autel X-Star Premium,0,3,0,Pro-OFDM -> HD video -> Autel X-Star Premium
221,Autel X-Star Premium,0,3,0,Pro-OFDM -> HD video -> Autel X-Star Premium
222,Autel X-Star Premium,0,3,0,Pro-OFDM -> HD video -> Autel X-Star Premium
223,Autel X-Star Premium,0,3,0,Pro-OFDM -> HD video -> Autel X-Star Premium
224,Autel X-Star Premium,0,3,0,Pro-OFDM -> HD video -> Autel X-Star Premium
225,Autel X-Star Premium,0,3,0,Pro-OFDM -> HD video -> Autel X-Star Premium
226,Autel X-Star Premium,0,3,0,Pro-OFDM -> HD video -> Autel X-Star Premium
227,Autel X-Star Premium,0,3,0,Pro-OFDM -> HD video -> Autel X-Star Premium
228,Autel X-Star Premium,0,3,0,Pro-OFDM -> HD video -> Autel X-Star Premium
229,Autel X-Star Premium,0,3,0,Pro-OFDM -> HD video -> Autel X-Star Premium
230,Autel X-Star Premium,0,3,0,Pro-OFDM -> HD video -> Autel X-Star Premium
231,Autel X-Star Premium,0,3,0,Pro-OFDM -> HD video -> Autel X-Star Premium
232,Autel X-Star Premium,0,3,0,Pro-OFDM -> HD video -> Autel X-Star Premium
233,Autel X-Star Premium,0,3,0,Pro-OFDM -> HD video -> Autel X-Star Premium
234,Autel X-Star Premium,0,3,0,Pro-OFDM -> HD video -> Autel X-Star Premium
235,Autel X-Star Premium,0,3,0,Pro-OFDM -> HD video -> Autel X-Star Premium
236,Autel X-Star Premium,0,3,0,Pro-OFDM -> HD video -> Autel X-Star Premium
237,Autel X-Star Premium,0,3,0,Pro-OFDM -> HD video -> Autel X-Star Premium
238,Autel X-Star Premium,0,3,0,Pro-OFDM -> HD video -> Autel X-Star Premium
239,Autel X-Star Premium,0,3,0,Pro-OFDM -> HD video -> Autel X-Star Premium
240,Autel X-Star Premium,0,3,0,Pro-OFDM -> HD video -> Autel X-Star Premium
241,Autel X-Star Premium,0,3,0,Pro-OFDM -> HD video -> Autel X-Star Premium
242,Autel X-Star Premium,0,3,0,Pro-OFDM -> HD video -> Autel X-Star Premium
243,Autel X-Star Premium,0,3,0,Pro-OFDM -> HD video -> Autel X-Star Premium
244,Autel X-Star Premium,0,3,0,Pro-OFDM -> HD video -> Autel X-Star Premium
245,Autel X-Star Premium,0,3,0,Pro-OFDM -> HD video -> Autel X-Star Premium
246,Autel X-Star Premium,0,3,0,Pro-OFDM -> HD video -> Autel X-Star Premium
247,Autel X-Star Premium,0,3,0,Pro-OFDM -> HD video -> Autel X-Star Premium
248,Autel X-Star Premium,0,3,0,Pro-OFDM -> HD video -> Autel X-Star Premium
249,Autel X-Star Premium,0,3,0,Pro-OFDM -> HD video -> Autel X-Star Premium
250,Autel X-Star Premium,0,3,0,Pro-OFDM -> HD video -> Autel X-Star Premium
251,Autel X-Star Premium,0,3,0,Pro-OFDM -> HD video -> Autel X-Star Premium
252,Autel X-Star Premium,0,3,0,Pro-OFDM -> HD video -> Autel X-Star Premium
253,Autel X-Star Premium,0,3,0,Pro-OFDM -> HD video -> Autel X-Star Premium
254,Autel X-Star Premium,0,3,0,Pro-OFDM -> HD video -> Autel X-Star Premium
255,Autel X-Star Premium,0,3,0,Pro-OFDM -> HD video -> Autel X-Star Premium
256,Autel X-Star Premium,0,3,0,Pro-OFDM -> HD video -> Autel X-Star Premium
257,Autel X-Star Premium,0,3,0,Pro-OFDM -> HD video -> Autel X-Star Premium
258,Autel X-Star Premium,0,3,0,Pro-OFDM -> HD video -> Autel X-Star Premium
259,Autel X-Star Premium,0,3,0,Pro-OFDM -> HD video -> Autel X-Star Premium
260,Autel X-Star Premium,0,3,0,Pro-OFDM -> HD video -> Autel X-Star Premium
261,Autel X-Star Premium,0,3,0,Pro-OFDM -> HD video -> Autel X-Star Premium
262,Autel X-Star Premium,0,3,0,Pro-OFDM -> HD video -> Autel X-Star Premium
263,Autel X-Star Premium,0,3,0,Pro-OFDM -> HD video -> Autel X-Star Premium
264,Autel X-Star Premium,0,3,0,Pro-OFDM -> HD video -> Autel X-Star Premium
265,Autel X-Star Premium,0,3,0,Pro-OFDM -> HD video -> Autel X-Star Premium
266,Autel X-Star Premium,0,3,0,Pro-OFDM -> HD video -> Autel X-Star Premium
267,Autel X-Star Premium,0,3,0,Pro-OFDM -> HD video -> Autel X-Star Premium
268,Autel X-Star Premium,0,3,0,Pro-OFDM -> HD video -> Autel X-Star Premium
269,Autel X-Star Premium,0,3,0,Pro-OFDM -> HD video -> Autel X-Star Premium
270,Autel X-Star Premium,0,3,0,Pro-OFDM -> HD video -> Autel X-Star Premium
271,Autel X-Star Premium,0,3,0,Pro-OFDM -> HD video -> Autel X-Star Premium
272,Autel X-Star Premium,0,3,0,Pro-OFDM -> HD video -> Autel X-Star Premium
273,Autel X-Star Premium,0,3,0,Pro-OFDM -> HD video -> Autel X-Star Premium
274,Autel X-Star Premium,0,3,0,Pro-OFDM -> HD video -> Autel X-Star Premium
275,Autel X-Star Premium,0,3,0,Pro-OFDM -> HD video -> Autel X-Star Premium
276,Autel X-Star Premium,0,3,0,Pro-OFDM -> HD video -> Autel X-Star Premium
277,Autel X-Star Premium,0,3,0,Pro-OFDM -> HD video -> Autel X-Star Premium
278,Autel X-Star Premium,0,3,0,Pro-OFDM -> HD video -> Autel X-Star Premium
279,Autel X-Star Premium,0,3,0,Pro-OFDM -> HD video -> Autel X-Star Premium
280,Autel X-Star Premium,0,3,0,Pro-OFDM -> HD video -> Autel X-Star Premium
281,Autel X-Star Premium,0,3,0,Pro-OFDM -> HD video -> Autel X-Star Premium
282,Autel X-Star Premium,0,3,0,Pro-OFDM -> HD video -> Autel X-Star Premium
283,Autel X-Star Premium,0,3,0,Pro-OFDM -> HD video -> Autel X-Star Premium
284,Autel X-Star Premium,0,3,0,Pro-OFDM -> HD video -> Autel X-Star Premium
285,Autel X-Star Premium,0,3,0,Pro-OFDM -> HD video -> Autel X-Star Premium
286,Autel X-Star Premium,0,3,0,Pro-OFDM -> HD video -> Autel X-Star Premium
287,Autel X-Star Premium,0,3,0,Pro-OFDM -> HD video -> Autel X-Star Premium
288,Autel X-Star Premium,0,3,0,Pro-OFDM -> HD video -> Autel X-Star Premium
289,Autel X-Star Premium,0,3,0,Pro-OFDM -> HD video -> Autel X-Star Premium
290,Autel X-Star Premium,0,3,0,Pro-OFDM -> HD video -> Autel X-Star Premium
291,Autel X-Star Premium,0,3,0,Pro-OFDM -> HD video -> Autel X-Star Premium
292,Autel X-Star Premium,0,3,0,Pro-OFDM -> HD video -> Autel X-Star Premium
293,Autel X-Star Premium,0,3,0,Pro-OFDM -> HD video -> Autel X-Star Premium
294,Autel X-Star Premium,0,3,0,Pro-OFDM -> HD video -> Autel X-Star Premium
295,Autel X-Star Premium,0,3,0,Pro-OFDM -> HD video -> Autel X-Star Premium
296,Autel X-Star Premium,0,3,0,Pro-OFDM -> HD video -> Autel X-Star Premium
297,Autel X-Star Premium,0,3,0,Pro-OFDM -> HD video -> Autel X-Star Premium
298,Autel X-Star Premium,0,3,0,Pro-OFDM -> HD video -> Autel X-Star Premium
299,Autel X-Star Premium,0,3,0,Pro-OFDM -> HD video -> Autel X-Star Premium
300,Autel X-Star Premium,0,3,0,Pro-OFDM -> HD video -> Autel X-Star Premium
301,Autel X-Star Premium,0,3,0,Pro-OFDM -> HD video -> Autel X-Star Premium
302,Autel X-Star Premium,0,3,0,Pro-OFDM -> HD video -> Autel X-Star Premium
303,Autel X-Star Premium,0,3,0,Pro-OFDM -> HD video -> Autel X-Star Premium
304,Autel X-Star Premium,0,3,0,Pro-OFDM -> HD video -> Autel X-Star Premium
305,Autel X-Star Premium,0,3,0,Pro-OFDM -> HD video -> Autel X-Star Premium
306,Autel X-Star Premium,0,3,0,Pro-OFDM -> HD video -> Autel X-Star Premium
307,Autel X-Star Premium,0,3,0,Pro-OFDM -> HD video -> Autel X-Star Premium
308,Autel X-Star Premium,0,3,0,Pro-OFDM -> HD video -> Autel X-Star Premium
309,Autel X-Star Premium,0,3,0,Pro-OFDM -> HD video -> Autel X-Star Premium
310,Autel X-Star Premium,0,3,0,Pro-OFDM -> HD video -> Autel X-Star Premium
311,Autel X-Star Premium,0,3,0,Pro-OFDM -> HD video -> Autel X-Star Premium
312,Autel X-Star Premium,0,3,0,Pro-OFDM -> HD video -> Autel X-Star Premium
313,Autel X-Star Premium,0,3,0,Pro-OFDM -> HD video -> Autel X-Star Premium
314,Autel X-Star Premium,0,3,0,Pro-OFDM -> HD video -> Autel X-Star Premium
315,Autel X-Star Premium,0,3,0,Pro-OFDM -> HD video -> Autel X-Star Premium
316,Autel X-Star Premium,0,3,0,Pro-OFDM -> HD video -> Autel X-Star Premium
317,Autel X-Star Premium,0,3,0,Pro-OFDM -> HD video -> Autel X-Star Premium
318,Autel X-Star Premium,0,3,0,Pro-OFDM -> HD video -> Autel X-Star Premium
319,Autel X-Star Premium,0,3,0,Pro-OFDM -> HD video -> Autel X-Star Premium
320,Autel X-Star Premium,0,3,0,Pro-OFDM -> HD video -> Autel X-Star Premium
321,Autel X-Star Premium,0,3,0,Pro-OFDM -> HD video -> Autel X-Star Premium
322,Autel X-Star Premium,0,3,0,Pro-OFDM -> HD video -> Autel X-Star Premium
323,Autel X-Star Premium,0,3,0,Pro-OFDM -> HD video -> Autel X-Star Premium
324,Autel X-Star Premium,0,3,0,Pro-OFDM -> HD video -> Autel X-Star Premium
325,Autel X-Star Premium,0,3,0,Pro-OFDM -> HD video -> Autel X-Star Premium
326,Autel X-Star Premium,0,3,0,Pro-OFDM -> HD video -> Autel X-Star Premium
327,Autel X-Star Premium,0,3,0,Pro-OFDM -> HD video -> Autel X-Star Premium
328,Autel X-Star Premium,0,3,0,Pro-OFDM -> HD video -> Autel X-Star Premium
329,Autel X-Star Premium,0,3,0,Pro-OFDM -> HD video -> Autel X-Star Premium
330,Autel X-Star Premium,0,3,0,Pro-OFDM -> HD video -> Autel X-Star Premium
331,Autel X-Star Premium,0,3,0,Pro-OFDM -> HD video -> Autel X-Star Premium
332,DJI FPV,0,1,8,Pro-OFDM -> OcuSync -> DJI FPV
333,DJI FPV,0,1,8,Pro-OFDM -> OcuSync -> DJI FPV
334,DJI FPV,0,1,8,Pro-OFDM -> OcuSync -> DJI FPV
335,DJI FPV,0,1,8,Pro-OFDM -> OcuSync -> DJI FPV
336,DJI FPV,0,1,8,Pro-OFDM -> OcuSync -> DJI FPV
337,DJI FPV,0,1,8,Pro-OFDM -> OcuSync -> DJI FPV
338,DJI FPV,0,1,8,Pro-OFDM -> OcuSync -> DJI FPV
339,DJI FPV,0,1,8,Pro-OFDM -> OcuSync -> DJI FPV
340,DJI FPV,0,1,8,Pro-OFDM -> OcuSync -> DJI FPV
341,DJI FPV,0,1,8,Pro-OFDM -> OcuSync -> DJI FPV
342,DJI FPV,0,1,8,Pro-OFDM -> OcuSync -> DJI FPV
343,DJI FPV,0,1,8,Pro-OFDM -> OcuSync -> DJI FPV
344,DJI FPV,0,1,8,Pro-OFDM -> OcuSync -> DJI FPV
345,DJI FPV,0,1,8,Pro-OFDM -> OcuSync -> DJI FPV
346,DJI FPV,0,1,8,Pro-OFDM -> OcuSync -> DJI FPV
347,DJI FPV,0,1,8,Pro-OFDM -> OcuSync -> DJI FPV
348,DJI FPV,0,1,8,Pro-OFDM -> OcuSync -> DJI FPV
349,DJI FPV,0,1,8,Pro-OFDM -> OcuSync -> DJI FPV
350,DJI FPV,0,1,8,Pro-OFDM -> OcuSync -> DJI FPV
351,DJI FPV,0,1,8,Pro-OFDM -> OcuSync -> DJI FPV
352,DJI FPV,0,1,8,Pro-OFDM -> OcuSync -> DJI FPV
353,DJI FPV,0,1,8,Pro-OFDM -> OcuSync -> DJI FPV
354,DJI FPV,0,1,8,Pro-OFDM -> OcuSync -> DJI FPV
355,DJI FPV,0,1,8,Pro-OFDM -> OcuSync -> DJI FPV
356,DJI FPV,0,1,8,Pro-OFDM -> OcuSync -> DJI FPV
357,DJI FPV,0,1,8,Pro-OFDM -> OcuSync -> DJI FPV
358,DJI FPV,0,1,8,Pro-OFDM -> OcuSync -> DJI FPV
359,DJI FPV,0,1,8,Pro-OFDM -> OcuSync -> DJI FPV
360,DJI FPV,0,1,8,Pro-OFDM -> OcuSync -> DJI FPV
361,DJI FPV,0,1,8,Pro-OFDM -> OcuSync -> DJI FPV
362,DJI FPV,0,1,8,Pro-OFDM -> OcuSync -> DJI FPV
363,DJI FPV,0,1,8,Pro-OFDM -> OcuSync -> DJI FPV
364,DJI FPV,0,1,8,Pro-OFDM -> OcuSync -> DJI FPV
365,DJI FPV,0,1,8,Pro-OFDM -> OcuSync -> DJI FPV
366,DJI FPV,0,1,8,Pro-OFDM -> OcuSync -> DJI FPV
367,DJI FPV,0,1,8,Pro-OFDM -> OcuSync -> DJI FPV
368,DJI FPV,0,1,8,Pro-OFDM -> OcuSync -> DJI FPV
369,DJI FPV,0,1,8,Pro-OFDM -> OcuSync -> DJI FPV
370,DJI FPV,0,1,8,Pro-OFDM -> OcuSync -> DJI FPV
371,DJI FPV,0,1,8,Pro-OFDM -> OcuSync -> DJI FPV
372,DJI FPV,0,1,8,Pro-OFDM -> OcuSync -> DJI FPV
373,DJI FPV,0,1,8,Pro-OFDM -> OcuSync -> DJI FPV
374,DJI FPV,0,1,8,Pro-OFDM -> OcuSync -> DJI FPV
375,DJI FPV,0,1,8,Pro-OFDM -> OcuSync -> DJI FPV
376,DJI FPV,0,1,8,Pro-OFDM -> OcuSync -> DJI FPV
377,DJI FPV,0,1,8,Pro-OFDM -> OcuSync -> DJI FPV
378,DJI FPV,0,1,8,Pro-OFDM -> OcuSync -> DJI FPV
379,DJI FPV,0,1,8,Pro-OFDM -> OcuSync -> DJI FPV
380,DJI FPV,0,1,8,Pro-OFDM -> OcuSync -> DJI FPV
381,DJI FPV,0,1,8,Pro-OFDM -> OcuSync -> DJI FPV
382,DJI FPV,0,1,8,Pro-OFDM -> OcuSync -> DJI FPV
383,DJI FPV,0,1,8,Pro-OFDM -> OcuSync -> DJI FPV
384,DJI FPV,0,1,8,Pro-OFDM -> OcuSync -> DJI FPV
385,DJI FPV,0,1,8,Pro-OFDM -> OcuSync -> DJI FPV
386,DJI FPV,0,1,8,Pro-OFDM -> OcuSync -> DJI FPV
387,DJI FPV,0,1,8,Pro-OFDM -> OcuSync -> DJI FPV
388,DJI FPV,0,1,8,Pro-OFDM -> OcuSync -> DJI FPV
389,DJI FPV,0,1,8,Pro-OFDM -> OcuSync -> DJI FPV
390,DJI FPV,0,1,8,Pro-OFDM -> OcuSync -> DJI FPV
391,DJI FPV,0,1,8,Pro-OFDM -> OcuSync -> DJI FPV
392,DJI FPV,0,1,8,Pro-OFDM -> OcuSync -> DJI FPV
393,DJI FPV,0,1,8,Pro-OFDM -> OcuSync -> DJI FPV
394,DJI FPV,0,1,8,Pro-OFDM -> OcuSync -> DJI FPV
395,DJI FPV,0,1,8,Pro-OFDM -> OcuSync -> DJI FPV
396,DJI FPV,0,1,8,Pro-OFDM -> OcuSync -> DJI FPV
397,DJI FPV,0,1,8,Pro-OFDM -> OcuSync -> DJI FPV
398,DJI FPV,0,1,8,Pro-OFDM -> OcuSync -> DJI FPV
399,DJI FPV,0,1,8,Pro-OFDM -> OcuSync -> DJI FPV
400,DJI FPV,0,1,8,Pro-OFDM -> OcuSync -> DJI FPV
401,DJI FPV,0,1,8,Pro-OFDM -> OcuSync -> DJI FPV
402,DJI FPV,0,1,8,Pro-OFDM -> OcuSync -> DJI FPV
403,DJI FPV,0,1,8,Pro-OFDM -> OcuSync -> DJI FPV
404,DJI FPV,0,1,8,Pro-OFDM -> OcuSync -> DJI FPV
405,DJI FPV,0,1,8,Pro-OFDM -> OcuSync -> DJI FPV
406,DJI FPV,0,1,8,Pro-OFDM -> OcuSync -> DJI FPV
407,DJI FPV,0,1,8,Pro-OFDM -> OcuSync -> DJI FPV
408,DJI FPV,0,1,8,Pro-OFDM -> OcuSync -> DJI FPV
409,DJI FPV,0,1,8,Pro-OFDM -> OcuSync -> DJI FPV
410,DJI FPV,0,1,8,Pro-OFDM -> OcuSync -> DJI FPV
411,DJI FPV,0,1,8,Pro-OFDM -> OcuSync -> DJI FPV
412,DJI FPV,0,1,8,Pro-OFDM -> OcuSync -> DJI FPV
413,DJI FPV,0,1,8,Pro-OFDM -> OcuSync -> DJI FPV
414,DJI FPV,0,1,8,Pro-OFDM -> OcuSync -> DJI FPV
415,DJI FPV,0,1,8,Pro-OFDM -> OcuSync -> DJI FPV
416,DJI FPV,0,1,8,Pro-OFDM -> OcuSync -> DJI FPV
417,DJI FPV,0,1,8,Pro-OFDM -> OcuSync -> DJI FPV
418,DJI FPV,0,1,8,Pro-OFDM -> OcuSync -> DJI FPV
419,DJI FPV,0,1,8,Pro-OFDM -> OcuSync -> DJI FPV
420,DJI FPV,0,1,8,Pro-OFDM -> OcuSync -> DJI FPV
421,DJI FPV,0,1,8,Pro-OFDM -> OcuSync -> DJI FPV
422,DJI FPV,0,1,8,Pro-OFDM -> OcuSync -> DJI FPV
423,DJI FPV,0,1,8,Pro-OFDM -> OcuSync -> DJI FPV
424,DJI FPV,0,1,8,Pro-OFDM -> OcuSync -> DJI FPV
425,DJI FPV,0,1,8,Pro-OFDM -> OcuSync -> DJI FPV
426,DJI FPV,0,1,8,Pro-OFDM -> OcuSync -> DJI FPV
427,DJI FPV,0,1,8,Pro-OFDM -> OcuSync -> DJI FPV
428,DJI FPV,0,1,8,Pro-OFDM -> OcuSync -> DJI FPV
429,DJI FPV,0,1,8,Pro-OFDM -> OcuSync -> DJI FPV
430,DJI FPV,0,1,8,Pro-OFDM -> OcuSync -> DJI FPV
431,DJI FPV,0,1,8,Pro-OFDM -> OcuSync -> DJI FPV
432,DJI FPV,0,1,8,Pro-OFDM -> OcuSync -> DJI FPV
433,DJI FPV,0,1,8,Pro-OFDM -> OcuSync -> DJI FPV
434,DJI FPV,0,1,8,Pro-OFDM -> OcuSync -> DJI FPV
435,DJI FPV,0,1,8,Pro-OFDM -> OcuSync -> DJI FPV
436,DJI FPV,0,1,8,Pro-OFDM -> OcuSync -> DJI FPV
437,DJI FPV,0,1,8,Pro-OFDM -> OcuSync -> DJI FPV
438,DJI FPV,0,1,8,Pro-OFDM -> OcuSync -> DJI FPV
439,DJI FPV,0,1,8,Pro-OFDM -> OcuSync -> DJI FPV
440,DJI FPV,0,1,8,Pro-OFDM -> OcuSync -> DJI FPV
441,DJI FPV,0,1,8,Pro-OFDM -> OcuSync -> DJI FPV
442,DJI FPV,0,1,8,Pro-OFDM -> OcuSync -> DJI FPV
443,DJI FPV,0,1,8,Pro-OFDM -> OcuSync -> DJI FPV
444,DJI FPV,0,1,8,Pro-OFDM -> OcuSync -> DJI FPV
445,DJI FPV,0,1,8,Pro-OFDM -> OcuSync -> DJI FPV
446,DJI FPV,0,1,8,Pro-OFDM -> OcuSync -> DJI FPV
447,DJI FPV,0,1,8,Pro-OFDM -> OcuSync -> DJI FPV
448,DJI FPV,0,1,8,Pro-OFDM -> OcuSync -> DJI FPV
449,DJI FPV,0,1,8,Pro-OFDM -> OcuSync -> DJI FPV
450,DJI FPV,0,1,8,Pro-OFDM -> OcuSync -> DJI FPV
451,DJI FPV,0,1,8,Pro-OFDM -> OcuSync -> DJI FPV
452,DJI FPV,0,1,8,Pro-OFDM -> OcuSync -> DJI FPV
453,DJI FPV,0,1,8,Pro-OFDM -> OcuSync -> DJI FPV
454,DJI FPV,0,1,8,Pro-OFDM -> OcuSync -> DJI FPV
455,DJI FPV,0,1,8,Pro-OFDM -> OcuSync -> DJI FPV
456,DJI FPV,0,1,8,Pro-OFDM -> OcuSync -> DJI FPV
457,DJI FPV,0,1,8,Pro-OFDM -> OcuSync -> DJI FPV
458,DJI FPV,0,1,8,Pro-OFDM -> OcuSync -> DJI FPV
459,DJI FPV,0,1,8,Pro-OFDM -> OcuSync -> DJI FPV
460,DJI FPV,0,1,8,Pro-OFDM -> OcuSync -> DJI FPV
461,DJI FPV,0,1,8,Pro-OFDM -> OcuSync -> DJI FPV
462,DJI FPV,0,1,8,Pro-OFDM -> OcuSync -> DJI FPV
463,DJI FPV,0,1,8,Pro-OFDM -> OcuSync -> DJI FPV
464,DJI FPV,0,1,8,Pro-OFDM -> OcuSync -> DJI FPV
465,DJI FPV,0,1,8,Pro-OFDM -> OcuSync -> DJI FPV
466,DJI FPV,0,1,8,Pro-OFDM -> OcuSync -> DJI FPV
467,DJI FPV,0,1,8,Pro-OFDM -> OcuSync -> DJI FPV
468,DJI FPV,0,1,8,Pro-OFDM -> OcuSync -> DJI FPV
469,DJI FPV,0,1,8,Pro-OFDM -> OcuSync -> DJI FPV
470,DJI FPV,0,1,8,Pro-OFDM -> OcuSync -> DJI FPV
471,DJI FPV,0,1,8,Pro-OFDM -> OcuSync -> DJI FPV
472,DJI FPV,0,1,8,Pro-OFDM -> OcuSync -> DJI FPV
473,DJI FPV,0,1,8,Pro-OFDM -> OcuSync -> DJI FPV
474,DJI FPV,0,1,8,Pro-OFDM -> OcuSync -> DJI FPV
475,DJI FPV,0,1,8,Pro-OFDM -> OcuSync -> DJI FPV
476,DJI FPV,0,1,8,Pro-OFDM -> OcuSync -> DJI FPV
477,DJI FPV,0,1,8,Pro-OFDM -> OcuSync -> DJI FPV
478,DJI FPV,0,1,8,Pro-OFDM -> OcuSync -> DJI FPV
479,DJI FPV,0,1,8,Pro-OFDM -> OcuSync -> DJI FPV
480,DJI FPV,0,1,8,Pro-OFDM -> OcuSync -> DJI FPV
481,DJI FPV,0,1,8,Pro-OFDM -> OcuSync -> DJI FPV
482,DJI FPV,0,1,8,Pro-OFDM -> OcuSync -> DJI FPV
483,DJI FPV,0,1,8,Pro-OFDM -> OcuSync -> DJI FPV
484,DJI FPV,0,1,8,Pro-OFDM -> OcuSync -> DJI FPV
485,DJI FPV,0,1,8,Pro-OFDM -> OcuSync -> DJI FPV
486,DJI FPV,0,1,8,Pro-OFDM -> OcuSync -> DJI FPV
487,DJI FPV,0,1,8,Pro-OFDM -> OcuSync -> DJI FPV
488,DJI FPV,0,1,8,Pro-OFDM -> OcuSync -> DJI FPV
489,DJI FPV,0,1,8,Pro-OFDM -> OcuSync -> DJI FPV
490,DJI FPV,0,1,8,Pro-OFDM -> OcuSync -> DJI FPV
491,DJI FPV,0,1,8,Pro-OFDM -> OcuSync -> DJI FPV
492,DJI FPV,0,1,8,Pro-OFDM -> OcuSync -> DJI FPV
493,DJI FPV,0,1,8,Pro-OFDM -> OcuSync -> DJI FPV
494,DJI FPV,0,1,8,Pro-OFDM -> OcuSync -> DJI FPV
495,DJI FPV,0,1,8,Pro-OFDM -> OcuSync -> DJI FPV
496,DJI FPV,0,1,8,Pro-OFDM -> OcuSync -> DJI FPV
497,DJI FPV,0,1,8,Pro-OFDM -> OcuSync -> DJI FPV
498,DJI FPV,0,1,8,Pro-OFDM -> OcuSync -> DJI FPV
499,DJI FPV,0,1,8,Pro-OFDM -> OcuSync -> DJI FPV
500,DJI FPV,0,1,8,Pro-OFDM -> OcuSync -> DJI FPV
501,DJI FPV,0,1,8,Pro-OFDM -> OcuSync -> DJI FPV
502,DJI FPV,0,1,8,Pro-OFDM -> OcuSync -> DJI FPV
503,DJI Inspire 1,0,0,0,Pro-OFDM -> Lightbridge -> DJI Inspire 1
504,DJI Inspire 1,0,0,0,Pro-OFDM -> Lightbridge -> DJI Inspire 1
505,DJI Inspire 1,0,0,0,Pro-OFDM -> Lightbridge -> DJI Inspire 1
506,DJI Inspire 1,0,0,0,Pro-OFDM -> Lightbridge -> DJI Inspire 1
507,DJI Inspire 1,0,0,0,Pro-OFDM -> Lightbridge -> DJI Inspire 1
508,DJI Inspire 1,0,0,0,Pro-OFDM -> Lightbridge -> DJI Inspire 1
509,DJI Inspire 1,0,0,0,Pro-OFDM -> Lightbridge -> DJI Inspire 1
510,DJI Inspire 1,0,0,0,Pro-OFDM -> Lightbridge -> DJI Inspire 1
511,DJI Inspire 1,0,0,0,Pro-OFDM -> Lightbridge -> DJI Inspire 1
512,DJI Inspire 1,0,0,0,Pro-OFDM -> Lightbridge -> DJI Inspire 1
513,DJI Inspire 1,0,0,0,Pro-OFDM -> Lightbridge -> DJI Inspire 1
514,DJI Inspire 1,0,0,0,Pro-OFDM -> Lightbridge -> DJI Inspire 1
515,DJI Inspire 1,0,0,0,Pro-OFDM -> Lightbridge -> DJI Inspire 1
516,DJI Inspire 1,0,0,0,Pro-OFDM -> Lightbridge -> DJI Inspire 1
517,DJI Inspire 1,0,0,0,Pro-OFDM -> Lightbridge -> DJI Inspire 1
518,DJI Inspire 1,0,0,0,Pro-OFDM -> Lightbridge -> DJI Inspire 1
519,DJI Inspire 1,0,0,0,Pro-OFDM -> Lightbridge -> DJI Inspire 1
520,DJI Inspire 1,0,0,0,Pro-OFDM -> Lightbridge -> DJI Inspire 1
521,DJI Inspire 1,0,0,0,Pro-OFDM -> Lightbridge -> DJI Inspire 1
522,DJI Inspire 1,0,0,0,Pro-OFDM -> Lightbridge -> DJI Inspire 1
523,DJI Inspire 1,0,0,0,Pro-OFDM -> Lightbridge -> DJI Inspire 1
524,DJI Inspire 1,0,0,0,Pro-OFDM -> Lightbridge -> DJI Inspire 1
525,DJI Inspire 1,0,0,0,Pro-OFDM -> Lightbridge -> DJI Inspire 1
526,DJI Inspire 1,0,0,0,Pro-OFDM -> Lightbridge -> DJI Inspire 1
527,DJI Inspire 1,0,0,0,Pro-OFDM -> Lightbridge -> DJI Inspire 1
528,DJI Inspire 1,0,0,0,Pro-OFDM -> Lightbridge -> DJI Inspire 1
529,DJI Inspire 1,0,0,0,Pro-OFDM -> Lightbridge -> DJI Inspire 1
530,DJI Inspire 1,0,0,0,Pro-OFDM -> Lightbridge -> DJI Inspire 1
531,DJI Inspire 1,0,0,0,Pro-OFDM -> Lightbridge -> DJI Inspire 1
532,DJI Inspire 1,0,0,0,Pro-OFDM -> Lightbridge -> DJI Inspire 1
533,DJI Inspire 1,0,0,0,Pro-OFDM -> Lightbridge -> DJI Inspire 1
534,DJI Inspire 1,0,0,0,Pro-OFDM -> Lightbridge -> DJI Inspire 1
535,DJI Inspire 1,0,0,0,Pro-OFDM -> Lightbridge -> DJI Inspire 1
536,DJI Inspire 1,0,0,0,Pro-OFDM -> Lightbridge -> DJI Inspire 1
537,DJI Inspire 1,0,0,0,Pro-OFDM -> Lightbridge -> DJI Inspire 1
538,DJI Inspire 1,0,0,0,Pro-OFDM -> Lightbridge -> DJI Inspire 1
539,DJI Inspire 1,0,0,0,Pro-OFDM -> Lightbridge -> DJI Inspire 1
540,DJI Inspire 1,0,0,0,Pro-OFDM -> Lightbridge -> DJI Inspire 1
541,DJI Inspire 1,0,0,0,Pro-OFDM -> Lightbridge -> DJI Inspire 1
542,DJI Inspire 1,0,0,0,Pro-OFDM -> Lightbridge -> DJI Inspire 1
543,DJI Inspire 1,0,0,0,Pro-OFDM -> Lightbridge -> DJI Inspire 1
544,DJI Inspire 1,0,0,0,Pro-OFDM -> Lightbridge -> DJI Inspire 1
545,DJI Inspire 1,0,0,0,Pro-OFDM -> Lightbridge -> DJI Inspire 1
546,DJI Inspire 1,0,0,0,Pro-OFDM -> Lightbridge -> DJI Inspire 1
547,DJI Inspire 1,0,0,0,Pro-OFDM -> Lightbridge -> DJI Inspire 1
548,DJI Inspire 1,0,0,0,Pro-OFDM -> Lightbridge -> DJI Inspire 1
549,DJI Inspire 1,0,0,0,Pro-OFDM -> Lightbridge -> DJI Inspire 1
550,DJI Inspire 1,0,0,0,Pro-OFDM -> Lightbridge -> DJI Inspire 1
551,DJI Inspire 1,0,0,0,Pro-OFDM -> Lightbridge -> DJI Inspire 1
552,DJI Inspire 1,0,0,0,Pro-OFDM -> Lightbridge -> DJI Inspire 1
553,DJI Inspire 1,0,0,0,Pro-OFDM -> Lightbridge -> DJI Inspire 1
554,DJI Inspire 1,0,0,0,Pro-OFDM -> Lightbridge -> DJI Inspire 1
555,DJI Inspire 1,0,0,0,Pro-OFDM -> Lightbridge -> DJI Inspire 1
556,DJI Inspire 1,0,0,0,Pro-OFDM -> Lightbridge -> DJI Inspire 1
557,DJI Inspire 1,0,0,0,Pro-OFDM -> Lightbridge -> DJI Inspire 1
558,DJI Inspire 1,0,0,0,Pro-OFDM -> Lightbridge -> DJI Inspire 1
559,DJI Inspire 1,0,0,0,Pro-OFDM -> Lightbridge -> DJI Inspire 1
560,DJI Inspire 1,0,0,0,Pro-OFDM -> Lightbridge -> DJI Inspire 1
561,DJI Inspire 1,0,0,0,Pro-OFDM -> Lightbridge -> DJI Inspire 1
562,DJI Inspire 1,0,0,0,Pro-OFDM -> Lightbridge -> DJI Inspire 1
563,DJI Inspire 1,0,0,0,Pro-OFDM -> Lightbridge -> DJI Inspire 1
564,DJI Inspire 1,0,0,0,Pro-OFDM -> Lightbridge -> DJI Inspire 1
565,DJI Inspire 1,0,0,0,Pro-OFDM -> Lightbridge -> DJI Inspire 1
566,DJI Inspire 1,0,0,0,Pro-OFDM -> Lightbridge -> DJI Inspire 1
567,DJI Inspire 1,0,0,0,Pro-OFDM -> Lightbridge -> DJI Inspire 1
568,DJI Inspire 1,0,0,0,Pro-OFDM -> Lightbridge -> DJI Inspire 1
569,DJI Inspire 1,0,0,0,Pro-OFDM -> Lightbridge -> DJI Inspire 1
570,DJI Inspire 1,0,0,0,Pro-OFDM -> Lightbridge -> DJI Inspire 1
571,DJI Inspire 1,0,0,0,Pro-OFDM -> Lightbridge -> DJI Inspire 1
572,DJI Inspire 1,0,0,0,Pro-OFDM -> Lightbridge -> DJI Inspire 1
573,DJI Inspire 1,0,0,0,Pro-OFDM -> Lightbridge -> DJI Inspire 1
574,DJI Inspire 1,0,0,0,Pro-OFDM -> Lightbridge -> DJI Inspire 1
575,DJI Inspire 1,0,0,0,Pro-OFDM -> Lightbridge -> DJI Inspire 1
576,DJI Inspire 1,0,0,0,Pro-OFDM -> Lightbridge -> DJI Inspire 1
577,DJI Inspire 1,0,0,0,Pro-OFDM -> Lightbridge -> DJI Inspire 1
578,DJI Inspire 1,0,0,0,Pro-OFDM -> Lightbridge -> DJI Inspire 1
579,DJI Inspire 1,0,0,0,Pro-OFDM -> Lightbridge -> DJI Inspire 1
580,DJI Inspire 1,0,0,0,Pro-OFDM -> Lightbridge -> DJI Inspire 1
581,DJI Inspire 1,0,0,0,Pro-OFDM -> Lightbridge -> DJI Inspire 1
582,DJI Inspire 1,0,0,0,Pro-OFDM -> Lightbridge -> DJI Inspire 1
583,DJI Inspire 1,0,0,0,Pro-OFDM -> Lightbridge -> DJI Inspire 1
584,DJI Inspire 1,0,0,0,Pro-OFDM -> Lightbridge -> DJI Inspire 1
585,DJI Inspire 1,0,0,0,Pro-OFDM -> Lightbridge -> DJI Inspire 1
586,DJI Inspire 1,0,0,0,Pro-OFDM -> Lightbridge -> DJI Inspire 1
587,DJI Inspire 1,0,0,0,Pro-OFDM -> Lightbridge -> DJI Inspire 1
588,DJI Inspire 1,0,0,0,Pro-OFDM -> Lightbridge -> DJI Inspire 1
589,DJI Inspire 1,0,0,0,Pro-OFDM -> Lightbridge -> DJI Inspire 1
590,DJI Inspire 1,0,0,0,Pro-OFDM -> Lightbridge -> DJI Inspire 1
591,DJI Inspire 1,0,0,0,Pro-OFDM -> Lightbridge -> DJI Inspire 1
592,DJI Inspire 1,0,0,0,Pro-OFDM -> Lightbridge -> DJI Inspire 1
593,DJI Inspire 1,0,0,0,Pro-OFDM -> Lightbridge -> DJI Inspire 1
594,DJI Inspire 1,0,0,0,Pro-OFDM -> Lightbridge -> DJI Inspire 1
595,DJI Inspire 1,0,0,0,Pro-OFDM -> Lightbridge -> DJI Inspire 1
596,DJI Inspire 1,0,0,0,Pro-OFDM -> Lightbridge -> DJI Inspire 1
597,DJI Inspire 1,0,0,0,Pro-OFDM -> Lightbridge -> DJI Inspire 1
598,DJI Inspire 1,0,0,0,Pro-OFDM -> Lightbridge -> DJI Inspire 1
599,DJI Inspire 1,0,0,0,Pro-OFDM -> Lightbridge -> DJI Inspire 1
600,DJI Inspire 1,0,0,0,Pro-OFDM -> Lightbridge -> DJI Inspire 1
601,DJI Inspire 1,0,0,0,Pro-OFDM -> Lightbridge -> DJI Inspire 1
602,DJI Inspire 1,0,0,0,Pro-OFDM -> Lightbridge -> DJI Inspire 1
603,DJI Inspire 1,0,0,0,Pro-OFDM -> Lightbridge -> DJI Inspire 1
604,DJI Inspire 1,0,0,0,Pro-OFDM -> Lightbridge -> DJI Inspire 1
605,DJI Inspire 1,0,0,0,Pro-OFDM -> Lightbridge -> DJI Inspire 1
606,DJI Inspire 1,0,0,0,Pro-OFDM -> Lightbridge -> DJI Inspire 1
607,DJI Inspire 1,0,0,0,Pro-OFDM -> Lightbridge -> DJI Inspire 1
608,DJI Inspire 1,0,0,0,Pro-OFDM -> Lightbridge -> DJI Inspire 1
609,DJI Inspire 1,0,0,0,Pro-OFDM -> Lightbridge -> DJI Inspire 1
610,DJI Inspire 1,0,0,0,Pro-OFDM -> Lightbridge -> DJI Inspire 1
611,DJI Inspire 1,0,0,0,Pro-OFDM -> Lightbridge -> DJI Inspire 1
612,DJI Inspire 1,0,0,0,Pro-OFDM -> Lightbridge -> DJI Inspire 1
613,DJI Inspire 1,0,0,0,Pro-OFDM -> Lightbridge -> DJI Inspire 1
614,DJI Inspire 1,0,0,0,Pro-OFDM -> Lightbridge -> DJI Inspire 1
615,DJI Inspire 1,0,0,0,Pro-OFDM -> Lightbridge -> DJI Inspire 1
616,DJI Inspire 1,0,0,0,Pro-OFDM -> Lightbridge -> DJI Inspire 1
617,DJI Inspire 1,0,0,0,Pro-OFDM -> Lightbridge -> DJI Inspire 1
618,DJI Inspire 1,0,0,0,Pro-OFDM -> Lightbridge -> DJI Inspire 1
619,DJI Inspire 1,0,0,0,Pro-OFDM -> Lightbridge -> DJI Inspire 1
620,DJI Inspire 1,0,0,0,Pro-OFDM -> Lightbridge -> DJI Inspire 1
621,DJI Inspire 1,0,0,0,Pro-OFDM -> Lightbridge -> DJI Inspire 1
622,DJI Inspire 1,0,0,0,Pro-OFDM -> Lightbridge -> DJI Inspire 1
623,DJI Inspire 1,0,0,0,Pro-OFDM -> Lightbridge -> DJI Inspire 1
624,DJI Inspire 1,0,0,0,Pro-OFDM -> Lightbridge -> DJI Inspire 1
625,DJI Inspire 1,0,0,0,Pro-OFDM -> Lightbridge -> DJI Inspire 1
626,DJI Inspire 1,0,0,0,Pro-OFDM -> Lightbridge -> DJI Inspire 1
627,DJI Inspire 1,0,0,0,Pro-OFDM -> Lightbridge -> DJI Inspire 1
628,DJI Inspire 1,0,0,0,Pro-OFDM -> Lightbridge -> DJI Inspire 1
629,DJI Inspire 1,0,0,0,Pro-OFDM -> Lightbridge -> DJI Inspire 1
630,DJI Inspire 1,0,0,0,Pro-OFDM -> Lightbridge -> DJI Inspire 1
631,DJI Inspire 1,0,0,0,Pro-OFDM -> Lightbridge -> DJI Inspire 1
632,DJI Inspire 1,0,0,0,Pro-OFDM -> Lightbridge -> DJI Inspire 1
633,DJI Inspire 1,0,0,0,Pro-OFDM -> Lightbridge -> DJI Inspire 1
634,DJI Inspire 1,0,0,0,Pro-OFDM -> Lightbridge -> DJI Inspire 1
635,DJI Inspire 1,0,0,0,Pro-OFDM -> Lightbridge -> DJI Inspire 1
636,DJI Inspire 1,0,0,0,Pro-OFDM -> Lightbridge -> DJI Inspire 1
637,DJI Inspire 1,0,0,0,Pro-OFDM -> Lightbridge -> DJI Inspire 1
638,DJI Inspire 1,0,0,0,Pro-OFDM -> Lightbridge -> DJI Inspire 1
639,DJI Inspire 1,0,0,0,Pro-OFDM -> Lightbridge -> DJI Inspire 1
640,DJI Inspire 1,0,0,0,Pro-OFDM -> Lightbridge -> DJI Inspire 1
641,DJI Inspire 1,0,0,0,Pro-OFDM -> Lightbridge -> DJI Inspire 1
642,DJI Inspire 1,0,0,0,Pro-OFDM -> Lightbridge -> DJI Inspire 1
643,DJI Inspire 1,0,0,0,Pro-OFDM -> Lightbridge -> DJI Inspire 1
644,DJI Inspire 1,0,0,0,Pro-OFDM -> Lightbridge -> DJI Inspire 1
645,DJI Inspire 1,0,0,0,Pro-OFDM -> Lightbridge -> DJI Inspire 1
646,DJI Inspire 1,0,0,0,Pro-OFDM -> Lightbridge -> DJI Inspire 1
647,DJI Inspire 1,0,0,0,Pro-OFDM -> Lightbridge -> DJI Inspire 1
648,DJI Inspire 1,0,0,0,Pro-OFDM -> Lightbridge -> DJI Inspire 1
649,DJI Inspire 1,0,0,0,Pro-OFDM -> Lightbridge -> DJI Inspire 1
650,DJI Inspire 1,0,0,0,Pro-OFDM -> Lightbridge -> DJI Inspire 1
651,DJI Inspire 1,0,0,0,Pro-OFDM -> Lightbridge -> DJI Inspire 1
652,DJI Inspire 1,0,0,0,Pro-OFDM -> Lightbridge -> DJI Inspire 1
653,DJI Inspire 1,0,0,0,Pro-OFDM -> Lightbridge -> DJI Inspire 1
654,DJI Inspire 1,0,0,0,Pro-OFDM -> Lightbridge -> DJI Inspire 1
655,DJI Inspire 1,0,0,0,Pro-OFDM -> Lightbridge -> DJI Inspire 1
656,DJI Inspire 1,0,0,0,Pro-OFDM -> Lightbridge -> DJI Inspire 1
657,DJI Inspire 1,0,0,0,Pro-OFDM -> Lightbridge -> DJI Inspire 1
658,DJI Inspire 1,0,0,0,Pro-OFDM -> Lightbridge -> DJI Inspire 1
659,DJI Inspire 1,0,0,0,Pro-OFDM -> Lightbridge -> DJI Inspire 1
660,DJI Inspire 1,0,0,0,Pro-OFDM -> Lightbridge -> DJI Inspire 1
661,DJI Inspire 1,0,0,0,Pro-OFDM -> Lightbridge -> DJI Inspire 1
662,DJI Inspire 1,0,0,0,Pro-OFDM -> Lightbridge -> DJI Inspire 1
663,DJI Inspire 1,0,0,0,Pro-OFDM -> Lightbridge -> DJI Inspire 1
664,DJI Inspire 1,0,0,0,Pro-OFDM -> Lightbridge -> DJI Inspire 1
665,DJI Inspire 1,0,0,0,Pro-OFDM -> Lightbridge -> DJI Inspire 1
666,DJI Inspire 1,0,0,0,Pro-OFDM -> Lightbridge -> DJI Inspire 1
667,DJI Mavic 2 Pro,0,1,2,Pro-OFDM -> OcuSync -> DJI Mavic 2 Pro
668,DJI Mavic 2 Pro,0,1,2,Pro-OFDM -> OcuSync -> DJI Mavic 2 Pro
669,DJI Mavic 2 Pro,0,1,2,Pro-OFDM -> OcuSync -> DJI Mavic 2 Pro
670,DJI Mavic 2 Pro,0,1,2,Pro-OFDM -> OcuSync -> DJI Mavic 2 Pro
671,DJI Mavic 2 Pro,0,1,2,Pro-OFDM -> OcuSync -> DJI Mavic 2 Pro
672,DJI Mavic 2 Pro,0,1,2,Pro-OFDM -> OcuSync -> DJI Mavic 2 Pro
673,DJI Mavic 2 Pro,0,1,2,Pro-OFDM -> OcuSync -> DJI Mavic 2 Pro
674,DJI Mavic 2 Pro,0,1,2,Pro-OFDM -> OcuSync -> DJI Mavic 2 Pro
675,DJI Mavic 2 Pro,0,1,2,Pro-OFDM -> OcuSync -> DJI Mavic 2 Pro
676,DJI Mavic 2 Pro,0,1,2,Pro-OFDM -> OcuSync -> DJI Mavic 2 Pro
677,DJI Mavic 2 Pro,0,1,2,Pro-OFDM -> OcuSync -> DJI Mavic 2 Pro
678,DJI Mavic 2 Pro,0,1,2,Pro-OFDM -> OcuSync -> DJI Mavic 2 Pro
679,DJI Mavic 2 Pro,0,1,2,Pro-OFDM -> OcuSync -> DJI Mavic 2 Pro
680,DJI Mavic 2 Pro,0,1,2,Pro-OFDM -> OcuSync -> DJI Mavic 2 Pro
681,DJI Mavic 2 Pro,0,1,2,Pro-OFDM -> OcuSync -> DJI Mavic 2 Pro
682,DJI Mavic 2 Pro,0,1,2,Pro-OFDM -> OcuSync -> DJI Mavic 2 Pro
683,DJI Mavic 2 Pro,0,1,2,Pro-OFDM -> OcuSync -> DJI Mavic 2 Pro
684,DJI Mavic 2 Pro,0,1,2,Pro-OFDM -> OcuSync -> DJI Mavic 2 Pro
685,DJI Mavic 2 Pro,0,1,2,Pro-OFDM -> OcuSync -> DJI Mavic 2 Pro
686,DJI Mavic 2 Pro,0,1,2,Pro-OFDM -> OcuSync -> DJI Mavic 2 Pro
687,DJI Mavic 2 Pro,0,1,2,Pro-OFDM -> OcuSync -> DJI Mavic 2 Pro
688,DJI Mavic 2 Pro,0,1,2,Pro-OFDM -> OcuSync -> DJI Mavic 2 Pro
689,DJI Mavic 2 Pro,0,1,2,Pro-OFDM -> OcuSync -> DJI Mavic 2 Pro
690,DJI Mavic 2 Pro,0,1,2,Pro-OFDM -> OcuSync -> DJI Mavic 2 Pro
691,DJI Mavic 2 Pro,0,1,2,Pro-OFDM -> OcuSync -> DJI Mavic 2 Pro
692,DJI Mavic 2 Pro,0,1,2,Pro-OFDM -> OcuSync -> DJI Mavic 2 Pro
693,DJI Mavic 2 Pro,0,1,2,Pro-OFDM -> OcuSync -> DJI Mavic 2 Pro
694,DJI Mavic 2 Pro,0,1,2,Pro-OFDM -> OcuSync -> DJI Mavic 2 Pro
695,DJI Mavic 2 Pro,0,1,2,Pro-OFDM -> OcuSync -> DJI Mavic 2 Pro
696,DJI Mavic 2 Pro,0,1,2,Pro-OFDM -> OcuSync -> DJI Mavic 2 Pro
697,DJI Mavic 2 Pro,0,1,2,Pro-OFDM -> OcuSync -> DJI Mavic 2 Pro
698,DJI Mavic 2 Pro,0,1,2,Pro-OFDM -> OcuSync -> DJI Mavic 2 Pro
699,DJI Mavic 2 Pro,0,1,2,Pro-OFDM -> OcuSync -> DJI Mavic 2 Pro
700,DJI Mavic 2 Pro,0,1,2,Pro-OFDM -> OcuSync -> DJI Mavic 2 Pro
701,DJI Mavic 2 Pro,0,1,2,Pro-OFDM -> OcuSync -> DJI Mavic 2 Pro
702,DJI Mavic 2 Pro,0,1,2,Pro-OFDM -> OcuSync -> DJI Mavic 2 Pro
703,DJI Mavic 2 Pro,0,1,2,Pro-OFDM -> OcuSync -> DJI Mavic 2 Pro
704,DJI Mavic 2 Pro,0,1,2,Pro-OFDM -> OcuSync -> DJI Mavic 2 Pro
705,DJI Mavic 2 Pro,0,1,2,Pro-OFDM -> OcuSync -> DJI Mavic 2 Pro
706,DJI Mavic 2 Pro,0,1,2,Pro-OFDM -> OcuSync -> DJI Mavic 2 Pro
707,DJI Mavic 2 Pro,0,1,2,Pro-OFDM -> OcuSync -> DJI Mavic 2 Pro
708,DJI Mavic 2 Pro,0,1,2,Pro-OFDM -> OcuSync -> DJI Mavic 2 Pro
709,DJI Mavic 2 Pro,0,1,2,Pro-OFDM -> OcuSync -> DJI Mavic 2 Pro
710,DJI Mavic 2 Pro,0,1,2,Pro-OFDM -> OcuSync -> DJI Mavic 2 Pro
711,DJI Mavic 2 Pro,0,1,2,Pro-OFDM -> OcuSync -> DJI Mavic 2 Pro
712,DJI Mavic 2 Pro,0,1,2,Pro-OFDM -> OcuSync -> DJI Mavic 2 Pro
713,DJI Mavic 2 Pro,0,1,2,Pro-OFDM -> OcuSync -> DJI Mavic 2 Pro
714,DJI Mavic 2 Pro,0,1,2,Pro-OFDM -> OcuSync -> DJI Mavic 2 Pro
715,DJI Mavic 2 Pro,0,1,2,Pro-OFDM -> OcuSync -> DJI Mavic 2 Pro
716,DJI Mavic 2 Pro,0,1,2,Pro-OFDM -> OcuSync -> DJI Mavic 2 Pro
717,DJI Mavic 2 Pro,0,1,2,Pro-OFDM -> OcuSync -> DJI Mavic 2 Pro
718,DJI Mavic 2 Pro,0,1,2,Pro-OFDM -> OcuSync -> DJI Mavic 2 Pro
719,DJI Mavic 2 Pro,0,1,2,Pro-OFDM -> OcuSync -> DJI Mavic 2 Pro
720,DJI Mavic 2 Pro,0,1,2,Pro-OFDM -> OcuSync -> DJI Mavic 2 Pro
721,DJI Mavic 2 Pro,0,1,2,Pro-OFDM -> OcuSync -> DJI Mavic 2 Pro
722,DJI Mavic 2 Pro,0,1,2,Pro-OFDM -> OcuSync -> DJI Mavic 2 Pro
723,DJI Mavic 2 Pro,0,1,2,Pro-OFDM -> OcuSync -> DJI Mavic 2 Pro
724,DJI Mavic 2 Pro,0,1,2,Pro-OFDM -> OcuSync -> DJI Mavic 2 Pro
725,DJI Mavic 2 Pro,0,1,2,Pro-OFDM -> OcuSync -> DJI Mavic 2 Pro
726,DJI Mavic 2 Pro,0,1,2,Pro-OFDM -> OcuSync -> DJI Mavic 2 Pro
727,DJI Mavic 2 Pro,0,1,2,Pro-OFDM -> OcuSync -> DJI Mavic 2 Pro
728,DJI Mavic 2 Pro,0,1,2,Pro-OFDM -> OcuSync -> DJI Mavic 2 Pro
729,DJI Mavic 2 Pro,0,1,2,Pro-OFDM -> OcuSync -> DJI Mavic 2 Pro
730,DJI Mavic 2 Pro,0,1,2,Pro-OFDM -> OcuSync -> DJI Mavic 2 Pro
731,DJI Mavic 2 Pro,0,1,2,Pro-OFDM -> OcuSync -> DJI Mavic 2 Pro
732,DJI Mavic 2 Pro,0,1,2,Pro-OFDM -> OcuSync -> DJI Mavic 2 Pro
733,DJI Mavic 2 Pro,0,1,2,Pro-OFDM -> OcuSync -> DJI Mavic 2 Pro
734,DJI Mavic 2 Pro,0,1,2,Pro-OFDM -> OcuSync -> DJI Mavic 2 Pro
735,DJI Mavic 2 Pro,0,1,2,Pro-OFDM -> OcuSync -> DJI Mavic 2 Pro
736,DJI Mavic 2 Pro,0,1,2,Pro-OFDM -> OcuSync -> DJI Mavic 2 Pro
737,DJI Mavic 2 Pro,0,1,2,Pro-OFDM -> OcuSync -> DJI Mavic 2 Pro
738,DJI Mavic 2 Pro,0,1,2,Pro-OFDM -> OcuSync -> DJI Mavic 2 Pro
739,DJI Mavic 2 Pro,0,1,2,Pro-OFDM -> OcuSync -> DJI Mavic 2 Pro
740,DJI Mavic 2 Pro,0,1,2,Pro-OFDM -> OcuSync -> DJI Mavic 2 Pro
741,DJI Mavic 2 Pro,0,1,2,Pro-OFDM -> OcuSync -> DJI Mavic 2 Pro
742,DJI Mavic 2 Pro,0,1,2,Pro-OFDM -> OcuSync -> DJI Mavic 2 Pro
743,DJI Mavic 2 Pro,0,1,2,Pro-OFDM -> OcuSync -> DJI Mavic 2 Pro
744,DJI Mavic 2 Pro,0,1,2,Pro-OFDM -> OcuSync -> DJI Mavic 2 Pro
745,DJI Mavic 2 Pro,0,1,2,Pro-OFDM -> OcuSync -> DJI Mavic 2 Pro
746,DJI Mavic 2 Pro,0,1,2,Pro-OFDM -> OcuSync -> DJI Mavic 2 Pro
747,DJI Mavic 2 Pro,0,1,2,Pro-OFDM -> OcuSync -> DJI Mavic 2 Pro
748,DJI Mavic 2 Pro,0,1,2,Pro-OFDM -> OcuSync -> DJI Mavic 2 Pro
749,DJI Mavic 2 Pro,0,1,2,Pro-OFDM -> OcuSync -> DJI Mavic 2 Pro
750,DJI Mavic 2 Pro,0,1,2,Pro-OFDM -> OcuSync -> DJI Mavic 2 Pro
751,DJI Mavic 2 Pro,0,1,2,Pro-OFDM -> OcuSync -> DJI Mavic 2 Pro
752,DJI Mavic 2 Pro,0,1,2,Pro-OFDM -> OcuSync -> DJI Mavic 2 Pro
753,DJI Mavic 2 Pro,0,1,2,Pro-OFDM -> OcuSync -> DJI Mavic 2 Pro
754,DJI Mavic 2 Pro,0,1,2,Pro-OFDM -> OcuSync -> DJI Mavic 2 Pro
755,DJI Mavic 2 Pro,0,1,2,Pro-OFDM -> OcuSync -> DJI Mavic 2 Pro
756,DJI Mavic 2 Pro,0,1,2,Pro-OFDM -> OcuSync -> DJI Mavic 2 Pro
757,DJI Mavic 2 Pro,0,1,2,Pro-OFDM -> OcuSync -> DJI Mavic 2 Pro
758,DJI Mavic 2 Pro,0,1,2,Pro-OFDM -> OcuSync -> DJI Mavic 2 Pro
759,DJI Mavic 2 Pro,0,1,2,Pro-OFDM -> OcuSync -> DJI Mavic 2 Pro
760,DJI Mavic 2 Pro,0,1,2,Pro-OFDM -> OcuSync -> DJI Mavic 2 Pro
761,DJI Mavic 2 Pro,0,1,2,Pro-OFDM -> OcuSync -> DJI Mavic 2 Pro
762,DJI Mavic 2 Pro,0,1,2,Pro-OFDM -> OcuSync -> DJI Mavic 2 Pro
763,DJI Mavic 2 Pro,0,1,2,Pro-OFDM -> OcuSync -> DJI Mavic 2 Pro
764,DJI Mavic 2 Pro,0,1,2,Pro-OFDM -> OcuSync -> DJI Mavic 2 Pro
765,DJI Mavic 2 Pro,0,1,2,Pro-OFDM -> OcuSync -> DJI Mavic 2 Pro
766,DJI Mavic 2 Pro,0,1,2,Pro-OFDM -> OcuSync -> DJI Mavic 2 Pro
767,DJI Mavic 2 Pro,0,1,2,Pro-OFDM -> OcuSync -> DJI Mavic 2 Pro
768,DJI Mavic 2 Pro,0,1,2,Pro-OFDM -> OcuSync -> DJI Mavic 2 Pro
769,DJI Mavic 2 Pro,0,1,2,Pro-OFDM -> OcuSync -> DJI Mavic 2 Pro
770,DJI Mavic 2 Pro,0,1,2,Pro-OFDM -> OcuSync -> DJI Mavic 2 Pro
771,DJI Mavic 2 Pro,0,1,2,Pro-OFDM -> OcuSync -> DJI Mavic 2 Pro
772,DJI Mavic 2 Pro,0,1,2,Pro-OFDM -> OcuSync -> DJI Mavic 2 Pro
773,DJI Mavic 2 Pro,0,1,2,Pro-OFDM -> OcuSync -> DJI Mavic 2 Pro
774,DJI Mavic 2 Pro,0,1,2,Pro-OFDM -> OcuSync -> DJI Mavic 2 Pro
775,DJI Mavic 2 Pro,0,1,2,Pro-OFDM -> OcuSync -> DJI Mavic 2 Pro
776,DJI Mavic 2 Pro,0,1,2,Pro-OFDM -> OcuSync -> DJI Mavic 2 Pro
777,DJI Mavic 2 Pro,0,1,2,Pro-OFDM -> OcuSync -> DJI Mavic 2 Pro
778,DJI Mavic 2 Pro,0,1,2,Pro-OFDM -> OcuSync -> DJI Mavic 2 Pro
779,DJI Mavic 2 Pro,0,1,2,Pro-OFDM -> OcuSync -> DJI Mavic 2 Pro
780,DJI Mavic 2 Pro,0,1,2,Pro-OFDM -> OcuSync -> DJI Mavic 2 Pro
781,DJI Mavic 2 Pro,0,1,2,Pro-OFDM -> OcuSync -> DJI Mavic 2 Pro
782,DJI Mavic 2 Pro,0,1,2,Pro-OFDM -> OcuSync -> DJI Mavic 2 Pro
783,DJI Mavic 2 Pro,0,1,2,Pro-OFDM -> OcuSync -> DJI Mavic 2 Pro
784,DJI Mavic 2 Pro,0,1,2,Pro-OFDM -> OcuSync -> DJI Mavic 2 Pro
785,DJI Mavic 2 Pro,0,1,2,Pro-OFDM -> OcuSync -> DJI Mavic 2 Pro
786,DJI Mavic 2 Pro,0,1,2,Pro-OFDM -> OcuSync -> DJI Mavic 2 Pro
787,DJI Mavic 2 Pro,0,1,2,Pro-OFDM -> OcuSync -> DJI Mavic 2 Pro
788,DJI Mavic 2 Pro,0,1,2,Pro-OFDM -> OcuSync -> DJI Mavic 2 Pro
789,DJI Mavic 2 Pro,0,1,2,Pro-OFDM -> OcuSync -> DJI Mavic 2 Pro
790,DJI Mavic 2 Pro,0,1,2,Pro-OFDM -> OcuSync -> DJI Mavic 2 Pro
791,DJI Mavic 2 Pro,0,1,2,Pro-OFDM -> OcuSync -> DJI Mavic 2 Pro
792,DJI Mavic 2 Pro,0,1,2,Pro-OFDM -> OcuSync -> DJI Mavic 2 Pro
793,DJI Mavic 2 Pro,0,1,2,Pro-OFDM -> OcuSync -> DJI Mavic 2 Pro
794,DJI Mavic 2 Pro,0,1,2,Pro-OFDM -> OcuSync -> DJI Mavic 2 Pro
795,DJI Mavic 2 Pro,0,1,2,Pro-OFDM -> OcuSync -> DJI Mavic 2 Pro
796,DJI Mavic 2 Pro,0,1,2,Pro-OFDM -> OcuSync -> DJI Mavic 2 Pro
797,DJI Mavic 2 Pro,0,1,2,Pro-OFDM -> OcuSync -> DJI Mavic 2 Pro
798,DJI Mavic 2 Pro,0,1,2,Pro-OFDM -> OcuSync -> DJI Mavic 2 Pro
799,DJI Mavic 2 Pro,0,1,2,Pro-OFDM -> OcuSync -> DJI Mavic 2 Pro
800,DJI Mavic 2 Pro,0,1,2,Pro-OFDM -> OcuSync -> DJI Mavic 2 Pro
801,DJI Mavic 2 Pro,0,1,2,Pro-OFDM -> OcuSync -> DJI Mavic 2 Pro
802,DJI Mavic 2 Pro,0,1,2,Pro-OFDM -> OcuSync -> DJI Mavic 2 Pro
803,DJI Mavic 2 Pro,0,1,2,Pro-OFDM -> OcuSync -> DJI Mavic 2 Pro
804,DJI Mavic 2 Pro,0,1,2,Pro-OFDM -> OcuSync -> DJI Mavic 2 Pro
805,DJI Mavic 2 Pro,0,1,2,Pro-OFDM -> OcuSync -> DJI Mavic 2 Pro
806,DJI Mavic 2 Pro,0,1,2,Pro-OFDM -> OcuSync -> DJI Mavic 2 Pro
807,DJI Mavic 2 Pro,0,1,2,Pro-OFDM -> OcuSync -> DJI Mavic 2 Pro
808,DJI Mavic 2 Pro,0,1,2,Pro-OFDM -> OcuSync -> DJI Mavic 2 Pro
809,DJI Mavic 2 Pro,0,1,2,Pro-OFDM -> OcuSync -> DJI Mavic 2 Pro
810,DJI Mavic 2 Pro,0,1,2,Pro-OFDM -> OcuSync -> DJI Mavic 2 Pro
811,DJI Mavic 2 Pro,0,1,2,Pro-OFDM -> OcuSync -> DJI Mavic 2 Pro
812,DJI Mavic 2 Pro,0,1,2,Pro-OFDM -> OcuSync -> DJI Mavic 2 Pro
813,DJI Mavic 2 Pro,0,1,2,Pro-OFDM -> OcuSync -> DJI Mavic 2 Pro
814,DJI Mavic 2 Pro,0,1,2,Pro-OFDM -> OcuSync -> DJI Mavic 2 Pro
815,DJI Mavic 2 Pro,0,1,2,Pro-OFDM -> OcuSync -> DJI Mavic 2 Pro
816,DJI Mavic 2 Pro,0,1,2,Pro-OFDM -> OcuSync -> DJI Mavic 2 Pro
817,DJI Mavic 2 Pro,0,1,2,Pro-OFDM -> OcuSync -> DJI Mavic 2 Pro
818,DJI Mavic 2 Pro,0,1,2,Pro-OFDM -> OcuSync -> DJI Mavic 2 Pro
819,DJI Mavic 2 Pro,0,1,2,Pro-OFDM -> OcuSync -> DJI Mavic 2 Pro
820,DJI Mavic 2 Pro,0,1,2,Pro-OFDM -> OcuSync -> DJI Mavic 2 Pro
821,DJI Mavic 2 Pro,0,1,2,Pro-OFDM -> OcuSync -> DJI Mavic 2 Pro
822,DJI Mavic 2 Pro,0,1,2,Pro-OFDM -> OcuSync -> DJI Mavic 2 Pro
823,DJI Mavic 2 Pro,0,1,2,Pro-OFDM -> OcuSync -> DJI Mavic 2 Pro
824,DJI Mavic 2 Pro,0,1,2,Pro-OFDM -> OcuSync -> DJI Mavic 2 Pro
825,DJI Mavic 2 Pro,0,1,2,Pro-OFDM -> OcuSync -> DJI Mavic 2 Pro
826,DJI Mavic 2 Pro,0,1,2,Pro-OFDM -> OcuSync -> DJI Mavic 2 Pro
827,DJI Mavic 2 Pro,0,1,2,Pro-OFDM -> OcuSync -> DJI Mavic 2 Pro
828,DJI Mavic 2 Pro,0,1,2,Pro-OFDM -> OcuSync -> DJI Mavic 2 Pro
829,DJI Mavic 2 Pro,0,1,2,Pro-OFDM -> OcuSync -> DJI Mavic 2 Pro
830,DJI Mavic 2 Pro,0,1,2,Pro-OFDM -> OcuSync -> DJI Mavic 2 Pro
831,DJI Mavic 2 Pro,0,1,2,Pro-OFDM -> OcuSync -> DJI Mavic 2 Pro
832,DJI Mavic 3,0,1,3,Pro-OFDM -> OcuSync -> DJI Mavic 3
833,DJI Mavic 3,0,1,3,Pro-OFDM -> OcuSync -> DJI Mavic 3
834,DJI Mavic 3,0,1,3,Pro-OFDM -> OcuSync -> DJI Mavic 3
835,DJI Mavic 3,0,1,3,Pro-OFDM -> OcuSync -> DJI Mavic 3
836,DJI Mavic 3,0,1,3,Pro-OFDM -> OcuSync -> DJI Mavic 3
837,DJI Mavic 3,0,1,3,Pro-OFDM -> OcuSync -> DJI Mavic 3
838,DJI Mavic 3,0,1,3,Pro-OFDM -> OcuSync -> DJI Mavic 3
839,DJI Mavic 3,0,1,3,Pro-OFDM -> OcuSync -> DJI Mavic 3
840,DJI Mavic 3,0,1,3,Pro-OFDM -> OcuSync -> DJI Mavic 3
841,DJI Mavic 3,0,1,3,Pro-OFDM -> OcuSync -> DJI Mavic 3
842,DJI Mavic 3,0,1,3,Pro-OFDM -> OcuSync -> DJI Mavic 3
843,DJI Mavic 3,0,1,3,Pro-OFDM -> OcuSync -> DJI Mavic 3
844,DJI Mavic 3,0,1,3,Pro-OFDM -> OcuSync -> DJI Mavic 3
845,DJI Mavic 3,0,1,3,Pro-OFDM -> OcuSync -> DJI Mavic 3
846,DJI Mavic 3,0,1,3,Pro-OFDM -> OcuSync -> DJI Mavic 3
847,DJI Mavic 3,0,1,3,Pro-OFDM -> OcuSync -> DJI Mavic 3
848,DJI Mavic 3,0,1,3,Pro-OFDM -> OcuSync -> DJI Mavic 3
849,DJI Mavic 3,0,1,3,Pro-OFDM -> OcuSync -> DJI Mavic 3
850,DJI Mavic 3,0,1,3,Pro-OFDM -> OcuSync -> DJI Mavic 3
851,DJI Mavic 3,0,1,3,Pro-OFDM -> OcuSync -> DJI Mavic 3
852,DJI Mavic 3,0,1,3,Pro-OFDM -> OcuSync -> DJI Mavic 3
853,DJI Mavic 3,0,1,3,Pro-OFDM -> OcuSync -> DJI Mavic 3
854,DJI Mavic 3,0,1,3,Pro-OFDM -> OcuSync -> DJI Mavic 3
855,DJI Mavic 3,0,1,3,Pro-OFDM -> OcuSync -> DJI Mavic 3
856,DJI Mavic 3,0,1,3,Pro-OFDM -> OcuSync -> DJI Mavic 3
857,DJI Mavic 3,0,1,3,Pro-OFDM -> OcuSync -> DJI Mavic 3
858,DJI Mavic 3,0,1,3,Pro-OFDM -> OcuSync -> DJI Mavic 3
859,DJI Mavic 3,0,1,3,Pro-OFDM -> OcuSync -> DJI Mavic 3
860,DJI Mavic 3,0,1,3,Pro-OFDM -> OcuSync -> DJI Mavic 3
861,DJI Mavic 3,0,1,3,Pro-OFDM -> OcuSync -> DJI Mavic 3
862,DJI Mavic 3,0,1,3,Pro-OFDM -> OcuSync -> DJI Mavic 3
863,DJI Mavic 3,0,1,3,Pro-OFDM -> OcuSync -> DJI Mavic 3
864,DJI Mavic 3,0,1,3,Pro-OFDM -> OcuSync -> DJI Mavic 3
865,DJI Mavic 3,0,1,3,Pro-OFDM -> OcuSync -> DJI Mavic 3
866,DJI Mavic 3,0,1,3,Pro-OFDM -> OcuSync -> DJI Mavic 3
867,DJI Mavic 3,0,1,3,Pro-OFDM -> OcuSync -> DJI Mavic 3
868,DJI Mavic 3,0,1,3,Pro-OFDM -> OcuSync -> DJI Mavic 3
869,DJI Mavic 3,0,1,3,Pro-OFDM -> OcuSync -> DJI Mavic 3
870,DJI Mavic 3,0,1,3,Pro-OFDM -> OcuSync -> DJI Mavic 3
871,DJI Mavic 3,0,1,3,Pro-OFDM -> OcuSync -> DJI Mavic 3
872,DJI Mavic 3,0,1,3,Pro-OFDM -> OcuSync -> DJI Mavic 3
873,DJI Mavic 3,0,1,3,Pro-OFDM -> OcuSync -> DJI Mavic 3
874,DJI Mavic 3,0,1,3,Pro-OFDM -> OcuSync -> DJI Mavic 3
875,DJI Mavic 3,0,1,3,Pro-OFDM -> OcuSync -> DJI Mavic 3
876,DJI Mavic 3,0,1,3,Pro-OFDM -> OcuSync -> DJI Mavic 3
877,DJI Mavic 3,0,1,3,Pro-OFDM -> OcuSync -> DJI Mavic 3
878,DJI Mavic 3,0,1,3,Pro-OFDM -> OcuSync -> DJI Mavic 3
879,DJI Mavic 3,0,1,3,Pro-OFDM -> OcuSync -> DJI Mavic 3
880,DJI Mavic 3,0,1,3,Pro-OFDM -> OcuSync -> DJI Mavic 3
881,DJI Mavic 3,0,1,3,Pro-OFDM -> OcuSync -> DJI Mavic 3
882,DJI Mavic 3,0,1,3,Pro-OFDM -> OcuSync -> DJI Mavic 3
883,DJI Mavic 3,0,1,3,Pro-OFDM -> OcuSync -> DJI Mavic 3
884,DJI Mavic 3,0,1,3,Pro-OFDM -> OcuSync -> DJI Mavic 3
885,DJI Mavic 3,0,1,3,Pro-OFDM -> OcuSync -> DJI Mavic 3
886,DJI Mavic 3,0,1,3,Pro-OFDM -> OcuSync -> DJI Mavic 3
887,DJI Mavic 3,0,1,3,Pro-OFDM -> OcuSync -> DJI Mavic 3
888,DJI Mavic 3,0,1,3,Pro-OFDM -> OcuSync -> DJI Mavic 3
889,DJI Mavic 3,0,1,3,Pro-OFDM -> OcuSync -> DJI Mavic 3
890,DJI Mavic 3,0,1,3,Pro-OFDM -> OcuSync -> DJI Mavic 3
891,DJI Mavic 3,0,1,3,Pro-OFDM -> OcuSync -> DJI Mavic 3
892,DJI Mavic 3,0,1,3,Pro-OFDM -> OcuSync -> DJI Mavic 3
893,DJI Mavic 3,0,1,3,Pro-OFDM -> OcuSync -> DJI Mavic 3
894,DJI Mavic 3,0,1,3,Pro-OFDM -> OcuSync -> DJI Mavic 3
895,DJI Mavic 3,0,1,3,Pro-OFDM -> OcuSync -> DJI Mavic 3
896,DJI Mavic 3,0,1,3,Pro-OFDM -> OcuSync -> DJI Mavic 3
897,DJI Mavic 3,0,1,3,Pro-OFDM -> OcuSync -> DJI Mavic 3
898,DJI Mavic 3,0,1,3,Pro-OFDM -> OcuSync -> DJI Mavic 3
899,DJI Mavic 3,0,1,3,Pro-OFDM -> OcuSync -> DJI Mavic 3
900,DJI Mavic 3,0,1,3,Pro-OFDM -> OcuSync -> DJI Mavic 3
901,DJI Mavic 3,0,1,3,Pro-OFDM -> OcuSync -> DJI Mavic 3
902,DJI Mavic 3,0,1,3,Pro-OFDM -> OcuSync -> DJI Mavic 3
903,DJI Mavic 3,0,1,3,Pro-OFDM -> OcuSync -> DJI Mavic 3
904,DJI Mavic 3,0,1,3,Pro-OFDM -> OcuSync -> DJI Mavic 3
905,DJI Mavic 3,0,1,3,Pro-OFDM -> OcuSync -> DJI Mavic 3
906,DJI Mavic 3,0,1,3,Pro-OFDM -> OcuSync -> DJI Mavic 3
907,DJI Mavic 3,0,1,3,Pro-OFDM -> OcuSync -> DJI Mavic 3
908,DJI Mavic 3,0,1,3,Pro-OFDM -> OcuSync -> DJI Mavic 3
909,DJI Mavic 3,0,1,3,Pro-OFDM -> OcuSync -> DJI Mavic 3
910,DJI Mavic 3,0,1,3,Pro-OFDM -> OcuSync -> DJI Mavic 3
911,DJI Mavic 3,0,1,3,Pro-OFDM -> OcuSync -> DJI Mavic 3
912,DJI Mavic 3,0,1,3,Pro-OFDM -> OcuSync -> DJI Mavic 3
913,DJI Mavic 3,0,1,3,Pro-OFDM -> OcuSync -> DJI Mavic 3
914,DJI Mavic 3,0,1,3,Pro-OFDM -> OcuSync -> DJI Mavic 3
915,DJI Mavic 3,0,1,3,Pro-OFDM -> OcuSync -> DJI Mavic 3
916,DJI Mavic 3,0,1,3,Pro-OFDM -> OcuSync -> DJI Mavic 3
917,DJI Mavic 3,0,1,3,Pro-OFDM -> OcuSync -> DJI Mavic 3
918,DJI Mavic 3,0,1,3,Pro-OFDM -> OcuSync -> DJI Mavic 3
919,DJI Mavic 3,0,1,3,Pro-OFDM -> OcuSync -> DJI Mavic 3
920,DJI Mavic 3,0,1,3,Pro-OFDM -> OcuSync -> DJI Mavic 3
921,DJI Mavic 3,0,1,3,Pro-OFDM -> OcuSync -> DJI Mavic 3
922,DJI Mavic 3,0,1,3,Pro-OFDM -> OcuSync -> DJI Mavic 3
923,DJI Mavic 3,0,1,3,Pro-OFDM -> OcuSync -> DJI Mavic 3
924,DJI Mavic 3,0,1,3,Pro-OFDM -> OcuSync -> DJI Mavic 3
925,DJI Mavic 3,0,1,3,Pro-OFDM -> OcuSync -> DJI Mavic 3
926,DJI Mavic 3,0,1,3,Pro-OFDM -> OcuSync -> DJI Mavic 3
927,DJI Mavic 3,0,1,3,Pro-OFDM -> OcuSync -> DJI Mavic 3
928,DJI Mavic 3,0,1,3,Pro-OFDM -> OcuSync -> DJI Mavic 3
929,DJI Mavic 3,0,1,3,Pro-OFDM -> OcuSync -> DJI Mavic 3
930,DJI Mavic 3,0,1,3,Pro-OFDM -> OcuSync -> DJI Mavic 3
931,DJI Mavic 3,0,1,3,Pro-OFDM -> OcuSync -> DJI Mavic 3
932,DJI Mavic 3,0,1,3,Pro-OFDM -> OcuSync -> DJI Mavic 3
933,DJI Mavic 3,0,1,3,Pro-OFDM -> OcuSync -> DJI Mavic 3
934,DJI Mavic 3,0,1,3,Pro-OFDM -> OcuSync -> DJI Mavic 3
935,DJI Mavic 3,0,1,3,Pro-OFDM -> OcuSync -> DJI Mavic 3
936,DJI Mavic 3,0,1,3,Pro-OFDM -> OcuSync -> DJI Mavic 3
937,DJI Mavic 3,0,1,3,Pro-OFDM -> OcuSync -> DJI Mavic 3
938,DJI Mavic 3,0,1,3,Pro-OFDM -> OcuSync -> DJI Mavic 3
939,DJI Mavic 3,0,1,3,Pro-OFDM -> OcuSync -> DJI Mavic 3
940,DJI Mavic 3,0,1,3,Pro-OFDM -> OcuSync -> DJI Mavic 3
941,DJI Mavic 3,0,1,3,Pro-OFDM -> OcuSync -> DJI Mavic 3
942,DJI Mavic 3,0,1,3,Pro-OFDM -> OcuSync -> DJI Mavic 3
943,DJI Mavic 3,0,1,3,Pro-OFDM -> OcuSync -> DJI Mavic 3
944,DJI Mavic 3,0,1,3,Pro-OFDM -> OcuSync -> DJI Mavic 3
945,DJI Mavic 3,0,1,3,Pro-OFDM -> OcuSync -> DJI Mavic 3
946,DJI Mavic 3,0,1,3,Pro-OFDM -> OcuSync -> DJI Mavic 3
947,DJI Mavic 3,0,1,3,Pro-OFDM -> OcuSync -> DJI Mavic 3
948,DJI Mavic 3,0,1,3,Pro-OFDM -> OcuSync -> DJI Mavic 3
949,DJI Mavic 3,0,1,3,Pro-OFDM -> OcuSync -> DJI Mavic 3
950,DJI Mavic 3,0,1,3,Pro-OFDM -> OcuSync -> DJI Mavic 3
951,DJI Mavic 3,0,1,3,Pro-OFDM -> OcuSync -> DJI Mavic 3
952,DJI Mavic 3,0,1,3,Pro-OFDM -> OcuSync -> DJI Mavic 3
953,DJI Mavic 3,0,1,3,Pro-OFDM -> OcuSync -> DJI Mavic 3
954,DJI Mavic 3,0,1,3,Pro-OFDM -> OcuSync -> DJI Mavic 3
955,DJI Mavic 3,0,1,3,Pro-OFDM -> OcuSync -> DJI Mavic 3
956,DJI Mavic 3,0,1,3,Pro-OFDM -> OcuSync -> DJI Mavic 3
957,DJI Mavic 3,0,1,3,Pro-OFDM -> OcuSync -> DJI Mavic 3
958,DJI Mavic 3,0,1,3,Pro-OFDM -> OcuSync -> DJI Mavic 3
959,DJI Mavic 3,0,1,3,Pro-OFDM -> OcuSync -> DJI Mavic 3
960,DJI Mavic 3,0,1,3,Pro-OFDM -> OcuSync -> DJI Mavic 3
961,DJI Mavic 3,0,1,3,Pro-OFDM -> OcuSync -> DJI Mavic 3
962,DJI Mavic 3,0,1,3,Pro-OFDM -> OcuSync -> DJI Mavic 3
963,DJI Mavic 3,0,1,3,Pro-OFDM -> OcuSync -> DJI Mavic 3
964,DJI Mavic 3,0,1,3,Pro-OFDM -> OcuSync -> DJI Mavic 3
965,DJI Mavic 3,0,1,3,Pro-OFDM -> OcuSync -> DJI Mavic 3
966,DJI Mavic 3,0,1,3,Pro-OFDM -> OcuSync -> DJI Mavic 3
967,DJI Mavic 3,0,1,3,Pro-OFDM -> OcuSync -> DJI Mavic 3
968,DJI Mavic 3,0,1,3,Pro-OFDM -> OcuSync -> DJI Mavic 3
969,DJI Mavic 3,0,1,3,Pro-OFDM -> OcuSync -> DJI Mavic 3
970,DJI Mavic 3,0,1,3,Pro-OFDM -> OcuSync -> DJI Mavic 3
971,DJI Mavic 3,0,1,3,Pro-OFDM -> OcuSync -> DJI Mavic 3
972,DJI Mavic 3,0,1,3,Pro-OFDM -> OcuSync -> DJI Mavic 3
973,DJI Mavic 3,0,1,3,Pro-OFDM -> OcuSync -> DJI Mavic 3
974,DJI Mavic 3,0,1,3,Pro-OFDM -> OcuSync -> DJI Mavic 3
975,DJI Mavic 3,0,1,3,Pro-OFDM -> OcuSync -> DJI Mavic 3
976,DJI Mavic 3,0,1,3,Pro-OFDM -> OcuSync -> DJI Mavic 3
977,DJI Mavic 3,0,1,3,Pro-OFDM -> OcuSync -> DJI Mavic 3
978,DJI Mavic 3,0,1,3,Pro-OFDM -> OcuSync -> DJI Mavic 3
979,DJI Mavic 3,0,1,3,Pro-OFDM -> OcuSync -> DJI Mavic 3
980,DJI Mavic 3,0,1,3,Pro-OFDM -> OcuSync -> DJI Mavic 3
981,DJI Mavic 3,0,1,3,Pro-OFDM -> OcuSync -> DJI Mavic 3
982,DJI Mavic 3,0,1,3,Pro-OFDM -> OcuSync -> DJI Mavic 3
983,DJI Mavic 3,0,1,3,Pro-OFDM -> OcuSync -> DJI Mavic 3
984,DJI Mavic 3,0,1,3,Pro-OFDM -> OcuSync -> DJI Mavic 3
985,DJI Mavic 3,0,1,3,Pro-OFDM -> OcuSync -> DJI Mavic 3
986,DJI Mavic 3,0,1,3,Pro-OFDM -> OcuSync -> DJI Mavic 3
987,DJI Mavic 3,0,1,3,Pro-OFDM -> OcuSync -> DJI Mavic 3
988,DJI Mavic 3,0,1,3,Pro-OFDM -> OcuSync -> DJI Mavic 3
989,DJI Mavic 3,0,1,3,Pro-OFDM -> OcuSync -> DJI Mavic 3
990,DJI Mavic 3,0,1,3,Pro-OFDM -> OcuSync -> DJI Mavic 3
991,DJI Mavic 3,0,1,3,Pro-OFDM -> OcuSync -> DJI Mavic 3
992,DJI Mavic 3,0,1,3,Pro-OFDM -> OcuSync -> DJI Mavic 3
993,DJI Mavic 3,0,1,3,Pro-OFDM -> OcuSync -> DJI Mavic 3
994,DJI Mavic 3,0,1,3,Pro-OFDM -> OcuSync -> DJI Mavic 3
995,DJI Mavic 3,0,1,3,Pro-OFDM -> OcuSync -> DJI Mavic 3
996,DJI Mavic 3,0,1,3,Pro-OFDM -> OcuSync -> DJI Mavic 3
997,DJI Mavic 3,0,1,3,Pro-OFDM -> OcuSync -> DJI Mavic 3
998,DJI Mavic 3,0,1,3,Pro-OFDM -> OcuSync -> DJI Mavic 3
999,DJI Mavic 3,0,1,3,Pro-OFDM -> OcuSync -> DJI Mavic 3
1000,DJI Mavic 3,0,1,3,Pro-OFDM -> OcuSync -> DJI Mavic 3
1001,DJI Mavic 3,0,1,3,Pro-OFDM -> OcuSync -> DJI Mavic 3
1002,DJI Mavic 3,0,1,3,Pro-OFDM -> OcuSync -> DJI Mavic 3
1003,DJI Mavic 3,0,1,3,Pro-OFDM -> OcuSync -> DJI Mavic 3
1004,DJI Mavic 3,0,1,3,Pro-OFDM -> OcuSync -> DJI Mavic 3
1005,DJI Mavic 3,0,1,3,Pro-OFDM -> OcuSync -> DJI Mavic 3
1006,DJI Mavic 3,0,1,3,Pro-OFDM -> OcuSync -> DJI Mavic 3
1007,DJI Mavic 3,0,1,3,Pro-OFDM -> OcuSync -> DJI Mavic 3
1008,DJI Mavic 3,0,1,3,Pro-OFDM -> OcuSync -> DJI Mavic 3
1009,DJI Mavic 3,0,1,3,Pro-OFDM -> OcuSync -> DJI Mavic 3
1010,DJI Mavic 3,0,1,3,Pro-OFDM -> OcuSync -> DJI Mavic 3
1011,DJI Mavic 3,0,1,3,Pro-OFDM -> OcuSync -> DJI Mavic 3
1012,DJI Mavic 3,0,1,3,Pro-OFDM -> OcuSync -> DJI Mavic 3
1013,DJI Mavic 3,0,1,3,Pro-OFDM -> OcuSync -> DJI Mavic 3
1014,DJI Mavic 3,0,1,3,Pro-OFDM -> OcuSync -> DJI Mavic 3
1015,DJI Mavic 3,0,1,3,Pro-OFDM -> OcuSync -> DJI Mavic 3
1016,DJI Mavic 3,0,1,3,Pro-OFDM -> OcuSync -> DJI Mavic 3
1017,DJI Mavic 3,0,1,3,Pro-OFDM -> OcuSync -> DJI Mavic 3
1018,DJI Mavic 3,0,1,3,Pro-OFDM -> OcuSync -> DJI Mavic 3
1019,DJI Mavic 3,0,1,3,Pro-OFDM -> OcuSync -> DJI Mavic 3
1020,DJI Mavic 3,0,1,3,Pro-OFDM -> OcuSync -> DJI Mavic 3
1021,DJI Mavic 3,0,1,3,Pro-OFDM -> OcuSync -> DJI Mavic 3
1022,DJI Mavic 3,0,1,3,Pro-OFDM -> OcuSync -> DJI Mavic 3
1023,DJI Mavic 3,0,1,3,Pro-OFDM -> OcuSync -> DJI Mavic 3
1024,DJI Mavic Air,2,4,0,Wi-Fi -> Wi-Fi 4 -> DJI Mavic Air
1025,DJI Mavic Air,2,4,0,Wi-Fi -> Wi-Fi 4 -> DJI Mavic Air
1026,DJI Mavic Air,2,4,0,Wi-Fi -> Wi-Fi 4 -> DJI Mavic Air
1027,DJI Mavic Air,2,4,0,Wi-Fi -> Wi-Fi 4 -> DJI Mavic Air
1028,DJI Mavic Air,2,4,0,Wi-Fi -> Wi-Fi 4 -> DJI Mavic Air
1029,DJI Mavic Air,2,4,0,Wi-Fi -> Wi-Fi 4 -> DJI Mavic Air
1030,DJI Mavic Air,2,4,0,Wi-Fi -> Wi-Fi 4 -> DJI Mavic Air
1031,DJI Mavic Air,2,4,0,Wi-Fi -> Wi-Fi 4 -> DJI Mavic Air
1032,DJI Mavic Air,2,4,0,Wi-Fi -> Wi-Fi 4 -> DJI Mavic Air
1033,DJI Mavic Air,2,4,0,Wi-Fi -> Wi-Fi 4 -> DJI Mavic Air
1034,DJI Mavic Air,2,4,0,Wi-Fi -> Wi-Fi 4 -> DJI Mavic Air
1035,DJI Mavic Air,2,4,0,Wi-Fi -> Wi-Fi 4 -> DJI Mavic Air
1036,DJI Mavic Air,2,4,0,Wi-Fi -> Wi-Fi 4 -> DJI Mavic Air
1037,DJI Mavic Air,2,4,0,Wi-Fi -> Wi-Fi 4 -> DJI Mavic Air
1038,DJI Mavic Air,2,4,0,Wi-Fi -> Wi-Fi 4 -> DJI Mavic Air
1039,DJI Mavic Air,2,4,0,Wi-Fi -> Wi-Fi 4 -> DJI Mavic Air
1040,DJI Mavic Air,2,4,0,Wi-Fi -> Wi-Fi 4 -> DJI Mavic Air
1041,DJI Mavic Air,2,4,0,Wi-Fi -> Wi-Fi 4 -> DJI Mavic Air
1042,DJI Mavic Air,2,4,0,Wi-Fi -> Wi-Fi 4 -> DJI Mavic Air
1043,DJI Mavic Air,2,4,0,Wi-Fi -> Wi-Fi 4 -> DJI Mavic Air
1044,DJI Mavic Air,2,4,0,Wi-Fi -> Wi-Fi 4 -> DJI Mavic Air
1045,DJI Mavic Air,2,4,0,Wi-Fi -> Wi-Fi 4 -> DJI Mavic Air
1046,DJI Mavic Air,2,4,0,Wi-Fi -> Wi-Fi 4 -> DJI Mavic Air
1047,DJI Mavic Air,2,4,0,Wi-Fi -> Wi-Fi 4 -> DJI Mavic Air
1048,DJI Mavic Air,2,4,0,Wi-Fi -> Wi-Fi 4 -> DJI Mavic Air
1049,DJI Mavic Air,2,4,0,Wi-Fi -> Wi-Fi 4 -> DJI Mavic Air
1050,DJI Mavic Air,2,4,0,Wi-Fi -> Wi-Fi 4 -> DJI Mavic Air
1051,DJI Mavic Air,2,4,0,Wi-Fi -> Wi-Fi 4 -> DJI Mavic Air
1052,DJI Mavic Air,2,4,0,Wi-Fi -> Wi-Fi 4 -> DJI Mavic Air
1053,DJI Mavic Air,2,4,0,Wi-Fi -> Wi-Fi 4 -> DJI Mavic Air
1054,DJI Mavic Air,2,4,0,Wi-Fi -> Wi-Fi 4 -> DJI Mavic Air
1055,DJI Mavic Air,2,4,0,Wi-Fi -> Wi-Fi 4 -> DJI Mavic Air
1056,DJI Mavic Air,2,4,0,Wi-Fi -> Wi-Fi 4 -> DJI Mavic Air
1057,DJI Mavic Air,2,4,0,Wi-Fi -> Wi-Fi 4 -> DJI Mavic Air
1058,DJI Mavic Air,2,4,0,Wi-Fi -> Wi-Fi 4 -> DJI Mavic Air
1059,DJI Mavic Air,2,4,0,Wi-Fi -> Wi-Fi 4 -> DJI Mavic Air
1060,DJI Mavic Air,2,4,0,Wi-Fi -> Wi-Fi 4 -> DJI Mavic Air
1061,DJI Mavic Air,2,4,0,Wi-Fi -> Wi-Fi 4 -> DJI Mavic Air
1062,DJI Mavic Air,2,4,0,Wi-Fi -> Wi-Fi 4 -> DJI Mavic Air
1063,DJI Mavic Air,2,4,0,Wi-Fi -> Wi-Fi 4 -> DJI Mavic Air
1064,DJI Mavic Air,2,4,0,Wi-Fi -> Wi-Fi 4 -> DJI Mavic Air
1065,DJI Mavic Air,2,4,0,Wi-Fi -> Wi-Fi 4 -> DJI Mavic Air
1066,DJI Mavic Air,2,4,0,Wi-Fi -> Wi-Fi 4 -> DJI Mavic Air
1067,DJI Mavic Air,2,4,0,Wi-Fi -> Wi-Fi 4 -> DJI Mavic Air
1068,DJI Mavic Air,2,4,0,Wi-Fi -> Wi-Fi 4 -> DJI Mavic Air
1069,DJI Mavic Air,2,4,0,Wi-Fi -> Wi-Fi 4 -> DJI Mavic Air
1070,DJI Mavic Air,2,4,0,Wi-Fi -> Wi-Fi 4 -> DJI Mavic Air
1071,DJI Mavic Air,2,4,0,Wi-Fi -> Wi-Fi 4 -> DJI Mavic Air
1072,DJI Mavic Air,2,4,0,Wi-Fi -> Wi-Fi 4 -> DJI Mavic Air
1073,DJI Mavic Air,2,4,0,Wi-Fi -> Wi-Fi 4 -> DJI Mavic Air
1074,DJI Mavic Air,2,4,0,Wi-Fi -> Wi-Fi 4 -> DJI Mavic Air
1075,DJI Mavic Air,2,4,0,Wi-Fi -> Wi-Fi 4 -> DJI Mavic Air
1076,DJI Mavic Air,2,4,0,Wi-Fi -> Wi-Fi 4 -> DJI Mavic Air
1077,DJI Mavic Air,2,4,0,Wi-Fi -> Wi-Fi 4 -> DJI Mavic Air
1078,DJI Mavic Air,2,4,0,Wi-Fi -> Wi-Fi 4 -> DJI Mavic Air
1079,DJI Mavic Air,2,4,0,Wi-Fi -> Wi-Fi 4 -> DJI Mavic Air
1080,DJI Mavic Air,2,4,0,Wi-Fi -> Wi-Fi 4 -> DJI Mavic Air
1081,DJI Mavic Air,2,4,0,Wi-Fi -> Wi-Fi 4 -> DJI Mavic Air
1082,DJI Mavic Air,2,4,0,Wi-Fi -> Wi-Fi 4 -> DJI Mavic Air
1083,DJI Mavic Air,2,4,0,Wi-Fi -> Wi-Fi 4 -> DJI Mavic Air
1084,DJI Mavic Air,2,4,0,Wi-Fi -> Wi-Fi 4 -> DJI Mavic Air
1085,DJI Mavic Air,2,4,0,Wi-Fi -> Wi-Fi 4 -> DJI Mavic Air
1086,DJI Mavic Air,2,4,0,Wi-Fi -> Wi-Fi 4 -> DJI Mavic Air
1087,DJI Mavic Air,2,4,0,Wi-Fi -> Wi-Fi 4 -> DJI Mavic Air
1088,DJI Mavic Air,2,4,0,Wi-Fi -> Wi-Fi 4 -> DJI Mavic Air
1089,DJI Mavic Air,2,4,0,Wi-Fi -> Wi-Fi 4 -> DJI Mavic Air
1090,DJI Mavic Air,2,4,0,Wi-Fi -> Wi-Fi 4 -> DJI Mavic Air
1091,DJI Mavic Air,2,4,0,Wi-Fi -> Wi-Fi 4 -> DJI Mavic Air
1092,DJI Mavic Air,2,4,0,Wi-Fi -> Wi-Fi 4 -> DJI Mavic Air
1093,DJI Mavic Air,2,4,0,Wi-Fi -> Wi-Fi 4 -> DJI Mavic Air
1094,DJI Mavic Air,2,4,0,Wi-Fi -> Wi-Fi 4 -> DJI Mavic Air
1095,DJI Mavic Air,2,4,0,Wi-Fi -> Wi-Fi 4 -> DJI Mavic Air
1096,DJI Mavic Air,2,4,0,Wi-Fi -> Wi-Fi 4 -> DJI Mavic Air
1097,DJI Mavic Air,2,4,0,Wi-Fi -> Wi-Fi 4 -> DJI Mavic Air
1098,DJI Mavic Air,2,4,0,Wi-Fi -> Wi-Fi 4 -> DJI Mavic Air
1099,DJI Mavic Air,2,4,0,Wi-Fi -> Wi-Fi 4 -> DJI Mavic Air
1100,DJI Mavic Air,2,4,0,Wi-Fi -> Wi-Fi 4 -> DJI Mavic Air
1101,DJI Mavic Air,2,4,0,Wi-Fi -> Wi-Fi 4 -> DJI Mavic Air
1102,DJI Mavic Air,2,4,0,Wi-Fi -> Wi-Fi 4 -> DJI Mavic Air
1103,DJI Mavic Air,2,4,0,Wi-Fi -> Wi-Fi 4 -> DJI Mavic Air
1104,DJI Mavic Air,2,4,0,Wi-Fi -> Wi-Fi 4 -> DJI Mavic Air
1105,DJI Mavic Air,2,4,0,Wi-Fi -> Wi-Fi 4 -> DJI Mavic Air
1106,DJI Mavic Air,2,4,0,Wi-Fi -> Wi-Fi 4 -> DJI Mavic Air
1107,DJI Mavic Air,2,4,0,Wi-Fi -> Wi-Fi 4 -> DJI Mavic Air
1108,DJI Mavic Air,2,4,0,Wi-Fi -> Wi-Fi 4 -> DJI Mavic Air
1109,DJI Mavic Air,2,4,0,Wi-Fi -> Wi-Fi 4 -> DJI Mavic Air
1110,DJI Mavic Air,2,4,0,Wi-Fi -> Wi-Fi 4 -> DJI Mavic Air
1111,DJI Mavic Air,2,4,0,Wi-Fi -> Wi-Fi 4 -> DJI Mavic Air
1112,DJI Mavic Air,2,4,0,Wi-Fi -> Wi-Fi 4 -> DJI Mavic Air
1113,DJI Mavic Air,2,4,0,Wi-Fi -> Wi-Fi 4 -> DJI Mavic Air
1114,DJI Mavic Air,2,4,0,Wi-Fi -> Wi-Fi 4 -> DJI Mavic Air
1115,DJI Mavic Air,2,4,0,Wi-Fi -> Wi-Fi 4 -> DJI Mavic Air
1116,DJI Mavic Air,2,4,0,Wi-Fi -> Wi-Fi 4 -> DJI Mavic Air
1117,DJI Mavic Air,2,4,0,Wi-Fi -> Wi-Fi 4 -> DJI Mavic Air
1118,DJI Mavic Air,2,4,0,Wi-Fi -> Wi-Fi 4 -> DJI Mavic Air
1119,DJI Mavic Air,2,4,0,Wi-Fi -> Wi-Fi 4 -> DJI Mavic Air
1120,DJI Mavic Air,2,4,0,Wi-Fi -> Wi-Fi 4 -> DJI Mavic Air
1121,DJI Mavic Air,2,4,0,Wi-Fi -> Wi-Fi 4 -> DJI Mavic Air
1122,DJI Mavic Air,2,4,0,Wi-Fi -> Wi-Fi 4 -> DJI Mavic Air
1123,DJI Mavic Air,2,4,0,Wi-Fi -> Wi-Fi 4 -> DJI Mavic Air
1124,DJI Mavic Air,2,4,0,Wi-Fi -> Wi-Fi 4 -> DJI Mavic Air
1125,DJI Mavic Air,2,4,0,Wi-Fi -> Wi-Fi 4 -> DJI Mavic Air
1126,DJI Mavic Air,2,4,0,Wi-Fi -> Wi-Fi 4 -> DJI Mavic Air
1127,DJI Mavic Air,2,4,0,Wi-Fi -> Wi-Fi 4 -> DJI Mavic Air
1128,DJI Mavic Air,2,4,0,Wi-Fi -> Wi-Fi 4 -> DJI Mavic Air
1129,DJI Mavic Air,2,4,0,Wi-Fi -> Wi-Fi 4 -> DJI Mavic Air
1130,DJI Mavic Air,2,4,0,Wi-Fi -> Wi-Fi 4 -> DJI Mavic Air
1131,DJI Mavic Air,2,4,0,Wi-Fi -> Wi-Fi 4 -> DJI Mavic Air
1132,DJI Mavic Air,2,4,0,Wi-Fi -> Wi-Fi 4 -> DJI Mavic Air
1133,DJI Mavic Air,2,4,0,Wi-Fi -> Wi-Fi 4 -> DJI Mavic Air
1134,DJI Mavic Air,2,4,0,Wi-Fi -> Wi-Fi 4 -> DJI Mavic Air
1135,DJI Mavic Air,2,4,0,Wi-Fi -> Wi-Fi 4 -> DJI Mavic Air
1136,DJI Mavic Air,2,4,0,Wi-Fi -> Wi-Fi 4 -> DJI Mavic Air
1137,DJI Mavic Air,2,4,0,Wi-Fi -> Wi-Fi 4 -> DJI Mavic Air
1138,DJI Mavic Air,2,4,0,Wi-Fi -> Wi-Fi 4 -> DJI Mavic Air
1139,DJI Mavic Air,2,4,0,Wi-Fi -> Wi-Fi 4 -> DJI Mavic Air
1140,DJI Mavic Air,2,4,0,Wi-Fi -> Wi-Fi 4 -> DJI Mavic Air
1141,DJI Mavic Air,2,4,0,Wi-Fi -> Wi-Fi 4 -> DJI Mavic Air
1142,DJI Mavic Air,2,4,0,Wi-Fi -> Wi-Fi 4 -> DJI Mavic Air
1143,DJI Mavic Air,2,4,0,Wi-Fi -> Wi-Fi 4 -> DJI Mavic Air
1144,DJI Mavic Air,2,4,0,Wi-Fi -> Wi-Fi 4 -> DJI Mavic Air
1145,DJI Mavic Air,2,4,0,Wi-Fi -> Wi-Fi 4 -> DJI Mavic Air
1146,DJI Mavic Air,2,4,0,Wi-Fi -> Wi-Fi 4 -> DJI Mavic Air
1147,DJI Mavic Air,2,4,0,Wi-Fi -> Wi-Fi 4 -> DJI Mavic Air
1148,DJI Mavic Air,2,4,0,Wi-Fi -> Wi-Fi 4 -> DJI Mavic Air
1149,DJI Mavic Air,2,4,0,Wi-Fi -> Wi-Fi 4 -> DJI Mavic Air
1150,DJI Mavic Air,2,4,0,Wi-Fi -> Wi-Fi 4 -> DJI Mavic Air
1151,DJI Mavic Air,2,4,0,Wi-Fi -> Wi-Fi 4 -> DJI Mavic Air
1152,DJI Mavic Air,2,4,0,Wi-Fi -> Wi-Fi 4 -> DJI Mavic Air
1153,DJI Mavic Air,2,4,0,Wi-Fi -> Wi-Fi 4 -> DJI Mavic Air
1154,DJI Mavic Air,2,4,0,Wi-Fi -> Wi-Fi 4 -> DJI Mavic Air
1155,DJI Mavic Air,2,4,0,Wi-Fi -> Wi-Fi 4 -> DJI Mavic Air
1156,DJI Mavic Air,2,4,0,Wi-Fi -> Wi-Fi 4 -> DJI Mavic Air
1157,DJI Mavic Air,2,4,0,Wi-Fi -> Wi-Fi 4 -> DJI Mavic Air
1158,DJI Mavic Air,2,4,0,Wi-Fi -> Wi-Fi 4 -> DJI Mavic Air
1159,DJI Mavic Air,2,4,0,Wi-Fi -> Wi-Fi 4 -> DJI Mavic Air
1160,DJI Mavic Air,2,4,0,Wi-Fi -> Wi-Fi 4 -> DJI Mavic Air
1161,DJI Mavic Air,2,4,0,Wi-Fi -> Wi-Fi 4 -> DJI Mavic Air
1162,DJI Mavic Air,2,4,0,Wi-Fi -> Wi-Fi 4 -> DJI Mavic Air
1163,DJI Mavic Air,2,4,0,Wi-Fi -> Wi-Fi 4 -> DJI Mavic Air
1164,DJI Mavic Air,2,4,0,Wi-Fi -> Wi-Fi 4 -> DJI Mavic Air
1165,DJI Mavic Air,2,4,0,Wi-Fi -> Wi-Fi 4 -> DJI Mavic Air
1166,DJI Mavic Air,2,4,0,Wi-Fi -> Wi-Fi 4 -> DJI Mavic Air
1167,DJI Mavic Air,2,4,0,Wi-Fi -> Wi-Fi 4 -> DJI Mavic Air
1168,DJI Mavic Air,2,4,0,Wi-Fi -> Wi-Fi 4 -> DJI Mavic Air
1169,DJI Mavic Air,2,4,0,Wi-Fi -> Wi-Fi 4 -> DJI Mavic Air
1170,DJI Mavic Air,2,4,0,Wi-Fi -> Wi-Fi 4 -> DJI Mavic Air
1171,DJI Mavic Air,2,4,0,Wi-Fi -> Wi-Fi 4 -> DJI Mavic Air
1172,DJI Mavic Air,2,4,0,Wi-Fi -> Wi-Fi 4 -> DJI Mavic Air
1173,DJI Mavic Air,2,4,0,Wi-Fi -> Wi-Fi 4 -> DJI Mavic Air
1174,DJI Mavic Air,2,4,0,Wi-Fi -> Wi-Fi 4 -> DJI Mavic Air
1175,DJI Mavic Air,2,4,0,Wi-Fi -> Wi-Fi 4 -> DJI Mavic Air
1176,DJI Mavic Air,2,4,0,Wi-Fi -> Wi-Fi 4 -> DJI Mavic Air
1177,DJI Mavic Air,2,4,0,Wi-Fi -> Wi-Fi 4 -> DJI Mavic Air
1178,DJI Mavic Air,2,4,0,Wi-Fi -> Wi-Fi 4 -> DJI Mavic Air
1179,DJI Mavic Air,2,4,0,Wi-Fi -> Wi-Fi 4 -> DJI Mavic Air
1180,DJI Mavic Air,2,4,0,Wi-Fi -> Wi-Fi 4 -> DJI Mavic Air
1181,DJI Mavic Air,2,4,0,Wi-Fi -> Wi-Fi 4 -> DJI Mavic Air
1182,DJI Mavic Air,2,4,0,Wi-Fi -> Wi-Fi 4 -> DJI Mavic Air
1183,DJI Mavic Air,2,4,0,Wi-Fi -> Wi-Fi 4 -> DJI Mavic Air
1184,DJI Mavic Air,2,4,0,Wi-Fi -> Wi-Fi 4 -> DJI Mavic Air
1185,DJI Mavic Air,2,4,0,Wi-Fi -> Wi-Fi 4 -> DJI Mavic Air
1186,DJI Mavic Air,2,4,0,Wi-Fi -> Wi-Fi 4 -> DJI Mavic Air
1187,DJI Mavic Air,2,4,0,Wi-Fi -> Wi-Fi 4 -> DJI Mavic Air
1188,DJI Mavic Air,2,4,0,Wi-Fi -> Wi-Fi 4 -> DJI Mavic Air
1189,DJI Mavic Air,2,4,0,Wi-Fi -> Wi-Fi 4 -> DJI Mavic Air
1190,DJI Mavic Air,2,4,0,Wi-Fi -> Wi-Fi 4 -> DJI Mavic Air
1191,DJI Mavic Air,2,4,0,Wi-Fi -> Wi-Fi 4 -> DJI Mavic Air
1192,DJI Mavic Air,2,4,0,Wi-Fi -> Wi-Fi 4 -> DJI Mavic Air
1193,DJI Mavic Air,2,4,0,Wi-Fi -> Wi-Fi 4 -> DJI Mavic Air
1194,DJI Mavic Air,2,4,0,Wi-Fi -> Wi-Fi 4 -> DJI Mavic Air
1195,DJI Mavic Air,2,4,0,Wi-Fi -> Wi-Fi 4 -> DJI Mavic Air
1196,DJI Mavic Air,2,4,0,Wi-Fi -> Wi-Fi 4 -> DJI Mavic Air
1197,DJI Mavic Air,2,4,0,Wi-Fi -> Wi-Fi 4 -> DJI Mavic Air
1198,DJI Mavic Air,2,4,0,Wi-Fi -> Wi-Fi 4 -> DJI Mavic Air
1199,DJI Mavic Air,2,4,0,Wi-Fi -> Wi-Fi 4 -> DJI Mavic Air
1200,DJI Mavic Air,2,4,0,Wi-Fi -> Wi-Fi 4 -> DJI Mavic Air
1201,DJI Mavic Air,2,4,0,Wi-Fi -> Wi-Fi 4 -> DJI Mavic Air
1202,DJI Mavic Air,2,4,0,Wi-Fi -> Wi-Fi 4 -> DJI Mavic Air
1203,DJI Mavic Air,2,4,0,Wi-Fi -> Wi-Fi 4 -> DJI Mavic Air
1204,DJI Mavic Air,2,4,0,Wi-Fi -> Wi-Fi 4 -> DJI Mavic Air
1205,DJI Mavic Air,2,4,0,Wi-Fi -> Wi-Fi 4 -> DJI Mavic Air
1206,DJI Mavic Air,2,4,0,Wi-Fi -> Wi-Fi 4 -> DJI Mavic Air
1207,DJI Mavic Air,2,4,0,Wi-Fi -> Wi-Fi 4 -> DJI Mavic Air
1208,DJI Mavic Air,2,4,0,Wi-Fi -> Wi-Fi 4 -> DJI Mavic Air
1209,DJI Mavic Air,2,4,0,Wi-Fi -> Wi-Fi 4 -> DJI Mavic Air
1210,DJI Mavic Air,2,4,0,Wi-Fi -> Wi-Fi 4 -> DJI Mavic Air
1211,DJI Mavic Air,2,4,0,Wi-Fi -> Wi-Fi 4 -> DJI Mavic Air
1212,DJI Mavic Air,2,4,0,Wi-Fi -> Wi-Fi 4 -> DJI Mavic Air
1213,DJI Mavic Air,2,4,0,Wi-Fi -> Wi-Fi 4 -> DJI Mavic Air
1214,DJI Mavic Air,2,4,0,Wi-Fi -> Wi-Fi 4 -> DJI Mavic Air
1215,DJI Mavic Air,2,4,0,Wi-Fi -> Wi-Fi 4 -> DJI Mavic Air
1216,DJI Mavic Air,2,4,0,Wi-Fi -> Wi-Fi 4 -> DJI Mavic Air
1217,DJI Mavic Air,2,4,0,Wi-Fi -> Wi-Fi 4 -> DJI Mavic Air
1218,DJI Mavic Air,2,4,0,Wi-Fi -> Wi-Fi 4 -> DJI Mavic Air
1219,DJI Mavic Air,2,4,0,Wi-Fi -> Wi-Fi 4 -> DJI Mavic Air
1220,DJI Mavic Air,2,4,0,Wi-Fi -> Wi-Fi 4 -> DJI Mavic Air
1221,DJI Mavic Air,2,4,0,Wi-Fi -> Wi-Fi 4 -> DJI Mavic Air
1222,DJI Mavic Air,2,4,0,Wi-Fi -> Wi-Fi 4 -> DJI Mavic Air
1223,DJI Mavic Air,2,4,0,Wi-Fi -> Wi-Fi 4 -> DJI Mavic Air
1224,DJI Mavic Air,2,4,0,Wi-Fi -> Wi-Fi 4 -> DJI Mavic Air
1225,DJI Mavic Air,2,4,0,Wi-Fi -> Wi-Fi 4 -> DJI Mavic Air
1226,DJI Mavic Air,2,4,0,Wi-Fi -> Wi-Fi 4 -> DJI Mavic Air
1227,DJI Mavic Air,2,4,0,Wi-Fi -> Wi-Fi 4 -> DJI Mavic Air
1228,DJI Mavic Air,2,4,0,Wi-Fi -> Wi-Fi 4 -> DJI Mavic Air
1229,DJI Mavic Air,2,4,0,Wi-Fi -> Wi-Fi 4 -> DJI Mavic Air
1230,DJI Mavic Air,2,4,0,Wi-Fi -> Wi-Fi 4 -> DJI Mavic Air
1231,DJI Mavic Air,2,4,0,Wi-Fi -> Wi-Fi 4 -> DJI Mavic Air
1232,DJI Mavic Air,2,4,0,Wi-Fi -> Wi-Fi 4 -> DJI Mavic Air
1233,DJI Mavic Air,2,4,0,Wi-Fi -> Wi-Fi 4 -> DJI Mavic Air
1234,DJI Mavic Air,2,4,0,Wi-Fi -> Wi-Fi 4 -> DJI Mavic Air
1235,DJI Mavic Air,2,4,0,Wi-Fi -> Wi-Fi 4 -> DJI Mavic Air
1236,DJI Mavic Air,2,4,0,Wi-Fi -> Wi-Fi 4 -> DJI Mavic Air
1237,DJI Mavic Air,2,4,0,Wi-Fi -> Wi-Fi 4 -> DJI Mavic Air
1238,DJI Mavic Air,2,4,0,Wi-Fi -> Wi-Fi 4 -> DJI Mavic Air
1239,DJI Mavic Air,2,4,0,Wi-Fi -> Wi-Fi 4 -> DJI Mavic Air
1240,DJI Mavic Air,2,4,0,Wi-Fi -> Wi-Fi 4 -> DJI Mavic Air
1241,DJI Mavic Air,2,4,0,Wi-Fi -> Wi-Fi 4 -> DJI Mavic Air
1242,DJI Mavic Air,2,4,0,Wi-Fi -> Wi-Fi 4 -> DJI Mavic Air
1243,DJI Mavic Air,2,4,0,Wi-Fi -> Wi-Fi 4 -> DJI Mavic Air
1244,DJI Mavic Air,2,4,0,Wi-Fi -> Wi-Fi 4 -> DJI Mavic Air
1245,DJI Mavic Air,2,4,0,Wi-Fi -> Wi-Fi 4 -> DJI Mavic Air
1246,DJI Mavic Air,2,4,0,Wi-Fi -> Wi-Fi 4 -> DJI Mavic Air
1247,DJI Mavic Air,2,4,0,Wi-Fi -> Wi-Fi 4 -> DJI Mavic Air
1248,DJI Mavic Air,2,4,0,Wi-Fi -> Wi-Fi 4 -> DJI Mavic Air
1249,DJI Mavic Air,2,4,0,Wi-Fi -> Wi-Fi 4 -> DJI Mavic Air
1250,DJI Mavic Air,2,4,0,Wi-Fi -> Wi-Fi 4 -> DJI Mavic Air
1251,DJI Mavic Air,2,4,0,Wi-Fi -> Wi-Fi 4 -> DJI Mavic Air
1252,DJI Mavic Air,2,4,0,Wi-Fi -> Wi-Fi 4 -> DJI Mavic Air
1253,DJI Mavic Air,2,4,0,Wi-Fi -> Wi-Fi 4 -> DJI Mavic Air
1254,DJI Mavic Air,2,4,0,Wi-Fi -> Wi-Fi 4 -> DJI Mavic Air
1255,DJI Mavic Air,2,4,0,Wi-Fi -> Wi-Fi 4 -> DJI Mavic Air
1256,DJI Mavic Air,2,4,0,Wi-Fi -> Wi-Fi 4 -> DJI Mavic Air
1257,DJI Mavic Air,2,4,0,Wi-Fi -> Wi-Fi 4 -> DJI Mavic Air
1258,DJI Mavic Air,2,4,0,Wi-Fi -> Wi-Fi 4 -> DJI Mavic Air
1259,DJI Mavic Air,2,4,0,Wi-Fi -> Wi-Fi 4 -> DJI Mavic Air
1260,DJI Mavic Air,2,4,0,Wi-Fi -> Wi-Fi 4 -> DJI Mavic Air
1261,DJI Mavic Air,2,4,0,Wi-Fi -> Wi-Fi 4 -> DJI Mavic Air
1262,DJI Mavic Air,2,4,0,Wi-Fi -> Wi-Fi 4 -> DJI Mavic Air
1263,DJI Mavic Air,2,4,0,Wi-Fi -> Wi-Fi 4 -> DJI Mavic Air
1264,DJI Mavic Air,2,4,0,Wi-Fi -> Wi-Fi 4 -> DJI Mavic Air
1265,DJI Mavic Air,2,4,0,Wi-Fi -> Wi-Fi 4 -> DJI Mavic Air
1266,DJI Mavic Air,2,4,0,Wi-Fi -> Wi-Fi 4 -> DJI Mavic Air
1267,DJI Mavic Air,2,4,0,Wi-Fi -> Wi-Fi 4 -> DJI Mavic Air
1268,DJI Mavic Air,2,4,0,Wi-Fi -> Wi-Fi 4 -> DJI Mavic Air
1269,DJI Mavic Air,2,4,0,Wi-Fi -> Wi-Fi 4 -> DJI Mavic Air
1270,DJI Mavic Air,2,4,0,Wi-Fi -> Wi-Fi 4 -> DJI Mavic Air
1271,DJI Mavic Air,2,4,0,Wi-Fi -> Wi-Fi 4 -> DJI Mavic Air
1272,DJI Mavic Air,2,4,0,Wi-Fi -> Wi-Fi 4 -> DJI Mavic Air
1273,DJI Mavic Air,2,4,0,Wi-Fi -> Wi-Fi 4 -> DJI Mavic Air
1274,DJI Mavic Air,2,4,0,Wi-Fi -> Wi-Fi 4 -> DJI Mavic Air
1275,DJI Mavic Mini 4,0,1,5,Pro-OFDM -> OcuSync -> DJI Mavic Mini 4
1276,DJI Mavic Mini 4,0,1,5,Pro-OFDM -> OcuSync -> DJI Mavic Mini 4
1277,DJI Mavic Mini 4,0,1,5,Pro-OFDM -> OcuSync -> DJI Mavic Mini 4
1278,DJI Mavic Mini 4,0,1,5,Pro-OFDM -> OcuSync -> DJI Mavic Mini 4
1279,DJI Mavic Mini 4,0,1,5,Pro-OFDM -> OcuSync -> DJI Mavic Mini 4
1280,DJI Mavic Mini 4,0,1,5,Pro-OFDM -> OcuSync -> DJI Mavic Mini 4
1281,DJI Mavic Mini 4,0,1,5,Pro-OFDM -> OcuSync -> DJI Mavic Mini 4
1282,DJI Mavic Mini 4,0,1,5,Pro-OFDM -> OcuSync -> DJI Mavic Mini 4
1283,DJI Mavic Mini 4,0,1,5,Pro-OFDM -> OcuSync -> DJI Mavic Mini 4
1284,DJI Mavic Mini 4,0,1,5,Pro-OFDM -> OcuSync -> DJI Mavic Mini 4
1285,DJI Mavic Mini 4,0,1,5,Pro-OFDM -> OcuSync -> DJI Mavic Mini 4
1286,DJI Mavic Mini 4,0,1,5,Pro-OFDM -> OcuSync -> DJI Mavic Mini 4
1287,DJI Mavic Mini 4,0,1,5,Pro-OFDM -> OcuSync -> DJI Mavic Mini 4
1288,DJI Mavic Mini 4,0,1,5,Pro-OFDM -> OcuSync -> DJI Mavic Mini 4
1289,DJI Mavic Mini 4,0,1,5,Pro-OFDM -> OcuSync -> DJI Mavic Mini 4
1290,DJI Mavic Mini 4,0,1,5,Pro-OFDM -> OcuSync -> DJI Mavic Mini 4
1291,DJI Mavic Mini 4,0,1,5,Pro-OFDM -> OcuSync -> DJI Mavic Mini 4
1292,DJI Mavic Mini 4,0,1,5,Pro-OFDM -> OcuSync -> DJI Mavic Mini 4
1293,DJI Mavic Mini 4,0,1,5,Pro-OFDM -> OcuSync -> DJI Mavic Mini 4
1294,DJI Mavic Mini 4,0,1,5,Pro-OFDM -> OcuSync -> DJI Mavic Mini 4
1295,DJI Mavic Mini 4,0,1,5,Pro-OFDM -> OcuSync -> DJI Mavic Mini 4
1296,DJI Mavic Mini 4,0,1,5,Pro-OFDM -> OcuSync -> DJI Mavic Mini 4
1297,DJI Mavic Mini 4,0,1,5,Pro-OFDM -> OcuSync -> DJI Mavic Mini 4
1298,DJI Mavic Mini 4,0,1,5,Pro-OFDM -> OcuSync -> DJI Mavic Mini 4
1299,DJI Mavic Mini 4,0,1,5,Pro-OFDM -> OcuSync -> DJI Mavic Mini 4
1300,DJI Mavic Mini 4,0,1,5,Pro-OFDM -> OcuSync -> DJI Mavic Mini 4
1301,DJI Mavic Mini 4,0,1,5,Pro-OFDM -> OcuSync -> DJI Mavic Mini 4
1302,DJI Mavic Mini 4,0,1,5,Pro-OFDM -> OcuSync -> DJI Mavic Mini 4
1303,DJI Mavic Mini 4,0,1,5,Pro-OFDM -> OcuSync -> DJI Mavic Mini 4
1304,DJI Mavic Mini 4,0,1,5,Pro-OFDM -> OcuSync -> DJI Mavic Mini 4
1305,DJI Mavic Mini 4,0,1,5,Pro-OFDM -> OcuSync -> DJI Mavic Mini 4
1306,DJI Mavic Mini 4,0,1,5,Pro-OFDM -> OcuSync -> DJI Mavic Mini 4
1307,DJI Mavic Mini 4,0,1,5,Pro-OFDM -> OcuSync -> DJI Mavic Mini 4
1308,DJI Mavic Mini 4,0,1,5,Pro-OFDM -> OcuSync -> DJI Mavic Mini 4
1309,DJI Mavic Mini 4,0,1,5,Pro-OFDM -> OcuSync -> DJI Mavic Mini 4
1310,DJI Mavic Mini 4,0,1,5,Pro-OFDM -> OcuSync -> DJI Mavic Mini 4
1311,DJI Mavic Mini 4,0,1,5,Pro-OFDM -> OcuSync -> DJI Mavic Mini 4
1312,DJI Mavic Mini 4,0,1,5,Pro-OFDM -> OcuSync -> DJI Mavic Mini 4
1313,DJI Mavic Mini 4,0,1,5,Pro-OFDM -> OcuSync -> DJI Mavic Mini 4
1314,DJI Mavic Mini 4,0,1,5,Pro-OFDM -> OcuSync -> DJI Mavic Mini 4
1315,DJI Mavic Mini 4,0,1,5,Pro-OFDM -> OcuSync -> DJI Mavic Mini 4
1316,DJI Mavic Mini 4,0,1,5,Pro-OFDM -> OcuSync -> DJI Mavic Mini 4
1317,DJI Mavic Mini 4,0,1,5,Pro-OFDM -> OcuSync -> DJI Mavic Mini 4
1318,DJI Mavic Mini 4,0,1,5,Pro-OFDM -> OcuSync -> DJI Mavic Mini 4
1319,DJI Mavic Mini 4,0,1,5,Pro-OFDM -> OcuSync -> DJI Mavic Mini 4
1320,DJI Mavic Mini 4,0,1,5,Pro-OFDM -> OcuSync -> DJI Mavic Mini 4
1321,DJI Mavic Mini 4,0,1,5,Pro-OFDM -> OcuSync -> DJI Mavic Mini 4
1322,DJI Mavic Mini 4,0,1,5,Pro-OFDM -> OcuSync -> DJI Mavic Mini 4
1323,DJI Mavic Mini 4,0,1,5,Pro-OFDM -> OcuSync -> DJI Mavic Mini 4
1324,DJI Mavic Mini 4,0,1,5,Pro-OFDM -> OcuSync -> DJI Mavic Mini 4
1325,DJI Mavic Mini 4,0,1,5,Pro-OFDM -> OcuSync -> DJI Mavic Mini 4
1326,DJI Mavic Mini 4,0,1,5,Pro-OFDM -> OcuSync -> DJI Mavic Mini 4
1327,DJI Mavic Mini 4,0,1,5,Pro-OFDM -> OcuSync -> DJI Mavic Mini 4
1328,DJI Mavic Mini 4,0,1,5,Pro-OFDM -> OcuSync -> DJI Mavic Mini 4
1329,DJI Mavic Mini 4,0,1,5,Pro-OFDM -> OcuSync -> DJI Mavic Mini 4
1330,DJI Mavic Mini 4,0,1,5,Pro-OFDM -> OcuSync -> DJI Mavic Mini 4
1331,DJI Mavic Mini 4,0,1,5,Pro-OFDM -> OcuSync -> DJI Mavic Mini 4
1332,DJI Mavic Mini 4,0,1,5,Pro-OFDM -> OcuSync -> DJI Mavic Mini 4
1333,DJI Mavic Mini 4,0,1,5,Pro-OFDM -> OcuSync -> DJI Mavic Mini 4
1334,DJI Mavic Mini 4,0,1,5,Pro-OFDM -> OcuSync -> DJI Mavic Mini 4
1335,DJI Mavic Mini 4,0,1,5,Pro-OFDM -> OcuSync -> DJI Mavic Mini 4
1336,DJI Mavic Mini 4,0,1,5,Pro-OFDM -> OcuSync -> DJI Mavic Mini 4
1337,DJI Mavic Mini 4,0,1,5,Pro-OFDM -> OcuSync -> DJI Mavic Mini 4
1338,DJI Mavic Mini 4,0,1,5,Pro-OFDM -> OcuSync -> DJI Mavic Mini 4
1339,DJI Mavic Mini 4,0,1,5,Pro-OFDM -> OcuSync -> DJI Mavic Mini 4
1340,DJI Mavic Mini 4,0,1,5,Pro-OFDM -> OcuSync -> DJI Mavic Mini 4
1341,DJI Mavic Mini 4,0,1,5,Pro-OFDM -> OcuSync -> DJI Mavic Mini 4
1342,DJI Mavic Mini 4,0,1,5,Pro-OFDM -> OcuSync -> DJI Mavic Mini 4
1343,DJI Mavic Mini 4,0,1,5,Pro-OFDM -> OcuSync -> DJI Mavic Mini 4
1344,DJI Mavic Mini 4,0,1,5,Pro-OFDM -> OcuSync -> DJI Mavic Mini 4
1345,DJI Mavic Mini 4,0,1,5,Pro-OFDM -> OcuSync -> DJI Mavic Mini 4
1346,DJI Mavic Mini 4,0,1,5,Pro-OFDM -> OcuSync -> DJI Mavic Mini 4
1347,DJI Mavic Mini 4,0,1,5,Pro-OFDM -> OcuSync -> DJI Mavic Mini 4
1348,DJI Mavic Mini 4,0,1,5,Pro-OFDM -> OcuSync -> DJI Mavic Mini 4
1349,DJI Mavic Mini 4,0,1,5,Pro-OFDM -> OcuSync -> DJI Mavic Mini 4
1350,DJI Mavic Mini 4,0,1,5,Pro-OFDM -> OcuSync -> DJI Mavic Mini 4
1351,DJI Mavic Mini 4,0,1,5,Pro-OFDM -> OcuSync -> DJI Mavic Mini 4
1352,DJI Mavic Mini 4,0,1,5,Pro-OFDM -> OcuSync -> DJI Mavic Mini 4
1353,DJI Mavic Mini 4,0,1,5,Pro-OFDM -> OcuSync -> DJI Mavic Mini 4
1354,DJI Mavic Mini 4,0,1,5,Pro-OFDM -> OcuSync -> DJI Mavic Mini 4
1355,DJI Mavic Mini 4,0,1,5,Pro-OFDM -> OcuSync -> DJI Mavic Mini 4
1356,DJI Mavic Mini 4,0,1,5,Pro-OFDM -> OcuSync -> DJI Mavic Mini 4
1357,DJI Mavic Mini 4,0,1,5,Pro-OFDM -> OcuSync -> DJI Mavic Mini 4
1358,DJI Mavic Mini 4,0,1,5,Pro-OFDM -> OcuSync -> DJI Mavic Mini 4
1359,DJI Mavic Mini 4,0,1,5,Pro-OFDM -> OcuSync -> DJI Mavic Mini 4
1360,DJI Mavic Mini 4,0,1,5,Pro-OFDM -> OcuSync -> DJI Mavic Mini 4
1361,DJI Mavic Mini 4,0,1,5,Pro-OFDM -> OcuSync -> DJI Mavic Mini 4
1362,DJI Mavic Mini 4,0,1,5,Pro-OFDM -> OcuSync -> DJI Mavic Mini 4
1363,DJI Mavic Mini 4,0,1,5,Pro-OFDM -> OcuSync -> DJI Mavic Mini 4
1364,DJI Mavic Mini 4,0,1,5,Pro-OFDM -> OcuSync -> DJI Mavic Mini 4
1365,DJI Mavic Mini 4,0,1,5,Pro-OFDM -> OcuSync -> DJI Mavic Mini 4
1366,DJI Mavic Mini 4,0,1,5,Pro-OFDM -> OcuSync -> DJI Mavic Mini 4
1367,DJI Mavic Mini 4,0,1,5,Pro-OFDM -> OcuSync -> DJI Mavic Mini 4
1368,DJI Mavic Mini 4,0,1,5,Pro-OFDM -> OcuSync -> DJI Mavic Mini 4
1369,DJI Mavic Mini 4,0,1,5,Pro-OFDM -> OcuSync -> DJI Mavic Mini 4
1370,DJI Mavic Mini 4,0,1,5,Pro-OFDM -> OcuSync -> DJI Mavic Mini 4
1371,DJI Mavic Mini 4,0,1,5,Pro-OFDM -> OcuSync -> DJI Mavic Mini 4
1372,DJI Mavic Mini 4,0,1,5,Pro-OFDM -> OcuSync -> DJI Mavic Mini 4
1373,DJI Mavic Mini 4,0,1,5,Pro-OFDM -> OcuSync -> DJI Mavic Mini 4
1374,DJI Mavic Mini 4,0,1,5,Pro-OFDM -> OcuSync -> DJI Mavic Mini 4
1375,DJI Mavic Mini 4,0,1,5,Pro-OFDM -> OcuSync -> DJI Mavic Mini 4
1376,DJI Mavic Mini 4,0,1,5,Pro-OFDM -> OcuSync -> DJI Mavic Mini 4
1377,DJI Mavic Mini 4,0,1,5,Pro-OFDM -> OcuSync -> DJI Mavic Mini 4
1378,DJI Mavic Mini 4,0,1,5,Pro-OFDM -> OcuSync -> DJI Mavic Mini 4
1379,DJI Mavic Mini 4,0,1,5,Pro-OFDM -> OcuSync -> DJI Mavic Mini 4
1380,DJI Mavic Mini 4,0,1,5,Pro-OFDM -> OcuSync -> DJI Mavic Mini 4
1381,DJI Mavic Mini 4,0,1,5,Pro-OFDM -> OcuSync -> DJI Mavic Mini 4
1382,DJI Mavic Mini 4,0,1,5,Pro-OFDM -> OcuSync -> DJI Mavic Mini 4
1383,DJI Mavic Mini 4,0,1,5,Pro-OFDM -> OcuSync -> DJI Mavic Mini 4
1384,DJI Mavic Mini 4,0,1,5,Pro-OFDM -> OcuSync -> DJI Mavic Mini 4
1385,DJI Mavic Mini 4,0,1,5,Pro-OFDM -> OcuSync -> DJI Mavic Mini 4
1386,DJI Mavic Mini 4,0,1,5,Pro-OFDM -> OcuSync -> DJI Mavic Mini 4
1387,DJI Mavic Mini 4,0,1,5,Pro-OFDM -> OcuSync -> DJI Mavic Mini 4
1388,DJI Mavic Mini 4,0,1,5,Pro-OFDM -> OcuSync -> DJI Mavic Mini 4
1389,DJI Mavic Mini 4,0,1,5,Pro-OFDM -> OcuSync -> DJI Mavic Mini 4
1390,DJI Mavic Mini 4,0,1,5,Pro-OFDM -> OcuSync -> DJI Mavic Mini 4
1391,DJI Mavic Mini 4,0,1,5,Pro-OFDM -> OcuSync -> DJI Mavic Mini 4
1392,DJI Mavic Mini 4,0,1,5,Pro-OFDM -> OcuSync -> DJI Mavic Mini 4
1393,DJI Mavic Mini 4,0,1,5,Pro-OFDM -> OcuSync -> DJI Mavic Mini 4
1394,DJI Mavic Mini 4,0,1,5,Pro-OFDM -> OcuSync -> DJI Mavic Mini 4
1395,DJI Mavic Mini 4,0,1,5,Pro-OFDM -> OcuSync -> DJI Mavic Mini 4
1396,DJI Mavic Mini 4,0,1,5,Pro-OFDM -> OcuSync -> DJI Mavic Mini 4
1397,DJI Mavic Mini 4,0,1,5,Pro-OFDM -> OcuSync -> DJI Mavic Mini 4
1398,DJI Mavic Mini 4,0,1,5,Pro-OFDM -> OcuSync -> DJI Mavic Mini 4
1399,DJI Mavic Mini 4,0,1,5,Pro-OFDM -> OcuSync -> DJI Mavic Mini 4
1400,DJI Mavic Mini 4,0,1,5,Pro-OFDM -> OcuSync -> DJI Mavic Mini 4
1401,DJI Mavic Mini 4,0,1,5,Pro-OFDM -> OcuSync -> DJI Mavic Mini 4
1402,DJI Mavic Mini 4,0,1,5,Pro-OFDM -> OcuSync -> DJI Mavic Mini 4
1403,DJI Mavic Mini 4,0,1,5,Pro-OFDM -> OcuSync -> DJI Mavic Mini 4
1404,DJI Mavic Mini 4,0,1,5,Pro-OFDM -> OcuSync -> DJI Mavic Mini 4
1405,DJI Mavic Mini 4,0,1,5,Pro-OFDM -> OcuSync -> DJI Mavic Mini 4
1406,DJI Mavic Mini 4,0,1,5,Pro-OFDM -> OcuSync -> DJI Mavic Mini 4
1407,DJI Mavic Mini 4,0,1,5,Pro-OFDM -> OcuSync -> DJI Mavic Mini 4
1408,DJI Mavic Mini 4,0,1,5,Pro-OFDM -> OcuSync -> DJI Mavic Mini 4
1409,DJI Mavic Mini 4,0,1,5,Pro-OFDM -> OcuSync -> DJI Mavic Mini 4
1410,DJI Mavic Mini 4,0,1,5,Pro-OFDM -> OcuSync -> DJI Mavic Mini 4
1411,DJI Mavic Mini 4,0,1,5,Pro-OFDM -> OcuSync -> DJI Mavic Mini 4
1412,DJI Mavic Mini 4,0,1,5,Pro-OFDM -> OcuSync -> DJI Mavic Mini 4
1413,DJI Mavic Mini 4,0,1,5,Pro-OFDM -> OcuSync -> DJI Mavic Mini 4
1414,DJI Mavic Mini 4,0,1,5,Pro-OFDM -> OcuSync -> DJI Mavic Mini 4
1415,DJI Mavic Mini 4,0,1,5,Pro-OFDM -> OcuSync -> DJI Mavic Mini 4
1416,DJI Mavic Mini 4,0,1,5,Pro-OFDM -> OcuSync -> DJI Mavic Mini 4
1417,DJI Mavic Mini 4,0,1,5,Pro-OFDM -> OcuSync -> DJI Mavic Mini 4
1418,DJI Mavic Mini 4,0,1,5,Pro-OFDM -> OcuSync -> DJI Mavic Mini 4
1419,DJI Mavic Mini 4,0,1,5,Pro-OFDM -> OcuSync -> DJI Mavic Mini 4
1420,DJI Mavic Mini 4,0,1,5,Pro-OFDM -> OcuSync -> DJI Mavic Mini 4
1421,DJI Mavic Mini 4,0,1,5,Pro-OFDM -> OcuSync -> DJI Mavic Mini 4
1422,DJI Mavic Mini 4,0,1,5,Pro-OFDM -> OcuSync -> DJI Mavic Mini 4
1423,DJI Mavic Mini 4,0,1,5,Pro-OFDM -> OcuSync -> DJI Mavic Mini 4
1424,DJI Mavic Mini 4,0,1,5,Pro-OFDM -> OcuSync -> DJI Mavic Mini 4
1425,DJI Mavic Mini 4,0,1,5,Pro-OFDM -> OcuSync -> DJI Mavic Mini 4
1426,DJI Mavic Mini 4,0,1,5,Pro-OFDM -> OcuSync -> DJI Mavic Mini 4
1427,DJI Mavic Mini 4,0,1,5,Pro-OFDM -> OcuSync -> DJI Mavic Mini 4
1428,DJI Mavic Mini 4,0,1,5,Pro-OFDM -> OcuSync -> DJI Mavic Mini 4
1429,DJI Mavic Mini 4,0,1,5,Pro-OFDM -> OcuSync -> DJI Mavic Mini 4
1430,DJI Mavic Mini 4,0,1,5,Pro-OFDM -> OcuSync -> DJI Mavic Mini 4
1431,DJI Mavic Mini 4,0,1,5,Pro-OFDM -> OcuSync -> DJI Mavic Mini 4
1432,DJI Mavic Mini 4,0,1,5,Pro-OFDM -> OcuSync -> DJI Mavic Mini 4
1433,DJI Mavic Mini 4,0,1,5,Pro-OFDM -> OcuSync -> DJI Mavic Mini 4
1434,DJI Mavic Mini 4,0,1,5,Pro-OFDM -> OcuSync -> DJI Mavic Mini 4
1435,DJI Mavic Mini 4,0,1,5,Pro-OFDM -> OcuSync -> DJI Mavic Mini 4
1436,DJI Mavic Mini 4,0,1,5,Pro-OFDM -> OcuSync -> DJI Mavic Mini 4
1437,DJI Mavic Mini 4,0,1,5,Pro-OFDM -> OcuSync -> DJI Mavic Mini 4
1438,DJI Mavic Mini 4,0,1,5,Pro-OFDM -> OcuSync -> DJI Mavic Mini 4
1439,DJI Mavic Mini 4,0,1,5,Pro-OFDM -> OcuSync -> DJI Mavic Mini 4
1440,DJI Mavic Mini 4,0,1,5,Pro-OFDM -> OcuSync -> DJI Mavic Mini 4
1441,DJI Mavic Mini 4,0,1,5,Pro-OFDM -> OcuSync -> DJI Mavic Mini 4
1442,DJI Mavic Mini 4,0,1,5,Pro-OFDM -> OcuSync -> DJI Mavic Mini 4
1443,DJI Mavic Mini 4,0,1,5,Pro-OFDM -> OcuSync -> DJI Mavic Mini 4
1444,DJI Mavic Mini 4,0,1,5,Pro-OFDM -> OcuSync -> DJI Mavic Mini 4
1445,DJI Mavic Mini 4,0,1,5,Pro-OFDM -> OcuSync -> DJI Mavic Mini 4
1446,DJI Mavic Mini 4,0,1,5,Pro-OFDM -> OcuSync -> DJI Mavic Mini 4
1447,DJI Mavic Mini 4,0,1,5,Pro-OFDM -> OcuSync -> DJI Mavic Mini 4
1448,DJI Mavic Mini 4,0,1,5,Pro-OFDM -> OcuSync -> DJI Mavic Mini 4
1449,DJI Mavic Mini 4,0,1,5,Pro-OFDM -> OcuSync -> DJI Mavic Mini 4
1450,DJI Mavic Mini 4,0,1,5,Pro-OFDM -> OcuSync -> DJI Mavic Mini 4
1451,DJI Mavic Mini 4,0,1,5,Pro-OFDM -> OcuSync -> DJI Mavic Mini 4
1452,DJI Mavic Mini 4,0,1,5,Pro-OFDM -> OcuSync -> DJI Mavic Mini 4
1453,DJI Mavic Mini 4,0,1,5,Pro-OFDM -> OcuSync -> DJI Mavic Mini 4
1454,DJI Mavic Mini 4,0,1,5,Pro-OFDM -> OcuSync -> DJI Mavic Mini 4
1455,DJI Mavic Mini 4,0,1,5,Pro-OFDM -> OcuSync -> DJI Mavic Mini 4
1456,DJI Mavic Mini 4,0,1,5,Pro-OFDM -> OcuSync -> DJI Mavic Mini 4
1457,DJI Mavic Mini 4,0,1,5,Pro-OFDM -> OcuSync -> DJI Mavic Mini 4
1458,DJI Mavic Mini 4,0,1,5,Pro-OFDM -> OcuSync -> DJI Mavic Mini 4
1459,DJI Mavic Pro,0,1,1,Pro-OFDM -> OcuSync -> DJI Mavic Pro
1460,DJI Mavic Pro,0,1,1,Pro-OFDM -> OcuSync -> DJI Mavic Pro
1461,DJI Mavic Pro,0,1,1,Pro-OFDM -> OcuSync -> DJI Mavic Pro
1462,DJI Mavic Pro,0,1,1,Pro-OFDM -> OcuSync -> DJI Mavic Pro
1463,DJI Mavic Pro,0,1,1,Pro-OFDM -> OcuSync -> DJI Mavic Pro
1464,DJI Mavic Pro,0,1,1,Pro-OFDM -> OcuSync -> DJI Mavic Pro
1465,DJI Mavic Pro,0,1,1,Pro-OFDM -> OcuSync -> DJI Mavic Pro
1466,DJI Mavic Pro,0,1,1,Pro-OFDM -> OcuSync -> DJI Mavic Pro
1467,DJI Mavic Pro,0,1,1,Pro-OFDM -> OcuSync -> DJI Mavic Pro
1468,DJI Mavic Pro,0,1,1,Pro-OFDM -> OcuSync -> DJI Mavic Pro
1469,DJI Mavic Pro,0,1,1,Pro-OFDM -> OcuSync -> DJI Mavic Pro
1470,DJI Mavic Pro,0,1,1,Pro-OFDM -> OcuSync -> DJI Mavic Pro
1471,DJI Mavic Pro,0,1,1,Pro-OFDM -> OcuSync -> DJI Mavic Pro
1472,DJI Mavic Pro,0,1,1,Pro-OFDM -> OcuSync -> DJI Mavic Pro
1473,DJI Mavic Pro,0,1,1,Pro-OFDM -> OcuSync -> DJI Mavic Pro
1474,DJI Mavic Pro,0,1,1,Pro-OFDM -> OcuSync -> DJI Mavic Pro
1475,DJI Mavic Pro,0,1,1,Pro-OFDM -> OcuSync -> DJI Mavic Pro
1476,DJI Mavic Pro,0,1,1,Pro-OFDM -> OcuSync -> DJI Mavic Pro
1477,DJI Mavic Pro,0,1,1,Pro-OFDM -> OcuSync -> DJI Mavic Pro
1478,DJI Mavic Pro,0,1,1,Pro-OFDM -> OcuSync -> DJI Mavic Pro
1479,DJI Mavic Pro,0,1,1,Pro-OFDM -> OcuSync -> DJI Mavic Pro
1480,DJI Mavic Pro,0,1,1,Pro-OFDM -> OcuSync -> DJI Mavic Pro
1481,DJI Mavic Pro,0,1,1,Pro-OFDM -> OcuSync -> DJI Mavic Pro
1482,DJI Mavic Pro,0,1,1,Pro-OFDM -> OcuSync -> DJI Mavic Pro
1483,DJI Mavic Pro,0,1,1,Pro-OFDM -> OcuSync -> DJI Mavic Pro
1484,DJI Mavic Pro,0,1,1,Pro-OFDM -> OcuSync -> DJI Mavic Pro
1485,DJI Mavic Pro,0,1,1,Pro-OFDM -> OcuSync -> DJI Mavic Pro
1486,DJI Mavic Pro,0,1,1,Pro-OFDM -> OcuSync -> DJI Mavic Pro
1487,DJI Mavic Pro,0,1,1,Pro-OFDM -> OcuSync -> DJI Mavic Pro
1488,DJI Mavic Pro,0,1,1,Pro-OFDM -> OcuSync -> DJI Mavic Pro
1489,DJI Mavic Pro,0,1,1,Pro-OFDM -> OcuSync -> DJI Mavic Pro
1490,DJI Mavic Pro,0,1,1,Pro-OFDM -> OcuSync -> DJI Mavic Pro
1491,DJI Mavic Pro,0,1,1,Pro-OFDM -> OcuSync -> DJI Mavic Pro
1492,DJI Mavic Pro,0,1,1,Pro-OFDM -> OcuSync -> DJI Mavic Pro
1493,DJI Mavic Pro,0,1,1,Pro-OFDM -> OcuSync -> DJI Mavic Pro
1494,DJI Mavic Pro,0,1,1,Pro-OFDM -> OcuSync -> DJI Mavic Pro
1495,DJI Mavic Pro,0,1,1,Pro-OFDM -> OcuSync -> DJI Mavic Pro
1496,DJI Mavic Pro,0,1,1,Pro-OFDM -> OcuSync -> DJI Mavic Pro
1497,DJI Mavic Pro,0,1,1,Pro-OFDM -> OcuSync -> DJI Mavic Pro
1498,DJI Mavic Pro,0,1,1,Pro-OFDM -> OcuSync -> DJI Mavic Pro
1499,DJI Mavic Pro,0,1,1,Pro-OFDM -> OcuSync -> DJI Mavic Pro
1500,DJI Mavic Pro,0,1,1,Pro-OFDM -> OcuSync -> DJI Mavic Pro
1501,DJI Mavic Pro,0,1,1,Pro-OFDM -> OcuSync -> DJI Mavic Pro
1502,DJI Mavic Pro,0,1,1,Pro-OFDM -> OcuSync -> DJI Mavic Pro
1503,DJI Mavic Pro,0,1,1,Pro-OFDM -> OcuSync -> DJI Mavic Pro
1504,DJI Mavic Pro,0,1,1,Pro-OFDM -> OcuSync -> DJI Mavic Pro
1505,DJI Mavic Pro,0,1,1,Pro-OFDM -> OcuSync -> DJI Mavic Pro
1506,DJI Mavic Pro,0,1,1,Pro-OFDM -> OcuSync -> DJI Mavic Pro
1507,DJI Mavic Pro,0,1,1,Pro-OFDM -> OcuSync -> DJI Mavic Pro
1508,DJI Mavic Pro,0,1,1,Pro-OFDM -> OcuSync -> DJI Mavic Pro
1509,DJI Mavic Pro,0,1,1,Pro-OFDM -> OcuSync -> DJI Mavic Pro
1510,DJI Mavic Pro,0,1,1,Pro-OFDM -> OcuSync -> DJI Mavic Pro
1511,DJI Mavic Pro,0,1,1,Pro-OFDM -> OcuSync -> DJI Mavic Pro
1512,DJI Mavic Pro,0,1,1,Pro-OFDM -> OcuSync -> DJI Mavic Pro
1513,DJI Mavic Pro,0,1,1,Pro-OFDM -> OcuSync -> DJI Mavic Pro
1514,DJI Mavic Pro,0,1,1,Pro-OFDM -> OcuSync -> DJI Mavic Pro
1515,DJI Mavic Pro,0,1,1,Pro-OFDM -> OcuSync -> DJI Mavic Pro
1516,DJI Mavic Pro,0,1,1,Pro-OFDM -> OcuSync -> DJI Mavic Pro
1517,DJI Mavic Pro,0,1,1,Pro-OFDM -> OcuSync -> DJI Mavic Pro
1518,DJI Mavic Pro,0,1,1,Pro-OFDM -> OcuSync -> DJI Mavic Pro
1519,DJI Mavic Pro,0,1,1,Pro-OFDM -> OcuSync -> DJI Mavic Pro
1520,DJI Mavic Pro,0,1,1,Pro-OFDM -> OcuSync -> DJI Mavic Pro
1521,DJI Mavic Pro,0,1,1,Pro-OFDM -> OcuSync -> DJI Mavic Pro
1522,DJI Mavic Pro,0,1,1,Pro-OFDM -> OcuSync -> DJI Mavic Pro
1523,DJI Mavic Pro,0,1,1,Pro-OFDM -> OcuSync -> DJI Mavic Pro
1524,DJI Mavic Pro,0,1,1,Pro-OFDM -> OcuSync -> DJI Mavic Pro
1525,DJI Mavic Pro,0,1,1,Pro-OFDM -> OcuSync -> DJI Mavic Pro
1526,DJI Mavic Pro,0,1,1,Pro-OFDM -> OcuSync -> DJI Mavic Pro
1527,DJI Mavic Pro,0,1,1,Pro-OFDM -> OcuSync -> DJI Mavic Pro
1528,DJI Mavic Pro,0,1,1,Pro-OFDM -> OcuSync -> DJI Mavic Pro
1529,DJI Mavic Pro,0,1,1,Pro-OFDM -> OcuSync -> DJI Mavic Pro
1530,DJI Mavic Pro,0,1,1,Pro-OFDM -> OcuSync -> DJI Mavic Pro
1531,DJI Mavic Pro,0,1,1,Pro-OFDM -> OcuSync -> DJI Mavic Pro
1532,DJI Mavic Pro,0,1,1,Pro-OFDM -> OcuSync -> DJI Mavic Pro
1533,DJI Mavic Pro,0,1,1,Pro-OFDM -> OcuSync -> DJI Mavic Pro
1534,DJI Mavic Pro,0,1,1,Pro-OFDM -> OcuSync -> DJI Mavic Pro
1535,DJI Mavic Pro,0,1,1,Pro-OFDM -> OcuSync -> DJI Mavic Pro
1536,DJI Mavic Pro,0,1,1,Pro-OFDM -> OcuSync -> DJI Mavic Pro
1537,DJI Mavic Pro,0,1,1,Pro-OFDM -> OcuSync -> DJI Mavic Pro
1538,DJI Mavic Pro,0,1,1,Pro-OFDM -> OcuSync -> DJI Mavic Pro
1539,DJI Mavic Pro,0,1,1,Pro-OFDM -> OcuSync -> DJI Mavic Pro
1540,DJI Mavic Pro,0,1,1,Pro-OFDM -> OcuSync -> DJI Mavic Pro
1541,DJI Mavic Pro,0,1,1,Pro-OFDM -> OcuSync -> DJI Mavic Pro
1542,DJI Mavic Pro,0,1,1,Pro-OFDM -> OcuSync -> DJI Mavic Pro
1543,DJI Mavic Pro,0,1,1,Pro-OFDM -> OcuSync -> DJI Mavic Pro
1544,DJI Mavic Pro,0,1,1,Pro-OFDM -> OcuSync -> DJI Mavic Pro
1545,DJI Mavic Pro,0,1,1,Pro-OFDM -> OcuSync -> DJI Mavic Pro
1546,DJI Mavic Pro,0,1,1,Pro-OFDM -> OcuSync -> DJI Mavic Pro
1547,DJI Mavic Pro,0,1,1,Pro-OFDM -> OcuSync -> DJI Mavic Pro
1548,DJI Mavic Pro,0,1,1,Pro-OFDM -> OcuSync -> DJI Mavic Pro
1549,DJI Mavic Pro,0,1,1,Pro-OFDM -> OcuSync -> DJI Mavic Pro
1550,DJI Mavic Pro,0,1,1,Pro-OFDM -> OcuSync -> DJI Mavic Pro
1551,DJI Mavic Pro,0,1,1,Pro-OFDM -> OcuSync -> DJI Mavic Pro
1552,DJI Mavic Pro,0,1,1,Pro-OFDM -> OcuSync -> DJI Mavic Pro
1553,DJI Mavic Pro,0,1,1,Pro-OFDM -> OcuSync -> DJI Mavic Pro
1554,DJI Mavic Pro,0,1,1,Pro-OFDM -> OcuSync -> DJI Mavic Pro
1555,DJI Mavic Pro,0,1,1,Pro-OFDM -> OcuSync -> DJI Mavic Pro
1556,DJI Mavic Pro,0,1,1,Pro-OFDM -> OcuSync -> DJI Mavic Pro
1557,DJI Mavic Pro,0,1,1,Pro-OFDM -> OcuSync -> DJI Mavic Pro
1558,DJI Mavic Pro,0,1,1,Pro-OFDM -> OcuSync -> DJI Mavic Pro
1559,DJI Mavic Pro,0,1,1,Pro-OFDM -> OcuSync -> DJI Mavic Pro
1560,DJI Mavic Pro,0,1,1,Pro-OFDM -> OcuSync -> DJI Mavic Pro
1561,DJI Mavic Pro,0,1,1,Pro-OFDM -> OcuSync -> DJI Mavic Pro
1562,DJI Mavic Pro,0,1,1,Pro-OFDM -> OcuSync -> DJI Mavic Pro
1563,DJI Mavic Pro,0,1,1,Pro-OFDM -> OcuSync -> DJI Mavic Pro
1564,DJI Mavic Pro,0,1,1,Pro-OFDM -> OcuSync -> DJI Mavic Pro
1565,DJI Mavic Pro,0,1,1,Pro-OFDM -> OcuSync -> DJI Mavic Pro
1566,DJI Mavic Pro,0,1,1,Pro-OFDM -> OcuSync -> DJI Mavic Pro
1567,DJI Mavic Pro,0,1,1,Pro-OFDM -> OcuSync -> DJI Mavic Pro
1568,DJI Mavic Pro,0,1,1,Pro-OFDM -> OcuSync -> DJI Mavic Pro
1569,DJI Mavic Pro,0,1,1,Pro-OFDM -> OcuSync -> DJI Mavic Pro
1570,DJI Mavic Pro,0,1,1,Pro-OFDM -> OcuSync -> DJI Mavic Pro
1571,DJI Mavic Pro,0,1,1,Pro-OFDM -> OcuSync -> DJI Mavic Pro
1572,DJI Mavic Pro,0,1,1,Pro-OFDM -> OcuSync -> DJI Mavic Pro
1573,DJI Mavic Pro,0,1,1,Pro-OFDM -> OcuSync -> DJI Mavic Pro
1574,DJI Mavic Pro,0,1,1,Pro-OFDM -> OcuSync -> DJI Mavic Pro
1575,DJI Mavic Pro,0,1,1,Pro-OFDM -> OcuSync -> DJI Mavic Pro
1576,DJI Mavic Pro,0,1,1,Pro-OFDM -> OcuSync -> DJI Mavic Pro
1577,DJI Mavic Pro,0,1,1,Pro-OFDM -> OcuSync -> DJI Mavic Pro
1578,DJI Mavic Pro,0,1,1,Pro-OFDM -> OcuSync -> DJI Mavic Pro
1579,DJI Mavic Pro,0,1,1,Pro-OFDM -> OcuSync -> DJI Mavic Pro
1580,DJI Mavic Pro,0,1,1,Pro-OFDM -> OcuSync -> DJI Mavic Pro
1581,DJI Mavic Pro,0,1,1,Pro-OFDM -> OcuSync -> DJI Mavic Pro
1582,DJI Mavic Pro,0,1,1,Pro-OFDM -> OcuSync -> DJI Mavic Pro
1583,DJI Mavic Pro,0,1,1,Pro-OFDM -> OcuSync -> DJI Mavic Pro
1584,DJI Mavic Pro,0,1,1,Pro-OFDM -> OcuSync -> DJI Mavic Pro
1585,DJI Mavic Pro,0,1,1,Pro-OFDM -> OcuSync -> DJI Mavic Pro
1586,DJI Mavic Pro,0,1,1,Pro-OFDM -> OcuSync -> DJI Mavic Pro
1587,DJI Mavic Pro,0,1,1,Pro-OFDM -> OcuSync -> DJI Mavic Pro
1588,DJI Mavic Pro,0,1,1,Pro-OFDM -> OcuSync -> DJI Mavic Pro
1589,DJI Mavic Pro,0,1,1,Pro-OFDM -> OcuSync -> DJI Mavic Pro
1590,DJI Mavic Pro,0,1,1,Pro-OFDM -> OcuSync -> DJI Mavic Pro
1591,DJI Mavic Pro,0,1,1,Pro-OFDM -> OcuSync -> DJI Mavic Pro
1592,DJI Mavic Pro,0,1,1,Pro-OFDM -> OcuSync -> DJI Mavic Pro
1593,DJI Mavic Pro,0,1,1,Pro-OFDM -> OcuSync -> DJI Mavic Pro
1594,DJI Mavic Pro,0,1,1,Pro-OFDM -> OcuSync -> DJI Mavic Pro
1595,DJI Mavic Pro,0,1,1,Pro-OFDM -> OcuSync -> DJI Mavic Pro
1596,DJI Mavic Pro,0,1,1,Pro-OFDM -> OcuSync -> DJI Mavic Pro
1597,DJI Mavic Pro,0,1,1,Pro-OFDM -> OcuSync -> DJI Mavic Pro
1598,DJI Mavic Pro,0,1,1,Pro-OFDM -> OcuSync -> DJI Mavic Pro
1599,DJI Mavic Pro,0,1,1,Pro-OFDM -> OcuSync -> DJI Mavic Pro
1600,DJI Mavic Pro,0,1,1,Pro-OFDM -> OcuSync -> DJI Mavic Pro
1601,DJI Mavic Pro,0,1,1,Pro-OFDM -> OcuSync -> DJI Mavic Pro
1602,DJI Mavic Pro,0,1,1,Pro-OFDM -> OcuSync -> DJI Mavic Pro
1603,DJI Mavic Pro,0,1,1,Pro-OFDM -> OcuSync -> DJI Mavic Pro
1604,DJI Mavic Pro,0,1,1,Pro-OFDM -> OcuSync -> DJI Mavic Pro
1605,DJI Mavic Pro,0,1,1,Pro-OFDM -> OcuSync -> DJI Mavic Pro
1606,DJI Mavic Pro,0,1,1,Pro-OFDM -> OcuSync -> DJI Mavic Pro
1607,DJI Mavic Pro,0,1,1,Pro-OFDM -> OcuSync -> DJI Mavic Pro
1608,DJI Mavic Pro,0,1,1,Pro-OFDM -> OcuSync -> DJI Mavic Pro
1609,DJI Mavic Pro,0,1,1,Pro-OFDM -> OcuSync -> DJI Mavic Pro
1610,DJI Mavic Pro,0,1,1,Pro-OFDM -> OcuSync -> DJI Mavic Pro
1611,DJI Mavic Pro,0,1,1,Pro-OFDM -> OcuSync -> DJI Mavic Pro
1612,DJI Mavic Pro,0,1,1,Pro-OFDM -> OcuSync -> DJI Mavic Pro
1613,DJI Mavic Pro,0,1,1,Pro-OFDM -> OcuSync -> DJI Mavic Pro
1614,DJI Mavic Pro,0,1,1,Pro-OFDM -> OcuSync -> DJI Mavic Pro
1615,DJI Mavic Pro,0,1,1,Pro-OFDM -> OcuSync -> DJI Mavic Pro
1616,DJI Mavic Pro,0,1,1,Pro-OFDM -> OcuSync -> DJI Mavic Pro
1617,DJI Mavic Pro,0,1,1,Pro-OFDM -> OcuSync -> DJI Mavic Pro
1618,DJI Mavic Pro,0,1,1,Pro-OFDM -> OcuSync -> DJI Mavic Pro
1619,DJI Mavic Pro,0,1,1,Pro-OFDM -> OcuSync -> DJI Mavic Pro
1620,DJI Mavic Pro,0,1,1,Pro-OFDM -> OcuSync -> DJI Mavic Pro
1621,DJI Mavic Pro,0,1,1,Pro-OFDM -> OcuSync -> DJI Mavic Pro
1622,DJI Mavic Pro,0,1,1,Pro-OFDM -> OcuSync -> DJI Mavic Pro
1623,DJI Mavic Pro,0,1,1,Pro-OFDM -> OcuSync -> DJI Mavic Pro
1624,DJI Mavic Pro,0,1,1,Pro-OFDM -> OcuSync -> DJI Mavic Pro
1625,DJI Mavic Pro,0,1,1,Pro-OFDM -> OcuSync -> DJI Mavic Pro
1626,DJI Mavic Pro,0,1,1,Pro-OFDM -> OcuSync -> DJI Mavic Pro
1627,DJI Mavic Pro,0,1,1,Pro-OFDM -> OcuSync -> DJI Mavic Pro
1628,DJI Mini 3,0,1,6,Pro-OFDM -> OcuSync -> DJI Mini 3
1629,DJI Mini 3,0,1,6,Pro-OFDM -> OcuSync -> DJI Mini 3
1630,DJI Mini 3,0,1,6,Pro-OFDM -> OcuSync -> DJI Mini 3
1631,DJI Mini 3,0,1,6,Pro-OFDM -> OcuSync -> DJI Mini 3
1632,DJI Mini 3,0,1,6,Pro-OFDM -> OcuSync -> DJI Mini 3
1633,DJI Mini 3,0,1,6,Pro-OFDM -> OcuSync -> DJI Mini 3
1634,DJI Mini 3,0,1,6,Pro-OFDM -> OcuSync -> DJI Mini 3
1635,DJI Mini 3,0,1,6,Pro-OFDM -> OcuSync -> DJI Mini 3
1636,DJI Mini 3,0,1,6,Pro-OFDM -> OcuSync -> DJI Mini 3
1637,DJI Mini 3,0,1,6,Pro-OFDM -> OcuSync -> DJI Mini 3
1638,DJI Mini 3,0,1,6,Pro-OFDM -> OcuSync -> DJI Mini 3
1639,DJI Mini 3,0,1,6,Pro-OFDM -> OcuSync -> DJI Mini 3
1640,DJI Mini 3,0,1,6,Pro-OFDM -> OcuSync -> DJI Mini 3
1641,DJI Mini 3,0,1,6,Pro-OFDM -> OcuSync -> DJI Mini 3
1642,DJI Mini 3,0,1,6,Pro-OFDM -> OcuSync -> DJI Mini 3
1643,DJI Mini 3,0,1,6,Pro-OFDM -> OcuSync -> DJI Mini 3
1644,DJI Mini 3,0,1,6,Pro-OFDM -> OcuSync -> DJI Mini 3
1645,DJI Mini 3,0,1,6,Pro-OFDM -> OcuSync -> DJI Mini 3
1646,DJI Mini 3,0,1,6,Pro-OFDM -> OcuSync -> DJI Mini 3
1647,DJI Mini 3,0,1,6,Pro-OFDM -> OcuSync -> DJI Mini 3
1648,DJI Mini 3,0,1,6,Pro-OFDM -> OcuSync -> DJI Mini 3
1649,DJI Mini 3,0,1,6,Pro-OFDM -> OcuSync -> DJI Mini 3
1650,DJI Mini 3,0,1,6,Pro-OFDM -> OcuSync -> DJI Mini 3
1651,DJI Mini 3,0,1,6,Pro-OFDM -> OcuSync -> DJI Mini 3
1652,DJI Mini 3,0,1,6,Pro-OFDM -> OcuSync -> DJI Mini 3
1653,DJI Mini 3,0,1,6,Pro-OFDM -> OcuSync -> DJI Mini 3
1654,DJI Mini 3,0,1,6,Pro-OFDM -> OcuSync -> DJI Mini 3
1655,DJI Mini 3,0,1,6,Pro-OFDM -> OcuSync -> DJI Mini 3
1656,DJI Mini 3,0,1,6,Pro-OFDM -> OcuSync -> DJI Mini 3
1657,DJI Mini 3,0,1,6,Pro-OFDM -> OcuSync -> DJI Mini 3
1658,DJI Mini 3,0,1,6,Pro-OFDM -> OcuSync -> DJI Mini 3
1659,DJI Mini 3,0,1,6,Pro-OFDM -> OcuSync -> DJI Mini 3
1660,DJI Mini 3,0,1,6,Pro-OFDM -> OcuSync -> DJI Mini 3
1661,DJI Mini 3,0,1,6,Pro-OFDM -> OcuSync -> DJI Mini 3
1662,DJI Mini 3,0,1,6,Pro-OFDM -> OcuSync -> DJI Mini 3
1663,DJI Mini 3,0,1,6,Pro-OFDM -> OcuSync -> DJI Mini 3
1664,DJI Mini 3,0,1,6,Pro-OFDM -> OcuSync -> DJI Mini 3
1665,DJI Mini 3,0,1,6,Pro-OFDM -> OcuSync -> DJI Mini 3
1666,DJI Mini 3,0,1,6,Pro-OFDM -> OcuSync -> DJI Mini 3
1667,DJI Mini 3,0,1,6,Pro-OFDM -> OcuSync -> DJI Mini 3
1668,DJI Mini 3,0,1,6,Pro-OFDM -> OcuSync -> DJI Mini 3
1669,DJI Mini 3,0,1,6,Pro-OFDM -> OcuSync -> DJI Mini 3
1670,DJI Mini 3,0,1,6,Pro-OFDM -> OcuSync -> DJI Mini 3
1671,DJI Mini 3,0,1,6,Pro-OFDM -> OcuSync -> DJI Mini 3
1672,DJI Mini 3,0,1,6,Pro-OFDM -> OcuSync -> DJI Mini 3
1673,DJI Mini 3,0,1,6,Pro-OFDM -> OcuSync -> DJI Mini 3
1674,DJI Mini 3,0,1,6,Pro-OFDM -> OcuSync -> DJI Mini 3
1675,DJI Mini 3,0,1,6,Pro-OFDM -> OcuSync -> DJI Mini 3
1676,DJI Mini 3,0,1,6,Pro-OFDM -> OcuSync -> DJI Mini 3
1677,DJI Mini 3,0,1,6,Pro-OFDM -> OcuSync -> DJI Mini 3
1678,DJI Mini 3,0,1,6,Pro-OFDM -> OcuSync -> DJI Mini 3
1679,DJI Mini 3,0,1,6,Pro-OFDM -> OcuSync -> DJI Mini 3
1680,DJI Mini 3,0,1,6,Pro-OFDM -> OcuSync -> DJI Mini 3
1681,DJI Mini 3,0,1,6,Pro-OFDM -> OcuSync -> DJI Mini 3
1682,DJI Mini 3,0,1,6,Pro-OFDM -> OcuSync -> DJI Mini 3
1683,DJI Mini 3,0,1,6,Pro-OFDM -> OcuSync -> DJI Mini 3
1684,DJI Mini 3,0,1,6,Pro-OFDM -> OcuSync -> DJI Mini 3
1685,DJI Mini 3,0,1,6,Pro-OFDM -> OcuSync -> DJI Mini 3
1686,DJI Mini 3,0,1,6,Pro-OFDM -> OcuSync -> DJI Mini 3
1687,DJI Mini 3,0,1,6,Pro-OFDM -> OcuSync -> DJI Mini 3
1688,DJI Mini 3,0,1,6,Pro-OFDM -> OcuSync -> DJI Mini 3
1689,DJI Mini 3,0,1,6,Pro-OFDM -> OcuSync -> DJI Mini 3
1690,DJI Mini 3,0,1,6,Pro-OFDM -> OcuSync -> DJI Mini 3
1691,DJI Mini 3,0,1,6,Pro-OFDM -> OcuSync -> DJI Mini 3
1692,DJI Mini 3,0,1,6,Pro-OFDM -> OcuSync -> DJI Mini 3
1693,DJI Mini 3,0,1,6,Pro-OFDM -> OcuSync -> DJI Mini 3
1694,DJI Mini 3,0,1,6,Pro-OFDM -> OcuSync -> DJI Mini 3
1695,DJI Mini 3,0,1,6,Pro-OFDM -> OcuSync -> DJI Mini 3
1696,DJI Mini 3,0,1,6,Pro-OFDM -> OcuSync -> DJI Mini 3
1697,DJI Mini 3,0,1,6,Pro-OFDM -> OcuSync -> DJI Mini 3
1698,DJI Mini 3,0,1,6,Pro-OFDM -> OcuSync -> DJI Mini 3
1699,DJI Mini 3,0,1,6,Pro-OFDM -> OcuSync -> DJI Mini 3
1700,DJI Mini 3,0,1,6,Pro-OFDM -> OcuSync -> DJI Mini 3
1701,DJI Mini 3,0,1,6,Pro-OFDM -> OcuSync -> DJI Mini 3
1702,DJI Mini 3,0,1,6,Pro-OFDM -> OcuSync -> DJI Mini 3
1703,DJI Mini 3,0,1,6,Pro-OFDM -> OcuSync -> DJI Mini 3
1704,DJI Mini 3,0,1,6,Pro-OFDM -> OcuSync -> DJI Mini 3
1705,DJI Mini 3,0,1,6,Pro-OFDM -> OcuSync -> DJI Mini 3
1706,DJI Mini 3,0,1,6,Pro-OFDM -> OcuSync -> DJI Mini 3
1707,DJI Mini 3,0,1,6,Pro-OFDM -> OcuSync -> DJI Mini 3
1708,DJI Mini 3,0,1,6,Pro-OFDM -> OcuSync -> DJI Mini 3
1709,DJI Mini 3,0,1,6,Pro-OFDM -> OcuSync -> DJI Mini 3
1710,DJI Mini 3,0,1,6,Pro-OFDM -> OcuSync -> DJI Mini 3
1711,DJI Mini 3,0,1,6,Pro-OFDM -> OcuSync -> DJI Mini 3
1712,DJI Mini 3,0,1,6,Pro-OFDM -> OcuSync -> DJI Mini 3
1713,DJI Mini 3,0,1,6,Pro-OFDM -> OcuSync -> DJI Mini 3
1714,DJI Mini 3,0,1,6,Pro-OFDM -> OcuSync -> DJI Mini 3
1715,DJI Mini 3,0,1,6,Pro-OFDM -> OcuSync -> DJI Mini 3
1716,DJI Mini 3,0,1,6,Pro-OFDM -> OcuSync -> DJI Mini 3
1717,DJI Mini 3,0,1,6,Pro-OFDM -> OcuSync -> DJI Mini 3
1718,DJI Mini 3,0,1,6,Pro-OFDM -> OcuSync -> DJI Mini 3
1719,DJI Mini 3,0,1,6,Pro-OFDM -> OcuSync -> DJI Mini 3
1720,DJI Mini 3,0,1,6,Pro-OFDM -> OcuSync -> DJI Mini 3
1721,DJI Mini 3,0,1,6,Pro-OFDM -> OcuSync -> DJI Mini 3
1722,DJI Mini 3,0,1,6,Pro-OFDM -> OcuSync -> DJI Mini 3
1723,DJI Mini 3,0,1,6,Pro-OFDM -> OcuSync -> DJI Mini 3
1724,DJI Mini 3,0,1,6,Pro-OFDM -> OcuSync -> DJI Mini 3
1725,DJI Mini 3,0,1,6,Pro-OFDM -> OcuSync -> DJI Mini 3
1726,DJI Mini 3,0,1,6,Pro-OFDM -> OcuSync -> DJI Mini 3
1727,DJI Mini 3,0,1,6,Pro-OFDM -> OcuSync -> DJI Mini 3
1728,DJI Mini 3,0,1,6,Pro-OFDM -> OcuSync -> DJI Mini 3
1729,DJI Mini 3,0,1,6,Pro-OFDM -> OcuSync -> DJI Mini 3
1730,DJI Mini 3,0,1,6,Pro-OFDM -> OcuSync -> DJI Mini 3
1731,DJI Mini 3,0,1,6,Pro-OFDM -> OcuSync -> DJI Mini 3
1732,DJI Mini 3,0,1,6,Pro-OFDM -> OcuSync -> DJI Mini 3
1733,DJI Mini 3,0,1,6,Pro-OFDM -> OcuSync -> DJI Mini 3
1734,DJI Mini 3,0,1,6,Pro-OFDM -> OcuSync -> DJI Mini 3
1735,DJI Mini 3,0,1,6,Pro-OFDM -> OcuSync -> DJI Mini 3
1736,DJI Mini 3,0,1,6,Pro-OFDM -> OcuSync -> DJI Mini 3
1737,DJI Mini 3,0,1,6,Pro-OFDM -> OcuSync -> DJI Mini 3
1738,DJI Mini 3,0,1,6,Pro-OFDM -> OcuSync -> DJI Mini 3
1739,DJI Mini 3,0,1,6,Pro-OFDM -> OcuSync -> DJI Mini 3
1740,DJI Mini 3,0,1,6,Pro-OFDM -> OcuSync -> DJI Mini 3
1741,DJI Mini 3,0,1,6,Pro-OFDM -> OcuSync -> DJI Mini 3
1742,DJI Mini 3,0,1,6,Pro-OFDM -> OcuSync -> DJI Mini 3
1743,DJI Mini 3,0,1,6,Pro-OFDM -> OcuSync -> DJI Mini 3
1744,DJI Mini 3,0,1,6,Pro-OFDM -> OcuSync -> DJI Mini 3
1745,DJI Mini 3,0,1,6,Pro-OFDM -> OcuSync -> DJI Mini 3
1746,DJI Mini 3,0,1,6,Pro-OFDM -> OcuSync -> DJI Mini 3
1747,DJI Mini 3,0,1,6,Pro-OFDM -> OcuSync -> DJI Mini 3
1748,DJI Mini 3,0,1,6,Pro-OFDM -> OcuSync -> DJI Mini 3
1749,DJI Mini 3,0,1,6,Pro-OFDM -> OcuSync -> DJI Mini 3
1750,DJI Mini 3,0,1,6,Pro-OFDM -> OcuSync -> DJI Mini 3
1751,DJI Mini 3,0,1,6,Pro-OFDM -> OcuSync -> DJI Mini 3
1752,DJI Mini 3,0,1,6,Pro-OFDM -> OcuSync -> DJI Mini 3
1753,DJI Mini 3,0,1,6,Pro-OFDM -> OcuSync -> DJI Mini 3
1754,DJI Mini 3,0,1,6,Pro-OFDM -> OcuSync -> DJI Mini 3
1755,DJI Mini 3,0,1,6,Pro-OFDM -> OcuSync -> DJI Mini 3
1756,DJI Mini 3,0,1,6,Pro-OFDM -> OcuSync -> DJI Mini 3
1757,DJI Mini 3,0,1,6,Pro-OFDM -> OcuSync -> DJI Mini 3
1758,DJI Mini 3,0,1,6,Pro-OFDM -> OcuSync -> DJI Mini 3
1759,DJI Mini 3,0,1,6,Pro-OFDM -> OcuSync -> DJI Mini 3
1760,DJI Mini 3,0,1,6,Pro-OFDM -> OcuSync -> DJI Mini 3
1761,DJI Mini 3,0,1,6,Pro-OFDM -> OcuSync -> DJI Mini 3
1762,DJI Mini 3,0,1,6,Pro-OFDM -> OcuSync -> DJI Mini 3
1763,DJI Mini 3,0,1,6,Pro-OFDM -> OcuSync -> DJI Mini 3
1764,DJI Mini 3,0,1,6,Pro-OFDM -> OcuSync -> DJI Mini 3
1765,DJI Mini 3,0,1,6,Pro-OFDM -> OcuSync -> DJI Mini 3
1766,DJI Mini 3,0,1,6,Pro-OFDM -> OcuSync -> DJI Mini 3
1767,DJI Mini 3,0,1,6,Pro-OFDM -> OcuSync -> DJI Mini 3
1768,DJI Mini 3,0,1,6,Pro-OFDM -> OcuSync -> DJI Mini 3
1769,DJI Mini 3,0,1,6,Pro-OFDM -> OcuSync -> DJI Mini 3
1770,DJI Mini 3,0,1,6,Pro-OFDM -> OcuSync -> DJI Mini 3
1771,DJI Mini 3,0,1,6,Pro-OFDM -> OcuSync -> DJI Mini 3
1772,DJI Mini 3,0,1,6,Pro-OFDM -> OcuSync -> DJI Mini 3
1773,DJI Mini 3,0,1,6,Pro-OFDM -> OcuSync -> DJI Mini 3
1774,DJI Mini 3,0,1,6,Pro-OFDM -> OcuSync -> DJI Mini 3
1775,DJI Mini 3,0,1,6,Pro-OFDM -> OcuSync -> DJI Mini 3
1776,DJI Mini 3,0,1,6,Pro-OFDM -> OcuSync -> DJI Mini 3
1777,DJI Mini 3,0,1,6,Pro-OFDM -> OcuSync -> DJI Mini 3
1778,DJI Mini 3,0,1,6,Pro-OFDM -> OcuSync -> DJI Mini 3
1779,DJI Mini 3,0,1,6,Pro-OFDM -> OcuSync -> DJI Mini 3
1780,DJI Mini 3,0,1,6,Pro-OFDM -> OcuSync -> DJI Mini 3
1781,DJI Mini 3,0,1,6,Pro-OFDM -> OcuSync -> DJI Mini 3
1782,DJI Mini 3,0,1,6,Pro-OFDM -> OcuSync -> DJI Mini 3
1783,DJI Mini 3,0,1,6,Pro-OFDM -> OcuSync -> DJI Mini 3
1784,DJI Mini 3,0,1,6,Pro-OFDM -> OcuSync -> DJI Mini 3
1785,DJI Mini 3,0,1,6,Pro-OFDM -> OcuSync -> DJI Mini 3
1786,DJI Mini 3,0,1,6,Pro-OFDM -> OcuSync -> DJI Mini 3
1787,DJI Mini 3,0,1,6,Pro-OFDM -> OcuSync -> DJI Mini 3
1788,DJI Mini 3,0,1,6,Pro-OFDM -> OcuSync -> DJI Mini 3
1789,DJI Mini 3,0,1,6,Pro-OFDM -> OcuSync -> DJI Mini 3
1790,DJI Mini 3,0,1,6,Pro-OFDM -> OcuSync -> DJI Mini 3
1791,DJI Mini 3,0,1,6,Pro-OFDM -> OcuSync -> DJI Mini 3
1792,DJI Mini 3,0,1,6,Pro-OFDM -> OcuSync -> DJI Mini 3
1793,DJI Mini 3,0,1,6,Pro-OFDM -> OcuSync -> DJI Mini 3
1794,DJI Mini 3,0,1,6,Pro-OFDM -> OcuSync -> DJI Mini 3
1795,DJI Mini 3,0,1,6,Pro-OFDM -> OcuSync -> DJI Mini 3
1796,DJI Mini 3,0,1,6,Pro-OFDM -> OcuSync -> DJI Mini 3
1797,DJI Mini 3,0,1,6,Pro-OFDM -> OcuSync -> DJI Mini 3
1798,DJI Mini 3,0,1,6,Pro-OFDM -> OcuSync -> DJI Mini 3
1799,DJI Mini 3,0,1,6,Pro-OFDM -> OcuSync -> DJI Mini 3
1800,DJI Mini 3,0,1,6,Pro-OFDM -> OcuSync -> DJI Mini 3
1801,DJI Mini 3,0,1,6,Pro-OFDM -> OcuSync -> DJI Mini 3
1802,DJI Mini 3,0,1,6,Pro-OFDM -> OcuSync -> DJI Mini 3
1803,DJI Mini 3,0,1,6,Pro-OFDM -> OcuSync -> DJI Mini 3
1804,DJI Mini 3,0,1,6,Pro-OFDM -> OcuSync -> DJI Mini 3
1805,DJI Mini 3,0,1,6,Pro-OFDM -> OcuSync -> DJI Mini 3
1806,DJI Mini 3,0,1,6,Pro-OFDM -> OcuSync -> DJI Mini 3
1807,DJI Mini 3,0,1,6,Pro-OFDM -> OcuSync -> DJI Mini 3
1808,DJI Mini 3,0,1,6,Pro-OFDM -> OcuSync -> DJI Mini 3
1809,DJI Mini 3,0,1,6,Pro-OFDM -> OcuSync -> DJI Mini 3
1810,DJI Mini 3,0,1,6,Pro-OFDM -> OcuSync -> DJI Mini 3
1811,DJI Mini 3,0,1,6,Pro-OFDM -> OcuSync -> DJI Mini 3
1812,DJI Mini 3,0,1,6,Pro-OFDM -> OcuSync -> DJI Mini 3
1813,DJI Mini 3,0,1,6,Pro-OFDM -> OcuSync -> DJI Mini 3
1814,DJI Mini 3,0,1,6,Pro-OFDM -> OcuSync -> DJI Mini 3
1815,DJI Mini 3,0,1,6,Pro-OFDM -> OcuSync -> DJI Mini 3
1816,DJI Mini 3,0,1,6,Pro-OFDM -> OcuSync -> DJI Mini 3
1817,DJI Mini 3,0,1,6,Pro-OFDM -> OcuSync -> DJI Mini 3
1818,DJI Mini 3,0,1,6,Pro-OFDM -> OcuSync -> DJI Mini 3
1819,DJI Mini 3,0,1,6,Pro-OFDM -> OcuSync -> DJI Mini 3
1820,DJI Mini 3,0,1,6,Pro-OFDM -> OcuSync -> DJI Mini 3
1821,DJI Mini 3,0,1,6,Pro-OFDM -> OcuSync -> DJI Mini 3
1822,DJI Mini 3,0,1,6,Pro-OFDM -> OcuSync -> DJI Mini 3
1823,DJI Mini 3,0,1,6,Pro-OFDM -> OcuSync -> DJI Mini 3
1824,DJI Mini 3,0,1,6,Pro-OFDM -> OcuSync -> DJI Mini 3
1825,DJI Mini 3,0,1,6,Pro-OFDM -> OcuSync -> DJI Mini 3
1826,DJI Mini 3,0,1,6,Pro-OFDM -> OcuSync -> DJI Mini 3
1827,DJI Mini 3,0,1,6,Pro-OFDM -> OcuSync -> DJI Mini 3
1828,DJI Mini 3,0,1,6,Pro-OFDM -> OcuSync -> DJI Mini 3
1829,DJI Mini 3,0,1,6,Pro-OFDM -> OcuSync -> DJI Mini 3
1830,DJI Mini 3,0,1,6,Pro-OFDM -> OcuSync -> DJI Mini 3
1831,DJI Mini 3,0,1,6,Pro-OFDM -> OcuSync -> DJI Mini 3
1832,DJI Mini 3,0,1,6,Pro-OFDM -> OcuSync -> DJI Mini 3
1833,DJI Mini 3,0,1,6,Pro-OFDM -> OcuSync -> DJI Mini 3
1834,DJI Mini 3,0,1,6,Pro-OFDM -> OcuSync -> DJI Mini 3
1835,DJI Mini 3,0,1,6,Pro-OFDM -> OcuSync -> DJI Mini 3
1836,DJI Mini 3,0,1,6,Pro-OFDM -> OcuSync -> DJI Mini 3
1837,DJI Mini 3,0,1,6,Pro-OFDM -> OcuSync -> DJI Mini 3
1838,DJI Mini 3,0,1,6,Pro-OFDM -> OcuSync -> DJI Mini 3
1839,DJI Mini 3,0,1,6,Pro-OFDM -> OcuSync -> DJI Mini 3
1840,DJI Mini 3,0,1,6,Pro-OFDM -> OcuSync -> DJI Mini 3
1841,DJI Mini 3,0,1,6,Pro-OFDM -> OcuSync -> DJI Mini 3
1842,DJI Mini 3,0,1,6,Pro-OFDM -> OcuSync -> DJI Mini 3
1843,DJI Mini 3,0,1,6,Pro-OFDM -> OcuSync -> DJI Mini 3
1844,DJI Mini 3,0,1,6,Pro-OFDM -> OcuSync -> DJI Mini 3
1845,DJI Mini 3,0,1,6,Pro-OFDM -> OcuSync -> DJI Mini 3
1846,DJI Mini 3,0,1,6,Pro-OFDM -> OcuSync -> DJI Mini 3
1847,DJI Mini 3,0,1,6,Pro-OFDM -> OcuSync -> DJI Mini 3
1848,DJI Mini 3,0,1,6,Pro-OFDM -> OcuSync -> DJI Mini 3
1849,DJI Mini 3,0,1,6,Pro-OFDM -> OcuSync -> DJI Mini 3
1850,DJI Mini 3,0,1,6,Pro-OFDM -> OcuSync -> DJI Mini 3
1851,DJI Mini 3,0,1,6,Pro-OFDM -> OcuSync -> DJI Mini 3
1852,DJI Mini 3,0,1,6,Pro-OFDM -> OcuSync -> DJI Mini 3
1853,DJI Mini 3,0,1,6,Pro-OFDM -> OcuSync -> DJI Mini 3
1854,DJI Mini 3,0,1,6,Pro-OFDM -> OcuSync -> DJI Mini 3
1855,DJI Mini 3,0,1,6,Pro-OFDM -> OcuSync -> DJI Mini 3
1856,DJI Mini 3,0,1,6,Pro-OFDM -> OcuSync -> DJI Mini 3
1857,DJI Mini 3,0,1,6,Pro-OFDM -> OcuSync -> DJI Mini 3
1858,DJI Mini 3,0,1,6,Pro-OFDM -> OcuSync -> DJI Mini 3
1859,DJI Mini 3,0,1,6,Pro-OFDM -> OcuSync -> DJI Mini 3
1860,DJI Mini 3,0,1,6,Pro-OFDM -> OcuSync -> DJI Mini 3
1861,DJI Mini 3,0,1,6,Pro-OFDM -> OcuSync -> DJI Mini 3
1862,DJI Mini 3,0,1,6,Pro-OFDM -> OcuSync -> DJI Mini 3
1863,DJI Mini 3,0,1,6,Pro-OFDM -> OcuSync -> DJI Mini 3
1864,DJI Mini 3,0,1,6,Pro-OFDM -> OcuSync -> DJI Mini 3
1865,DJI Mini 3,0,1,6,Pro-OFDM -> OcuSync -> DJI Mini 3
1866,DJI Mini 3,0,1,6,Pro-OFDM -> OcuSync -> DJI Mini 3
1867,DJI Mini 3,0,1,6,Pro-OFDM -> OcuSync -> DJI Mini 3
1868,DJI Mini 3,0,1,6,Pro-OFDM -> OcuSync -> DJI Mini 3
1869,DJI Mini 3,0,1,6,Pro-OFDM -> OcuSync -> DJI Mini 3
1870,DJI Mini 3,0,1,6,Pro-OFDM -> OcuSync -> DJI Mini 3
1871,DJI Mini 3,0,1,6,Pro-OFDM -> OcuSync -> DJI Mini 3
1872,DJI Mini 3,0,1,6,Pro-OFDM -> OcuSync -> DJI Mini 3
1873,DJI Mini 3,0,1,6,Pro-OFDM -> OcuSync -> DJI Mini 3
1874,DJI Mini 3,0,1,6,Pro-OFDM -> OcuSync -> DJI Mini 3
1875,DJI Mini 3,0,1,6,Pro-OFDM -> OcuSync -> DJI Mini 3
1876,DJI Mini 3,0,1,6,Pro-OFDM -> OcuSync -> DJI Mini 3
1877,DJI Mini 3,0,1,6,Pro-OFDM -> OcuSync -> DJI Mini 3
1878,DJI Mini 3,0,1,6,Pro-OFDM -> OcuSync -> DJI Mini 3
1879,DJI Mini 3,0,1,6,Pro-OFDM -> OcuSync -> DJI Mini 3
1880,DJI Mini 3,0,1,6,Pro-OFDM -> OcuSync -> DJI Mini 3
1881,DJI Mini 3,0,1,6,Pro-OFDM -> OcuSync -> DJI Mini 3
1882,DJI Mini 3,0,1,6,Pro-OFDM -> OcuSync -> DJI Mini 3
1883,DJI Mini 3,0,1,6,Pro-OFDM -> OcuSync -> DJI Mini 3
1884,DJI Mini 3,0,1,6,Pro-OFDM -> OcuSync -> DJI Mini 3
1885,DJI Mini 3,0,1,6,Pro-OFDM -> OcuSync -> DJI Mini 3
1886,DJI Mini 3,0,1,6,Pro-OFDM -> OcuSync -> DJI Mini 3
1887,DJI Mini 3,0,1,6,Pro-OFDM -> OcuSync -> DJI Mini 3
1888,DJI Mini 3,0,1,6,Pro-OFDM -> OcuSync -> DJI Mini 3
1889,DJI Mini 3,0,1,6,Pro-OFDM -> OcuSync -> DJI Mini 3
1890,DJI Mini 3,0,1,6,Pro-OFDM -> OcuSync -> DJI Mini 3
1891,DJI Mini 3,0,1,6,Pro-OFDM -> OcuSync -> DJI Mini 3
1892,DJI Mini 3,0,1,6,Pro-OFDM -> OcuSync -> DJI Mini 3
1893,DJI Mini 3,0,1,6,Pro-OFDM -> OcuSync -> DJI Mini 3
1894,DJI Mini 3,0,1,6,Pro-OFDM -> OcuSync -> DJI Mini 3
1895,DJI Mini 3,0,1,6,Pro-OFDM -> OcuSync -> DJI Mini 3
1896,DJI Mini 3,0,1,6,Pro-OFDM -> OcuSync -> DJI Mini 3
1897,DJI Mini 3,0,1,6,Pro-OFDM -> OcuSync -> DJI Mini 3
1898,DJI Mini 3,0,1,6,Pro-OFDM -> OcuSync -> DJI Mini 3
1899,DJI Mini 3,0,1,6,Pro-OFDM -> OcuSync -> DJI Mini 3
1900,DJI Mini 3,0,1,6,Pro-OFDM -> OcuSync -> DJI Mini 3
1901,DJI Mini 3,0,1,6,Pro-OFDM -> OcuSync -> DJI Mini 3
1902,DJI Mini 3,0,1,6,Pro-OFDM -> OcuSync -> DJI Mini 3
1903,DJI Mini 3,0,1,6,Pro-OFDM -> OcuSync -> DJI Mini 3
1904,DJI Mini 3,0,1,6,Pro-OFDM -> OcuSync -> DJI Mini 3
1905,DJI Mini 3,0,1,6,Pro-OFDM -> OcuSync -> DJI Mini 3
1906,DJI Mini 3,0,1,6,Pro-OFDM -> OcuSync -> DJI Mini 3
1907,DJI Mini 3,0,1,6,Pro-OFDM -> OcuSync -> DJI Mini 3
1908,DJI Mini 3,0,1,6,Pro-OFDM -> OcuSync -> DJI Mini 3
1909,DJI Mini 3,0,1,6,Pro-OFDM -> OcuSync -> DJI Mini 3
1910,DJI Mini 3,0,1,6,Pro-OFDM -> OcuSync -> DJI Mini 3
1911,DJI Mini 3,0,1,6,Pro-OFDM -> OcuSync -> DJI Mini 3
1912,DJI Mini 3,0,1,6,Pro-OFDM -> OcuSync -> DJI Mini 3
1913,DJI Mini 3,0,1,6,Pro-OFDM -> OcuSync -> DJI Mini 3
1914,DJI Mini 3,0,1,6,Pro-OFDM -> OcuSync -> DJI Mini 3
1915,DJI Mini 3,0,1,6,Pro-OFDM -> OcuSync -> DJI Mini 3
1916,DJI Mini 3,0,1,6,Pro-OFDM -> OcuSync -> DJI Mini 3
1917,DJI Mini 3,0,1,6,Pro-OFDM -> OcuSync -> DJI Mini 3
1918,DJI Mini 3,0,1,6,Pro-OFDM -> OcuSync -> DJI Mini 3
1919,DJI Mini 3,0,1,6,Pro-OFDM -> OcuSync -> DJI Mini 3
1920,DJI Mini 3,0,1,6,Pro-OFDM -> OcuSync -> DJI Mini 3
1921,DJI Mini 3,0,1,6,Pro-OFDM -> OcuSync -> DJI Mini 3
1922,DJI Mini 3,0,1,6,Pro-OFDM -> OcuSync -> DJI Mini 3
1923,DJI Mini 3,0,1,6,Pro-OFDM -> OcuSync -> DJI Mini 3
1924,DJI Mini 3,0,1,6,Pro-OFDM -> OcuSync -> DJI Mini 3
1925,DJI Mini 3,0,1,6,Pro-OFDM -> OcuSync -> DJI Mini 3
1926,DJI Mini 3,0,1,6,Pro-OFDM -> OcuSync -> DJI Mini 3
1927,DJI Mini 3,0,1,6,Pro-OFDM -> OcuSync -> DJI Mini 3
1928,DJI Mini 3,0,1,6,Pro-OFDM -> OcuSync -> DJI Mini 3
1929,DJI Mini 3,0,1,6,Pro-OFDM -> OcuSync -> DJI Mini 3
1930,DJI Mini 3,0,1,6,Pro-OFDM -> OcuSync -> DJI Mini 3
1931,DJI Mini 3,0,1,6,Pro-OFDM -> OcuSync -> DJI Mini 3
1932,DJI Mini 3,0,1,6,Pro-OFDM -> OcuSync -> DJI Mini 3
1933,DJI Mini 3,0,1,6,Pro-OFDM -> OcuSync -> DJI Mini 3
1934,DJI Mini 3,0,1,6,Pro-OFDM -> OcuSync -> DJI Mini 3
1935,DJI Mini 3,0,1,6,Pro-OFDM -> OcuSync -> DJI Mini 3
1936,DJI Mini 3,0,1,6,Pro-OFDM -> OcuSync -> DJI Mini 3
1937,DJI Mini 3,0,1,6,Pro-OFDM -> OcuSync -> DJI Mini 3
1938,DJI Mini 3,0,1,6,Pro-OFDM -> OcuSync -> DJI Mini 3
1939,DJI Mini 3,0,1,6,Pro-OFDM -> OcuSync -> DJI Mini 3
1940,DJI Mini 3,0,1,6,Pro-OFDM -> OcuSync -> DJI Mini 3
1941,DJI Mini 3,0,1,6,Pro-OFDM -> OcuSync -> DJI Mini 3
1942,DJI Mini 3,0,1,6,Pro-OFDM -> OcuSync -> DJI Mini 3
1943,DJI Mini 3,0,1,6,Pro-OFDM -> OcuSync -> DJI Mini 3
1944,DJI Mini 3,0,1,6,Pro-OFDM -> OcuSync -> DJI Mini 3
1945,DJI Mini 3,0,1,6,Pro-OFDM -> OcuSync -> DJI Mini 3
1946,DJI Mini 3,0,1,6,Pro-OFDM -> OcuSync -> DJI Mini 3
1947,DJI Mini 3,0,1,6,Pro-OFDM -> OcuSync -> DJI Mini 3
1948,DJI Mini 3,0,1,6,Pro-OFDM -> OcuSync -> DJI Mini 3
1949,DJI Mini 3,0,1,6,Pro-OFDM -> OcuSync -> DJI Mini 3
1950,DJI Mini 3,0,1,6,Pro-OFDM -> OcuSync -> DJI Mini 3
1951,DJI Mini 3,0,1,6,Pro-OFDM -> OcuSync -> DJI Mini 3
1952,DJI Mini 3,0,1,6,Pro-OFDM -> OcuSync -> DJI Mini 3
1953,DJI Mini 3,0,1,6,Pro-OFDM -> OcuSync -> DJI Mini 3
1954,DJI Mini 3,0,1,6,Pro-OFDM -> OcuSync -> DJI Mini 3
1955,DJI Mini 3,0,1,6,Pro-OFDM -> OcuSync -> DJI Mini 3
1956,DJI Mini 3,0,1,6,Pro-OFDM -> OcuSync -> DJI Mini 3
1957,DJI Mini 3,0,1,6,Pro-OFDM -> OcuSync -> DJI Mini 3
1958,DJI Mini 3,0,1,6,Pro-OFDM -> OcuSync -> DJI Mini 3
1959,DJI Mini 3,0,1,6,Pro-OFDM -> OcuSync -> DJI Mini 3
1960,DJI Mini 3,0,1,6,Pro-OFDM -> OcuSync -> DJI Mini 3
1961,DJI Mini 3,0,1,6,Pro-OFDM -> OcuSync -> DJI Mini 3
1962,DJI Mini 3,0,1,6,Pro-OFDM -> OcuSync -> DJI Mini 3
1963,DJI Mini 3,0,1,6,Pro-OFDM -> OcuSync -> DJI Mini 3
1964,DJI Mini 3,0,1,6,Pro-OFDM -> OcuSync -> DJI Mini 3
1965,DJI Mini 3,0,1,6,Pro-OFDM -> OcuSync -> DJI Mini 3
1966,DJI Mini 3,0,1,6,Pro-OFDM -> OcuSync -> DJI Mini 3
1967,DJI Mini 3,0,1,6,Pro-OFDM -> OcuSync -> DJI Mini 3
1968,DJI Mini 3,0,1,6,Pro-OFDM -> OcuSync -> DJI Mini 3
1969,DJI Mini 3,0,1,6,Pro-OFDM -> OcuSync -> DJI Mini 3
1970,DJI Mini 3,0,1,6,Pro-OFDM -> OcuSync -> DJI Mini 3
1971,DJI Mini 3,0,1,6,Pro-OFDM -> OcuSync -> DJI Mini 3
1972,DJI Mini 3,0,1,6,Pro-OFDM -> OcuSync -> DJI Mini 3
1973,DJI Mini 3,0,1,6,Pro-OFDM -> OcuSync -> DJI Mini 3
1974,DJI Mini 3,0,1,6,Pro-OFDM -> OcuSync -> DJI Mini 3
1975,DJI Mini 3,0,1,6,Pro-OFDM -> OcuSync -> DJI Mini 3
1976,DJI Mini 3,0,1,6,Pro-OFDM -> OcuSync -> DJI Mini 3
1977,DJI Mini 3,0,1,6,Pro-OFDM -> OcuSync -> DJI Mini 3
1978,DJI Mini 3,0,1,6,Pro-OFDM -> OcuSync -> DJI Mini 3
1979,DJI Mini 3,0,1,6,Pro-OFDM -> OcuSync -> DJI Mini 3
1980,DJI Mini 3,0,1,6,Pro-OFDM -> OcuSync -> DJI Mini 3
1981,DJI Mini 3,0,1,6,Pro-OFDM -> OcuSync -> DJI Mini 3
1982,DJI Mini 3,0,1,6,Pro-OFDM -> OcuSync -> DJI Mini 3
1983,DJI Mini 3,0,1,6,Pro-OFDM -> OcuSync -> DJI Mini 3
1984,DJI Mini 3,0,1,6,Pro-OFDM -> OcuSync -> DJI Mini 3
1985,DJI Mini 3,0,1,6,Pro-OFDM -> OcuSync -> DJI Mini 3
1986,DJI Mini 3,0,1,6,Pro-OFDM -> OcuSync -> DJI Mini 3
1987,DJI Mini 3,0,1,6,Pro-OFDM -> OcuSync -> DJI Mini 3
1988,DJI Mini 3,0,1,6,Pro-OFDM -> OcuSync -> DJI Mini 3
1989,DJI Mini 3,0,1,6,Pro-OFDM -> OcuSync -> DJI Mini 3
1990,DJI Mini 3,0,1,6,Pro-OFDM -> OcuSync -> DJI Mini 3
1991,DJI Mini 3,0,1,6,Pro-OFDM -> OcuSync -> DJI Mini 3
1992,DJI Mini 3,0,1,6,Pro-OFDM -> OcuSync -> DJI Mini 3
1993,DJI Mini 3,0,1,6,Pro-OFDM -> OcuSync -> DJI Mini 3
1994,DJI Mini 3,0,1,6,Pro-OFDM -> OcuSync -> DJI Mini 3
1995,DJI Mini 3,0,1,6,Pro-OFDM -> OcuSync -> DJI Mini 3
1996,DJI Mini 3,0,1,6,Pro-OFDM -> OcuSync -> DJI Mini 3
1997,DJI Mini 3,0,1,6,Pro-OFDM -> OcuSync -> DJI Mini 3
1998,DJI Mini 3,0,1,6,Pro-OFDM -> OcuSync -> DJI Mini 3
1999,DJI Mini 3,0,1,6,Pro-OFDM -> OcuSync -> DJI Mini 3
2000,DJI Mini 3,0,1,6,Pro-OFDM -> OcuSync -> DJI Mini 3
2001,DJI Mini 3,0,1,6,Pro-OFDM -> OcuSync -> DJI Mini 3
2002,DJI Mini 3,0,1,6,Pro-OFDM -> OcuSync -> DJI Mini 3
2003,DJI Mini 3,0,1,6,Pro-OFDM -> OcuSync -> DJI Mini 3
2004,DJI Mini 3,0,1,6,Pro-OFDM -> OcuSync -> DJI Mini 3
2005,DJI Mini 3,0,1,6,Pro-OFDM -> OcuSync -> DJI Mini 3
2006,DJI Mini 3,0,1,6,Pro-OFDM -> OcuSync -> DJI Mini 3
2007,DJI Mini 3,0,1,6,Pro-OFDM -> OcuSync -> DJI Mini 3
2008,DJI Mini 3,0,1,6,Pro-OFDM -> OcuSync -> DJI Mini 3
2009,DJI Mini 3,0,1,6,Pro-OFDM -> OcuSync -> DJI Mini 3
2010,DJI Mini 3,0,1,6,Pro-OFDM -> OcuSync -> DJI Mini 3
2011,DJI Mini 3,0,1,6,Pro-OFDM -> OcuSync -> DJI Mini 3
2012,DJI Mini 3,0,1,6,Pro-OFDM -> OcuSync -> DJI Mini 3
2013,DJI Mini 3,0,1,6,Pro-OFDM -> OcuSync -> DJI Mini 3
2014,DJI Mini 3,0,1,6,Pro-OFDM -> OcuSync -> DJI Mini 3
2015,DJI Mini 3,0,1,6,Pro-OFDM -> OcuSync -> DJI Mini 3
2016,DJI Mini 3,0,1,6,Pro-OFDM -> OcuSync -> DJI Mini 3
2017,DJI Mini 3,0,1,6,Pro-OFDM -> OcuSync -> DJI Mini 3
2018,DJI Mini 3,0,1,6,Pro-OFDM -> OcuSync -> DJI Mini 3
2019,DJI Mini 3,0,1,6,Pro-OFDM -> OcuSync -> DJI Mini 3
2020,DJI Mini 3,0,1,6,Pro-OFDM -> OcuSync -> DJI Mini 3
2021,DJI Mini 3,0,1,6,Pro-OFDM -> OcuSync -> DJI Mini 3
2022,DJI Mini 3,0,1,6,Pro-OFDM -> OcuSync -> DJI Mini 3
2023,DJI Mini 3,0,1,6,Pro-OFDM -> OcuSync -> DJI Mini 3
2024,DJI Mini 3,0,1,6,Pro-OFDM -> OcuSync -> DJI Mini 3
2025,DJI Mini 3,0,1,6,Pro-OFDM -> OcuSync -> DJI Mini 3
2026,DJI Mini 3,0,1,6,Pro-OFDM -> OcuSync -> DJI Mini 3
2027,DJI Mini 3,0,1,6,Pro-OFDM -> OcuSync -> DJI Mini 3
2028,DJI Mini 3,0,1,6,Pro-OFDM -> OcuSync -> DJI Mini 3
2029,DJI Mini 3,0,1,6,Pro-OFDM -> OcuSync -> DJI Mini 3
2030,DJI Mini 3,0,1,6,Pro-OFDM -> OcuSync -> DJI Mini 3
2031,DJI Mini 3,0,1,6,Pro-OFDM -> OcuSync -> DJI Mini 3
2032,DJI Mini 3,0,1,6,Pro-OFDM -> OcuSync -> DJI Mini 3
2033,DJI Mini 3,0,1,6,Pro-OFDM -> OcuSync -> DJI Mini 3
2034,DJI Mini 3,0,1,6,Pro-OFDM -> OcuSync -> DJI Mini 3
2035,DJI Mini 3,0,1,6,Pro-OFDM -> OcuSync -> DJI Mini 3
2036,DJI Mini 3,0,1,6,Pro-OFDM -> OcuSync -> DJI Mini 3
2037,DJI Mini 3,0,1,6,Pro-OFDM -> OcuSync -> DJI Mini 3
2038,DJI Mini 3,0,1,6,Pro-OFDM -> OcuSync -> DJI Mini 3
2039,DJI Mini 3,0,1,6,Pro-OFDM -> OcuSync -> DJI Mini 3
2040,DJI Mini 3,0,1,6,Pro-OFDM -> OcuSync -> DJI Mini 3
2041,DJI Mini 3,0,1,6,Pro-OFDM -> OcuSync -> DJI Mini 3
2042,DJI Mini 3,0,1,6,Pro-OFDM -> OcuSync -> DJI Mini 3
2043,DJI Mini 3,0,1,6,Pro-OFDM -> OcuSync -> DJI Mini 3
2044,DJI Mini 3,0,1,6,Pro-OFDM -> OcuSync -> DJI Mini 3
2045,DJI Mini 3,0,1,6,Pro-OFDM -> OcuSync -> DJI Mini 3
2046,DJI Mini 3,0,1,6,Pro-OFDM -> OcuSync -> DJI Mini 3
2047,DJI Mini 3,0,1,6,Pro-OFDM -> OcuSync -> DJI Mini 3
2048,DJI Mini 3,0,1,6,Pro-OFDM -> OcuSync -> DJI Mini 3
2049,DJI Mini 3,0,1,6,Pro-OFDM -> OcuSync -> DJI Mini 3
2050,DJI Mini 3,0,1,6,Pro-OFDM -> OcuSync -> DJI Mini 3
2051,DJI Mini 3,0,1,6,Pro-OFDM -> OcuSync -> DJI Mini 3
2052,DJI Mini 3,0,1,6,Pro-OFDM -> OcuSync -> DJI Mini 3
2053,DJI Mini 3,0,1,6,Pro-OFDM -> OcuSync -> DJI Mini 3
2054,DJI Mini 3,0,1,6,Pro-OFDM -> OcuSync -> DJI Mini 3
2055,DJI Mini 3,0,1,6,Pro-OFDM -> OcuSync -> DJI Mini 3
2056,DJI Mini 3,0,1,6,Pro-OFDM -> OcuSync -> DJI Mini 3
2057,DJI Mini 3,0,1,6,Pro-OFDM -> OcuSync -> DJI Mini 3
2058,DJI Mini 3,0,1,6,Pro-OFDM -> OcuSync -> DJI Mini 3
2059,DJI Mini 3,0,1,6,Pro-OFDM -> OcuSync -> DJI Mini 3
2060,DJI Mini 3,0,1,6,Pro-OFDM -> OcuSync -> DJI Mini 3
2061,DJI Mini 3,0,1,6,Pro-OFDM -> OcuSync -> DJI Mini 3
2062,DJI Mini 3,0,1,6,Pro-OFDM -> OcuSync -> DJI Mini 3
2063,DJI Mini 3,0,1,6,Pro-OFDM -> OcuSync -> DJI Mini 3
2064,DJI Mini 3,0,1,6,Pro-OFDM -> OcuSync -> DJI Mini 3
2065,DJI Mini 3,0,1,6,Pro-OFDM -> OcuSync -> DJI Mini 3
2066,DJI Mini 3,0,1,6,Pro-OFDM -> OcuSync -> DJI Mini 3
2067,DJI Mini 3,0,1,6,Pro-OFDM -> OcuSync -> DJI Mini 3
2068,DJI Mini 3,0,1,6,Pro-OFDM -> OcuSync -> DJI Mini 3
2069,DJI Mini 3,0,1,6,Pro-OFDM -> OcuSync -> DJI Mini 3
2070,DJI Mini 3,0,1,6,Pro-OFDM -> OcuSync -> DJI Mini 3
2071,DJI Mini 3,0,1,6,Pro-OFDM -> OcuSync -> DJI Mini 3
2072,DJI Mini 3,0,1,6,Pro-OFDM -> OcuSync -> DJI Mini 3
2073,DJI Mini 3,0,1,6,Pro-OFDM -> OcuSync -> DJI Mini 3
2074,DJI Mini 3,0,1,6,Pro-OFDM -> OcuSync -> DJI Mini 3
2075,DJI Mini 3,0,1,6,Pro-OFDM -> OcuSync -> DJI Mini 3
2076,DJI Mini 3,0,1,6,Pro-OFDM -> OcuSync -> DJI Mini 3
2077,DJI Mini 3,0,1,6,Pro-OFDM -> OcuSync -> DJI Mini 3
2078,DJI Mini 3,0,1,6,Pro-OFDM -> OcuSync -> DJI Mini 3
2079,DJI Mini 3,0,1,6,Pro-OFDM -> OcuSync -> DJI Mini 3
2080,DJI Mini 3,0,1,6,Pro-OFDM -> OcuSync -> DJI Mini 3
2081,DJI Mini 3,0,1,6,Pro-OFDM -> OcuSync -> DJI Mini 3
2082,DJI Mini 3,0,1,6,Pro-OFDM -> OcuSync -> DJI Mini 3
2083,DJI Mini 3,0,1,6,Pro-OFDM -> OcuSync -> DJI Mini 3
2084,DJI Mini 3,0,1,6,Pro-OFDM -> OcuSync -> DJI Mini 3
2085,DJI Mini 3,0,1,6,Pro-OFDM -> OcuSync -> DJI Mini 3
2086,DJI Mini 3,0,1,6,Pro-OFDM -> OcuSync -> DJI Mini 3
2087,DJI Mini 3,0,1,6,Pro-OFDM -> OcuSync -> DJI Mini 3
2088,DJI Mini 3,0,1,6,Pro-OFDM -> OcuSync -> DJI Mini 3
2089,DJI Mini 3,0,1,6,Pro-OFDM -> OcuSync -> DJI Mini 3
2090,DJI Mini 3,0,1,6,Pro-OFDM -> OcuSync -> DJI Mini 3
2091,DJI Mini 3,0,1,6,Pro-OFDM -> OcuSync -> DJI Mini 3
2092,DJI Mini 3,0,1,6,Pro-OFDM -> OcuSync -> DJI Mini 3
2093,DJI Mini 3,0,1,6,Pro-OFDM -> OcuSync -> DJI Mini 3
2094,DJI Mini 3,0,1,6,Pro-OFDM -> OcuSync -> DJI Mini 3
2095,DJI Mini 3,0,1,6,Pro-OFDM -> OcuSync -> DJI Mini 3
2096,DJI Mini 3,0,1,6,Pro-OFDM -> OcuSync -> DJI Mini 3
2097,DJI Mini 3,0,1,6,Pro-OFDM -> OcuSync -> DJI Mini 3
2098,DJI Mini 3,0,1,6,Pro-OFDM -> OcuSync -> DJI Mini 3
2099,DJI Mini 3,0,1,6,Pro-OFDM -> OcuSync -> DJI Mini 3
2100,DJI Mini 3,0,1,6,Pro-OFDM -> OcuSync -> DJI Mini 3
2101,DJI Mini 3,0,1,6,Pro-OFDM -> OcuSync -> DJI Mini 3
2102,DJI Mini 3,0,1,6,Pro-OFDM -> OcuSync -> DJI Mini 3
2103,DJI Mini 3,0,1,6,Pro-OFDM -> OcuSync -> DJI Mini 3
2104,DJI Mini 3,0,1,6,Pro-OFDM -> OcuSync -> DJI Mini 3
2105,DJI Mini 3,0,1,6,Pro-OFDM -> OcuSync -> DJI Mini 3
2106,DJI Mini 3,0,1,6,Pro-OFDM -> OcuSync -> DJI Mini 3
2107,DJI Mini 3,0,1,6,Pro-OFDM -> OcuSync -> DJI Mini 3
2108,DJI Mini 3,0,1,6,Pro-OFDM -> OcuSync -> DJI Mini 3
2109,DJI Mini 3,0,1,6,Pro-OFDM -> OcuSync -> DJI Mini 3
2110,DJI Mini 3,0,1,6,Pro-OFDM -> OcuSync -> DJI Mini 3
2111,DJI Mini 3,0,1,6,Pro-OFDM -> OcuSync -> DJI Mini 3
2112,DJI Mini 3,0,1,6,Pro-OFDM -> OcuSync -> DJI Mini 3
2113,DJI Mini 3,0,1,6,Pro-OFDM -> OcuSync -> DJI Mini 3
2114,DJI Mini 3,0,1,6,Pro-OFDM -> OcuSync -> DJI Mini 3
2115,DJI Mini 3,0,1,6,Pro-OFDM -> OcuSync -> DJI Mini 3
2116,DJI Mini 3,0,1,6,Pro-OFDM -> OcuSync -> DJI Mini 3
2117,DJI Phantom 4,0,0,3,Pro-OFDM -> Lightbridge -> DJI Phantom 4
2118,DJI Phantom 4,0,0,3,Pro-OFDM -> Lightbridge -> DJI Phantom 4
2119,DJI Phantom 4,0,0,3,Pro-OFDM -> Lightbridge -> DJI Phantom 4
2120,DJI Phantom 4,0,0,3,Pro-OFDM -> Lightbridge -> DJI Phantom 4
2121,DJI Phantom 4,0,0,3,Pro-OFDM -> Lightbridge -> DJI Phantom 4
2122,DJI Phantom 4,0,0,3,Pro-OFDM -> Lightbridge -> DJI Phantom 4
2123,DJI Phantom 4,0,0,3,Pro-OFDM -> Lightbridge -> DJI Phantom 4
2124,DJI Phantom 4,0,0,3,Pro-OFDM -> Lightbridge -> DJI Phantom 4
2125,DJI Phantom 4,0,0,3,Pro-OFDM -> Lightbridge -> DJI Phantom 4
2126,DJI Phantom 4,0,0,3,Pro-OFDM -> Lightbridge -> DJI Phantom 4
2127,DJI Phantom 4,0,0,3,Pro-OFDM -> Lightbridge -> DJI Phantom 4
2128,DJI Phantom 4,0,0,3,Pro-OFDM -> Lightbridge -> DJI Phantom 4
2129,DJI Phantom 4,0,0,3,Pro-OFDM -> Lightbridge -> DJI Phantom 4
2130,DJI Phantom 4,0,0,3,Pro-OFDM -> Lightbridge -> DJI Phantom 4
2131,DJI Phantom 4,0,0,3,Pro-OFDM -> Lightbridge -> DJI Phantom 4
2132,DJI Phantom 4,0,0,3,Pro-OFDM -> Lightbridge -> DJI Phantom 4
2133,DJI Phantom 4,0,0,3,Pro-OFDM -> Lightbridge -> DJI Phantom 4
2134,DJI Phantom 4,0,0,3,Pro-OFDM -> Lightbridge -> DJI Phantom 4
2135,DJI Phantom 4,0,0,3,Pro-OFDM -> Lightbridge -> DJI Phantom 4
2136,DJI Phantom 4,0,0,3,Pro-OFDM -> Lightbridge -> DJI Phantom 4
2137,DJI Phantom 4,0,0,3,Pro-OFDM -> Lightbridge -> DJI Phantom 4
2138,DJI Phantom 4,0,0,3,Pro-OFDM -> Lightbridge -> DJI Phantom 4
2139,DJI Phantom 4,0,0,3,Pro-OFDM -> Lightbridge -> DJI Phantom 4
2140,DJI Phantom 4,0,0,3,Pro-OFDM -> Lightbridge -> DJI Phantom 4
2141,DJI Phantom 4,0,0,3,Pro-OFDM -> Lightbridge -> DJI Phantom 4
2142,DJI Phantom 4,0,0,3,Pro-OFDM -> Lightbridge -> DJI Phantom 4
2143,DJI Phantom 4,0,0,3,Pro-OFDM -> Lightbridge -> DJI Phantom 4
2144,DJI Phantom 4,0,0,3,Pro-OFDM -> Lightbridge -> DJI Phantom 4
2145,DJI Phantom 4,0,0,3,Pro-OFDM -> Lightbridge -> DJI Phantom 4
2146,DJI Phantom 4,0,0,3,Pro-OFDM -> Lightbridge -> DJI Phantom 4
2147,DJI Phantom 4,0,0,3,Pro-OFDM -> Lightbridge -> DJI Phantom 4
2148,DJI Phantom 4,0,0,3,Pro-OFDM -> Lightbridge -> DJI Phantom 4
2149,DJI Phantom 4,0,0,3,Pro-OFDM -> Lightbridge -> DJI Phantom 4
2150,DJI Phantom 4,0,0,3,Pro-OFDM -> Lightbridge -> DJI Phantom 4
2151,DJI Phantom 4,0,0,3,Pro-OFDM -> Lightbridge -> DJI Phantom 4
2152,DJI Phantom 4,0,0,3,Pro-OFDM -> Lightbridge -> DJI Phantom 4
2153,DJI Phantom 4,0,0,3,Pro-OFDM -> Lightbridge -> DJI Phantom 4
2154,DJI Phantom 4,0,0,3,Pro-OFDM -> Lightbridge -> DJI Phantom 4
2155,DJI Phantom 4,0,0,3,Pro-OFDM -> Lightbridge -> DJI Phantom 4
2156,DJI Phantom 4,0,0,3,Pro-OFDM -> Lightbridge -> DJI Phantom 4
2157,DJI Phantom 4,0,0,3,Pro-OFDM -> Lightbridge -> DJI Phantom 4
2158,DJI Phantom 4,0,0,3,Pro-OFDM -> Lightbridge -> DJI Phantom 4
2159,DJI Phantom 4,0,0,3,Pro-OFDM -> Lightbridge -> DJI Phantom 4
2160,DJI Phantom 4,0,0,3,Pro-OFDM -> Lightbridge -> DJI Phantom 4
2161,DJI Phantom 4,0,0,3,Pro-OFDM -> Lightbridge -> DJI Phantom 4
2162,DJI Phantom 4,0,0,3,Pro-OFDM -> Lightbridge -> DJI Phantom 4
2163,DJI Phantom 4,0,0,3,Pro-OFDM -> Lightbridge -> DJI Phantom 4
2164,DJI Phantom 4,0,0,3,Pro-OFDM -> Lightbridge -> DJI Phantom 4
2165,DJI Phantom 4,0,0,3,Pro-OFDM -> Lightbridge -> DJI Phantom 4
2166,DJI Phantom 4,0,0,3,Pro-OFDM -> Lightbridge -> DJI Phantom 4
2167,DJI Phantom 4,0,0,3,Pro-OFDM -> Lightbridge -> DJI Phantom 4
2168,DJI Phantom 4,0,0,3,Pro-OFDM -> Lightbridge -> DJI Phantom 4
2169,DJI Phantom 4,0,0,3,Pro-OFDM -> Lightbridge -> DJI Phantom 4
2170,DJI Phantom 4,0,0,3,Pro-OFDM -> Lightbridge -> DJI Phantom 4
2171,DJI Phantom 4,0,0,3,Pro-OFDM -> Lightbridge -> DJI Phantom 4
2172,DJI Phantom 4,0,0,3,Pro-OFDM -> Lightbridge -> DJI Phantom 4
2173,DJI Phantom 4,0,0,3,Pro-OFDM -> Lightbridge -> DJI Phantom 4
2174,DJI Phantom 4,0,0,3,Pro-OFDM -> Lightbridge -> DJI Phantom 4
2175,DJI Phantom 4,0,0,3,Pro-OFDM -> Lightbridge -> DJI Phantom 4
2176,DJI Phantom 4,0,0,3,Pro-OFDM -> Lightbridge -> DJI Phantom 4
2177,DJI Phantom 4,0,0,3,Pro-OFDM -> Lightbridge -> DJI Phantom 4
2178,DJI Phantom 4,0,0,3,Pro-OFDM -> Lightbridge -> DJI Phantom 4
2179,DJI Phantom 4,0,0,3,Pro-OFDM -> Lightbridge -> DJI Phantom 4
2180,DJI Phantom 4,0,0,3,Pro-OFDM -> Lightbridge -> DJI Phantom 4
2181,DJI Phantom 4,0,0,3,Pro-OFDM -> Lightbridge -> DJI Phantom 4
2182,DJI Phantom 4,0,0,3,Pro-OFDM -> Lightbridge -> DJI Phantom 4
2183,DJI Phantom 4,0,0,3,Pro-OFDM -> Lightbridge -> DJI Phantom 4
2184,DJI Phantom 4,0,0,3,Pro-OFDM -> Lightbridge -> DJI Phantom 4
2185,DJI Phantom 4,0,0,3,Pro-OFDM -> Lightbridge -> DJI Phantom 4
2186,DJI Phantom 4,0,0,3,Pro-OFDM -> Lightbridge -> DJI Phantom 4
2187,DJI Phantom 4,0,0,3,Pro-OFDM -> Lightbridge -> DJI Phantom 4
2188,DJI Phantom 4,0,0,3,Pro-OFDM -> Lightbridge -> DJI Phantom 4
2189,DJI Phantom 4,0,0,3,Pro-OFDM -> Lightbridge -> DJI Phantom 4
2190,DJI Phantom 4,0,0,3,Pro-OFDM -> Lightbridge -> DJI Phantom 4
2191,DJI Phantom 4,0,0,3,Pro-OFDM -> Lightbridge -> DJI Phantom 4
2192,DJI Phantom 4,0,0,3,Pro-OFDM -> Lightbridge -> DJI Phantom 4
2193,DJI Phantom 4,0,0,3,Pro-OFDM -> Lightbridge -> DJI Phantom 4
2194,DJI Phantom 4,0,0,3,Pro-OFDM -> Lightbridge -> DJI Phantom 4
2195,DJI Phantom 4,0,0,3,Pro-OFDM -> Lightbridge -> DJI Phantom 4
2196,DJI Phantom 4,0,0,3,Pro-OFDM -> Lightbridge -> DJI Phantom 4
2197,DJI Phantom 4,0,0,3,Pro-OFDM -> Lightbridge -> DJI Phantom 4
2198,DJI Phantom 4,0,0,3,Pro-OFDM -> Lightbridge -> DJI Phantom 4
2199,DJI Phantom 4,0,0,3,Pro-OFDM -> Lightbridge -> DJI Phantom 4
2200,DJI Phantom 4,0,0,3,Pro-OFDM -> Lightbridge -> DJI Phantom 4
2201,DJI Phantom 4,0,0,3,Pro-OFDM -> Lightbridge -> DJI Phantom 4
2202,DJI Phantom 4,0,0,3,Pro-OFDM -> Lightbridge -> DJI Phantom 4
2203,DJI Phantom 4,0,0,3,Pro-OFDM -> Lightbridge -> DJI Phantom 4
2204,DJI Phantom 4,0,0,3,Pro-OFDM -> Lightbridge -> DJI Phantom 4
2205,DJI Phantom 4,0,0,3,Pro-OFDM -> Lightbridge -> DJI Phantom 4
2206,DJI Phantom 4,0,0,3,Pro-OFDM -> Lightbridge -> DJI Phantom 4
2207,DJI Phantom 4,0,0,3,Pro-OFDM -> Lightbridge -> DJI Phantom 4
2208,DJI Phantom 4,0,0,3,Pro-OFDM -> Lightbridge -> DJI Phantom 4
2209,DJI Phantom 4,0,0,3,Pro-OFDM -> Lightbridge -> DJI Phantom 4
2210,DJI Phantom 4,0,0,3,Pro-OFDM -> Lightbridge -> DJI Phantom 4
2211,DJI Phantom 4,0,0,3,Pro-OFDM -> Lightbridge -> DJI Phantom 4
2212,DJI Phantom 4,0,0,3,Pro-OFDM -> Lightbridge -> DJI Phantom 4
2213,DJI Phantom 4,0,0,3,Pro-OFDM -> Lightbridge -> DJI Phantom 4
2214,DJI Phantom 4,0,0,3,Pro-OFDM -> Lightbridge -> DJI Phantom 4
2215,DJI Phantom 4,0,0,3,Pro-OFDM -> Lightbridge -> DJI Phantom 4
2216,DJI Phantom 4,0,0,3,Pro-OFDM -> Lightbridge -> DJI Phantom 4
2217,DJI Phantom 4,0,0,3,Pro-OFDM -> Lightbridge -> DJI Phantom 4
2218,DJI Phantom 4,0,0,3,Pro-OFDM -> Lightbridge -> DJI Phantom 4
2219,DJI Phantom 4,0,0,3,Pro-OFDM -> Lightbridge -> DJI Phantom 4
2220,DJI Phantom 4,0,0,3,Pro-OFDM -> Lightbridge -> DJI Phantom 4
2221,DJI Phantom 4,0,0,3,Pro-OFDM -> Lightbridge -> DJI Phantom 4
2222,DJI Phantom 4,0,0,3,Pro-OFDM -> Lightbridge -> DJI Phantom 4
2223,DJI Phantom 4,0,0,3,Pro-OFDM -> Lightbridge -> DJI Phantom 4
2224,DJI Phantom 4,0,0,3,Pro-OFDM -> Lightbridge -> DJI Phantom 4
2225,DJI Phantom 4,0,0,3,Pro-OFDM -> Lightbridge -> DJI Phantom 4
2226,DJI Phantom 4,0,0,3,Pro-OFDM -> Lightbridge -> DJI Phantom 4
2227,DJI Phantom 4,0,0,3,Pro-OFDM -> Lightbridge -> DJI Phantom 4
2228,DJI Phantom 4,0,0,3,Pro-OFDM -> Lightbridge -> DJI Phantom 4
2229,DJI Phantom 4,0,0,3,Pro-OFDM -> Lightbridge -> DJI Phantom 4
2230,DJI Phantom 4,0,0,3,Pro-OFDM -> Lightbridge -> DJI Phantom 4
2231,DJI Phantom 4,0,0,3,Pro-OFDM -> Lightbridge -> DJI Phantom 4
2232,DJI Phantom 4,0,0,3,Pro-OFDM -> Lightbridge -> DJI Phantom 4
2233,DJI Phantom 4,0,0,3,Pro-OFDM -> Lightbridge -> DJI Phantom 4
2234,DJI Phantom 4,0,0,3,Pro-OFDM -> Lightbridge -> DJI Phantom 4
2235,DJI Phantom 4,0,0,3,Pro-OFDM -> Lightbridge -> DJI Phantom 4
2236,DJI Phantom 4,0,0,3,Pro-OFDM -> Lightbridge -> DJI Phantom 4
2237,DJI Phantom 4,0,0,3,Pro-OFDM -> Lightbridge -> DJI Phantom 4
2238,DJI Phantom 4,0,0,3,Pro-OFDM -> Lightbridge -> DJI Phantom 4
2239,DJI Phantom 4,0,0,3,Pro-OFDM -> Lightbridge -> DJI Phantom 4
2240,DJI Phantom 4,0,0,3,Pro-OFDM -> Lightbridge -> DJI Phantom 4
2241,DJI Phantom 4,0,0,3,Pro-OFDM -> Lightbridge -> DJI Phantom 4
2242,DJI Phantom 4,0,0,3,Pro-OFDM -> Lightbridge -> DJI Phantom 4
2243,DJI Phantom 4,0,0,3,Pro-OFDM -> Lightbridge -> DJI Phantom 4
2244,DJI Phantom 4,0,0,3,Pro-OFDM -> Lightbridge -> DJI Phantom 4
2245,DJI Phantom 4,0,0,3,Pro-OFDM -> Lightbridge -> DJI Phantom 4
2246,DJI Phantom 4,0,0,3,Pro-OFDM -> Lightbridge -> DJI Phantom 4
2247,DJI Phantom 4,0,0,3,Pro-OFDM -> Lightbridge -> DJI Phantom 4
2248,DJI Phantom 4,0,0,3,Pro-OFDM -> Lightbridge -> DJI Phantom 4
2249,DJI Phantom 4,0,0,3,Pro-OFDM -> Lightbridge -> DJI Phantom 4
2250,DJI Phantom 4,0,0,3,Pro-OFDM -> Lightbridge -> DJI Phantom 4
2251,DJI Phantom 4,0,0,3,Pro-OFDM -> Lightbridge -> DJI Phantom 4
2252,DJI Phantom 4,0,0,3,Pro-OFDM -> Lightbridge -> DJI Phantom 4
2253,DJI Phantom 4,0,0,3,Pro-OFDM -> Lightbridge -> DJI Phantom 4
2254,DJI Phantom 4,0,0,3,Pro-OFDM -> Lightbridge -> DJI Phantom 4
2255,DJI Phantom 4,0,0,3,Pro-OFDM -> Lightbridge -> DJI Phantom 4
2256,DJI Phantom 4,0,0,3,Pro-OFDM -> Lightbridge -> DJI Phantom 4
2257,DJI Phantom 4,0,0,3,Pro-OFDM -> Lightbridge -> DJI Phantom 4
2258,DJI Phantom 4,0,0,3,Pro-OFDM -> Lightbridge -> DJI Phantom 4
2259,DJI Phantom 4,0,0,3,Pro-OFDM -> Lightbridge -> DJI Phantom 4
2260,DJI Phantom 4,0,0,3,Pro-OFDM -> Lightbridge -> DJI Phantom 4
2261,DJI Phantom 4,0,0,3,Pro-OFDM -> Lightbridge -> DJI Phantom 4
2262,DJI Phantom 4,0,0,3,Pro-OFDM -> Lightbridge -> DJI Phantom 4
2263,DJI Phantom 4,0,0,3,Pro-OFDM -> Lightbridge -> DJI Phantom 4
2264,DJI Phantom 4,0,0,3,Pro-OFDM -> Lightbridge -> DJI Phantom 4
2265,DJI Phantom 4,0,0,3,Pro-OFDM -> Lightbridge -> DJI Phantom 4
2266,DJI Phantom 4,0,0,3,Pro-OFDM -> Lightbridge -> DJI Phantom 4
2267,DJI Phantom 4,0,0,3,Pro-OFDM -> Lightbridge -> DJI Phantom 4
2268,DJI Phantom 4,0,0,3,Pro-OFDM -> Lightbridge -> DJI Phantom 4
2269,DJI Phantom 4,0,0,3,Pro-OFDM -> Lightbridge -> DJI Phantom 4
2270,DJI Phantom 4,0,0,3,Pro-OFDM -> Lightbridge -> DJI Phantom 4
2271,DJI Phantom 4,0,0,3,Pro-OFDM -> Lightbridge -> DJI Phantom 4
2272,DJI Phantom 4,0,0,3,Pro-OFDM -> Lightbridge -> DJI Phantom 4
2273,DJI Phantom 4,0,0,3,Pro-OFDM -> Lightbridge -> DJI Phantom 4
2274,DJI Phantom 4,0,0,3,Pro-OFDM -> Lightbridge -> DJI Phantom 4
2275,DJI Phantom 4,0,0,3,Pro-OFDM -> Lightbridge -> DJI Phantom 4
2276,DJI Phantom 4,0,0,3,Pro-OFDM -> Lightbridge -> DJI Phantom 4
2277,DJI Phantom 4,0,0,3,Pro-OFDM -> Lightbridge -> DJI Phantom 4
2278,DJI Phantom 4,0,0,3,Pro-OFDM -> Lightbridge -> DJI Phantom 4
2279,DJI Phantom 4,0,0,3,Pro-OFDM -> Lightbridge -> DJI Phantom 4
2280,DJI Phantom 4,0,0,3,Pro-OFDM -> Lightbridge -> DJI Phantom 4
2281,DJI Phantom 4,0,0,3,Pro-OFDM -> Lightbridge -> DJI Phantom 4
2282,DJI Phantom 4,0,0,3,Pro-OFDM -> Lightbridge -> DJI Phantom 4
2283,DJI Phantom 4,0,0,3,Pro-OFDM -> Lightbridge -> DJI Phantom 4
2284,DJI Phantom 4,0,0,3,Pro-OFDM -> Lightbridge -> DJI Phantom 4
2285,DJI Phantom 4,0,0,3,Pro-OFDM -> Lightbridge -> DJI Phantom 4
2286,DJI Phantom 4,0,0,3,Pro-OFDM -> Lightbridge -> DJI Phantom 4
2287,DJI Phantom 4,0,0,3,Pro-OFDM -> Lightbridge -> DJI Phantom 4
2288,DJI Phantom 4,0,0,3,Pro-OFDM -> Lightbridge -> DJI Phantom 4
2289,DJI Phantom 4,0,0,3,Pro-OFDM -> Lightbridge -> DJI Phantom 4
2290,DJI Phantom 4,0,0,3,Pro-OFDM -> Lightbridge -> DJI Phantom 4
2291,DJI Phantom 4,0,0,3,Pro-OFDM -> Lightbridge -> DJI Phantom 4
2292,DJI Phantom 4,0,0,3,Pro-OFDM -> Lightbridge -> DJI Phantom 4
2293,DJI Phantom 4,0,0,3,Pro-OFDM -> Lightbridge -> DJI Phantom 4
2294,DJI Phantom 4,0,0,3,Pro-OFDM -> Lightbridge -> DJI Phantom 4
2295,DJI Phantom 4,0,0,3,Pro-OFDM -> Lightbridge -> DJI Phantom 4
2296,DJI Phantom 4,0,0,3,Pro-OFDM -> Lightbridge -> DJI Phantom 4
2297,DJI Phantom 4,0,0,3,Pro-OFDM -> Lightbridge -> DJI Phantom 4
2298,DJI Phantom 4,0,0,3,Pro-OFDM -> Lightbridge -> DJI Phantom 4
2299,DJI Phantom 4,0,0,3,Pro-OFDM -> Lightbridge -> DJI Phantom 4
2300,DJI Phantom 4,0,0,3,Pro-OFDM -> Lightbridge -> DJI Phantom 4
2301,DJI Phantom 3 Adv,0,0,2,Pro-OFDM -> Lightbridge -> DJI Phantom 3 Adv
2302,DJI Phantom 3 Adv,0,0,2,Pro-OFDM -> Lightbridge -> DJI Phantom 3 Adv
2303,DJI Phantom 3 Adv,0,0,2,Pro-OFDM -> Lightbridge -> DJI Phantom 3 Adv
2304,DJI Phantom 3 Adv,0,0,2,Pro-OFDM -> Lightbridge -> DJI Phantom 3 Adv
2305,DJI Phantom 3 Adv,0,0,2,Pro-OFDM -> Lightbridge -> DJI Phantom 3 Adv
2306,DJI Phantom 3 Adv,0,0,2,Pro-OFDM -> Lightbridge -> DJI Phantom 3 Adv
2307,DJI Phantom 3 Adv,0,0,2,Pro-OFDM -> Lightbridge -> DJI Phantom 3 Adv
2308,DJI Phantom 3 Adv,0,0,2,Pro-OFDM -> Lightbridge -> DJI Phantom 3 Adv
2309,DJI Phantom 3 Adv,0,0,2,Pro-OFDM -> Lightbridge -> DJI Phantom 3 Adv
2310,DJI Phantom 3 Adv,0,0,2,Pro-OFDM -> Lightbridge -> DJI Phantom 3 Adv
2311,DJI Phantom 3 Adv,0,0,2,Pro-OFDM -> Lightbridge -> DJI Phantom 3 Adv
2312,DJI Phantom 3 Adv,0,0,2,Pro-OFDM -> Lightbridge -> DJI Phantom 3 Adv
2313,DJI Phantom 3 Adv,0,0,2,Pro-OFDM -> Lightbridge -> DJI Phantom 3 Adv
2314,DJI Phantom 3 Adv,0,0,2,Pro-OFDM -> Lightbridge -> DJI Phantom 3 Adv
2315,DJI Phantom 3 Adv,0,0,2,Pro-OFDM -> Lightbridge -> DJI Phantom 3 Adv
2316,DJI Phantom 3 Adv,0,0,2,Pro-OFDM -> Lightbridge -> DJI Phantom 3 Adv
2317,DJI Phantom 3 Adv,0,0,2,Pro-OFDM -> Lightbridge -> DJI Phantom 3 Adv
2318,DJI Phantom 3 Adv,0,0,2,Pro-OFDM -> Lightbridge -> DJI Phantom 3 Adv
2319,DJI Phantom 3 Adv,0,0,2,Pro-OFDM -> Lightbridge -> DJI Phantom 3 Adv
2320,DJI Phantom 3 Adv,0,0,2,Pro-OFDM -> Lightbridge -> DJI Phantom 3 Adv
2321,DJI Phantom 3 Adv,0,0,2,Pro-OFDM -> Lightbridge -> DJI Phantom 3 Adv
2322,DJI Phantom 3 Adv,0,0,2,Pro-OFDM -> Lightbridge -> DJI Phantom 3 Adv
2323,DJI Phantom 3 Adv,0,0,2,Pro-OFDM -> Lightbridge -> DJI Phantom 3 Adv
2324,DJI Phantom 3 Adv,0,0,2,Pro-OFDM -> Lightbridge -> DJI Phantom 3 Adv
2325,DJI Phantom 3 Adv,0,0,2,Pro-OFDM -> Lightbridge -> DJI Phantom 3 Adv
2326,DJI Phantom 3 Adv,0,0,2,Pro-OFDM -> Lightbridge -> DJI Phantom 3 Adv
2327,DJI Phantom 3 Adv,0,0,2,Pro-OFDM -> Lightbridge -> DJI Phantom 3 Adv
2328,DJI Phantom 3 Adv,0,0,2,Pro-OFDM -> Lightbridge -> DJI Phantom 3 Adv
2329,DJI Phantom 3 Adv,0,0,2,Pro-OFDM -> Lightbridge -> DJI Phantom 3 Adv
2330,DJI Phantom 3 Adv,0,0,2,Pro-OFDM -> Lightbridge -> DJI Phantom 3 Adv
2331,DJI Phantom 3 Adv,0,0,2,Pro-OFDM -> Lightbridge -> DJI Phantom 3 Adv
2332,DJI Phantom 3 Adv,0,0,2,Pro-OFDM -> Lightbridge -> DJI Phantom 3 Adv
2333,DJI Phantom 3 Adv,0,0,2,Pro-OFDM -> Lightbridge -> DJI Phantom 3 Adv
2334,DJI Phantom 3 Adv,0,0,2,Pro-OFDM -> Lightbridge -> DJI Phantom 3 Adv
2335,DJI Phantom 3 Adv,0,0,2,Pro-OFDM -> Lightbridge -> DJI Phantom 3 Adv
2336,DJI Phantom 3 Adv,0,0,2,Pro-OFDM -> Lightbridge -> DJI Phantom 3 Adv
2337,DJI Phantom 3 Adv,0,0,2,Pro-OFDM -> Lightbridge -> DJI Phantom 3 Adv
2338,DJI Phantom 3 Adv,0,0,2,Pro-OFDM -> Lightbridge -> DJI Phantom 3 Adv
2339,DJI Phantom 3 Adv,0,0,2,Pro-OFDM -> Lightbridge -> DJI Phantom 3 Adv
2340,DJI Phantom 3 Adv,0,0,2,Pro-OFDM -> Lightbridge -> DJI Phantom 3 Adv
2341,DJI Phantom 3 Adv,0,0,2,Pro-OFDM -> Lightbridge -> DJI Phantom 3 Adv
2342,DJI Phantom 3 Adv,0,0,2,Pro-OFDM -> Lightbridge -> DJI Phantom 3 Adv
2343,DJI Phantom 3 Adv,0,0,2,Pro-OFDM -> Lightbridge -> DJI Phantom 3 Adv
2344,DJI Phantom 3 Adv,0,0,2,Pro-OFDM -> Lightbridge -> DJI Phantom 3 Adv
2345,DJI Phantom 3 Adv,0,0,2,Pro-OFDM -> Lightbridge -> DJI Phantom 3 Adv
2346,DJI Phantom 3 Adv,0,0,2,Pro-OFDM -> Lightbridge -> DJI Phantom 3 Adv
2347,DJI Phantom 3 Adv,0,0,2,Pro-OFDM -> Lightbridge -> DJI Phantom 3 Adv
2348,DJI Phantom 3 Adv,0,0,2,Pro-OFDM -> Lightbridge -> DJI Phantom 3 Adv
2349,DJI Phantom 3 Adv,0,0,2,Pro-OFDM -> Lightbridge -> DJI Phantom 3 Adv
2350,DJI Phantom 3 Adv,0,0,2,Pro-OFDM -> Lightbridge -> DJI Phantom 3 Adv
2351,DJI Phantom 3 Adv,0,0,2,Pro-OFDM -> Lightbridge -> DJI Phantom 3 Adv
2352,DJI Phantom 3 Adv,0,0,2,Pro-OFDM -> Lightbridge -> DJI Phantom 3 Adv
2353,DJI Phantom 3 Adv,0,0,2,Pro-OFDM -> Lightbridge -> DJI Phantom 3 Adv
2354,DJI Phantom 3 Adv,0,0,2,Pro-OFDM -> Lightbridge -> DJI Phantom 3 Adv
2355,DJI Phantom 3 Adv,0,0,2,Pro-OFDM -> Lightbridge -> DJI Phantom 3 Adv
2356,DJI Phantom 3 Adv,0,0,2,Pro-OFDM -> Lightbridge -> DJI Phantom 3 Adv
2357,DJI Phantom 3 Adv,0,0,2,Pro-OFDM -> Lightbridge -> DJI Phantom 3 Adv
2358,DJI Phantom 3 Adv,0,0,2,Pro-OFDM -> Lightbridge -> DJI Phantom 3 Adv
2359,DJI Phantom 3 Adv,0,0,2,Pro-OFDM -> Lightbridge -> DJI Phantom 3 Adv
2360,DJI Phantom 3 Adv,0,0,2,Pro-OFDM -> Lightbridge -> DJI Phantom 3 Adv
2361,DJI Phantom 3 Adv,0,0,2,Pro-OFDM -> Lightbridge -> DJI Phantom 3 Adv
2362,DJI Phantom 3 Adv,0,0,2,Pro-OFDM -> Lightbridge -> DJI Phantom 3 Adv
2363,DJI Phantom 3 Adv,0,0,2,Pro-OFDM -> Lightbridge -> DJI Phantom 3 Adv
2364,DJI Phantom 3 Adv,0,0,2,Pro-OFDM -> Lightbridge -> DJI Phantom 3 Adv
2365,DJI Phantom 3 Adv,0,0,2,Pro-OFDM -> Lightbridge -> DJI Phantom 3 Adv
2366,DJI Phantom 3 Adv,0,0,2,Pro-OFDM -> Lightbridge -> DJI Phantom 3 Adv
2367,DJI Phantom 3 Adv,0,0,2,Pro-OFDM -> Lightbridge -> DJI Phantom 3 Adv
2368,DJI Phantom 3 Adv,0,0,2,Pro-OFDM -> Lightbridge -> DJI Phantom 3 Adv
2369,DJI Phantom 3 Adv,0,0,2,Pro-OFDM -> Lightbridge -> DJI Phantom 3 Adv
2370,DJI Phantom 3 Adv,0,0,2,Pro-OFDM -> Lightbridge -> DJI Phantom 3 Adv
2371,DJI Phantom 3 Adv,0,0,2,Pro-OFDM -> Lightbridge -> DJI Phantom 3 Adv
2372,DJI Phantom 3 Adv,0,0,2,Pro-OFDM -> Lightbridge -> DJI Phantom 3 Adv
2373,DJI Phantom 3 Adv,0,0,2,Pro-OFDM -> Lightbridge -> DJI Phantom 3 Adv
2374,DJI Phantom 3 Adv,0,0,2,Pro-OFDM -> Lightbridge -> DJI Phantom 3 Adv
2375,DJI Phantom 3 Adv,0,0,2,Pro-OFDM -> Lightbridge -> DJI Phantom 3 Adv
2376,DJI Phantom 3 Adv,0,0,2,Pro-OFDM -> Lightbridge -> DJI Phantom 3 Adv
2377,DJI Phantom 3 Adv,0,0,2,Pro-OFDM -> Lightbridge -> DJI Phantom 3 Adv
2378,DJI Phantom 3 Adv,0,0,2,Pro-OFDM -> Lightbridge -> DJI Phantom 3 Adv
2379,DJI Phantom 3 Adv,0,0,2,Pro-OFDM -> Lightbridge -> DJI Phantom 3 Adv
2380,DJI Phantom 3 Adv,0,0,2,Pro-OFDM -> Lightbridge -> DJI Phantom 3 Adv
2381,DJI Phantom 3 Adv,0,0,2,Pro-OFDM -> Lightbridge -> DJI Phantom 3 Adv
2382,DJI Phantom 3 Adv,0,0,2,Pro-OFDM -> Lightbridge -> DJI Phantom 3 Adv
2383,DJI Phantom 3 Adv,0,0,2,Pro-OFDM -> Lightbridge -> DJI Phantom 3 Adv
2384,DJI Phantom 3 Adv,0,0,2,Pro-OFDM -> Lightbridge -> DJI Phantom 3 Adv
2385,DJI Phantom 3 Adv,0,0,2,Pro-OFDM -> Lightbridge -> DJI Phantom 3 Adv
2386,DJI Phantom 3 Adv,0,0,2,Pro-OFDM -> Lightbridge -> DJI Phantom 3 Adv
2387,DJI Phantom 3 Adv,0,0,2,Pro-OFDM -> Lightbridge -> DJI Phantom 3 Adv
2388,DJI Phantom 3 Adv,0,0,2,Pro-OFDM -> Lightbridge -> DJI Phantom 3 Adv
2389,DJI Phantom 3 Adv,0,0,2,Pro-OFDM -> Lightbridge -> DJI Phantom 3 Adv
2390,DJI Phantom 3 Adv,0,0,2,Pro-OFDM -> Lightbridge -> DJI Phantom 3 Adv
2391,DJI Phantom 3 Adv,0,0,2,Pro-OFDM -> Lightbridge -> DJI Phantom 3 Adv
2392,DJI Phantom 3 Adv,0,0,2,Pro-OFDM -> Lightbridge -> DJI Phantom 3 Adv
2393,DJI Phantom 3 Adv,0,0,2,Pro-OFDM -> Lightbridge -> DJI Phantom 3 Adv
2394,DJI Phantom 3 Adv,0,0,2,Pro-OFDM -> Lightbridge -> DJI Phantom 3 Adv
2395,DJI Phantom 3 Adv,0,0,2,Pro-OFDM -> Lightbridge -> DJI Phantom 3 Adv
2396,DJI Phantom 3 Adv,0,0,2,Pro-OFDM -> Lightbridge -> DJI Phantom 3 Adv
2397,DJI Phantom 3 Adv,0,0,2,Pro-OFDM -> Lightbridge -> DJI Phantom 3 Adv
2398,DJI Phantom 3 Adv,0,0,2,Pro-OFDM -> Lightbridge -> DJI Phantom 3 Adv
2399,DJI Phantom 3 Adv,0,0,2,Pro-OFDM -> Lightbridge -> DJI Phantom 3 Adv
2400,DJI Phantom 3 Adv,0,0,2,Pro-OFDM -> Lightbridge -> DJI Phantom 3 Adv
2401,DJI Phantom 3 Adv,0,0,2,Pro-OFDM -> Lightbridge -> DJI Phantom 3 Adv
2402,DJI Phantom 3 Adv,0,0,2,Pro-OFDM -> Lightbridge -> DJI Phantom 3 Adv
2403,DJI Phantom 3 Adv,0,0,2,Pro-OFDM -> Lightbridge -> DJI Phantom 3 Adv
2404,DJI Phantom 3 Adv,0,0,2,Pro-OFDM -> Lightbridge -> DJI Phantom 3 Adv
2405,DJI Phantom 3 Adv,0,0,2,Pro-OFDM -> Lightbridge -> DJI Phantom 3 Adv
2406,DJI Phantom 3 Adv,0,0,2,Pro-OFDM -> Lightbridge -> DJI Phantom 3 Adv
2407,DJI Phantom 3 Adv,0,0,2,Pro-OFDM -> Lightbridge -> DJI Phantom 3 Adv
2408,DJI Phantom 3 Adv,0,0,2,Pro-OFDM -> Lightbridge -> DJI Phantom 3 Adv
2409,DJI Phantom 3 Adv,0,0,2,Pro-OFDM -> Lightbridge -> DJI Phantom 3 Adv
2410,DJI Phantom 3 Adv,0,0,2,Pro-OFDM -> Lightbridge -> DJI Phantom 3 Adv
2411,DJI Phantom 3 Adv,0,0,2,Pro-OFDM -> Lightbridge -> DJI Phantom 3 Adv
2412,DJI Phantom 3 Adv,0,0,2,Pro-OFDM -> Lightbridge -> DJI Phantom 3 Adv
2413,DJI Phantom 3 Adv,0,0,2,Pro-OFDM -> Lightbridge -> DJI Phantom 3 Adv
2414,DJI Phantom 3 Adv,0,0,2,Pro-OFDM -> Lightbridge -> DJI Phantom 3 Adv
2415,DJI Phantom 3 Adv,0,0,2,Pro-OFDM -> Lightbridge -> DJI Phantom 3 Adv
2416,DJI Phantom 3 Adv,0,0,2,Pro-OFDM -> Lightbridge -> DJI Phantom 3 Adv
2417,DJI Phantom 3 Adv,0,0,2,Pro-OFDM -> Lightbridge -> DJI Phantom 3 Adv
2418,DJI Phantom 3 Adv,0,0,2,Pro-OFDM -> Lightbridge -> DJI Phantom 3 Adv
2419,DJI Phantom 3 Adv,0,0,2,Pro-OFDM -> Lightbridge -> DJI Phantom 3 Adv
2420,DJI Phantom 3 Adv,0,0,2,Pro-OFDM -> Lightbridge -> DJI Phantom 3 Adv
2421,DJI Phantom 3 Adv,0,0,2,Pro-OFDM -> Lightbridge -> DJI Phantom 3 Adv
2422,DJI Phantom 3 Adv,0,0,2,Pro-OFDM -> Lightbridge -> DJI Phantom 3 Adv
2423,DJI Phantom 3 Adv,0,0,2,Pro-OFDM -> Lightbridge -> DJI Phantom 3 Adv
2424,DJI Phantom 3 Adv,0,0,2,Pro-OFDM -> Lightbridge -> DJI Phantom 3 Adv
2425,DJI Phantom 3 Adv,0,0,2,Pro-OFDM -> Lightbridge -> DJI Phantom 3 Adv
2426,DJI Phantom 3 Adv,0,0,2,Pro-OFDM -> Lightbridge -> DJI Phantom 3 Adv
2427,DJI Phantom 3 Adv,0,0,2,Pro-OFDM -> Lightbridge -> DJI Phantom 3 Adv
2428,DJI Phantom 3 Adv,0,0,2,Pro-OFDM -> Lightbridge -> DJI Phantom 3 Adv
2429,DJI Phantom 3 Adv,0,0,2,Pro-OFDM -> Lightbridge -> DJI Phantom 3 Adv
2430,DJI Phantom 3 Adv,0,0,2,Pro-OFDM -> Lightbridge -> DJI Phantom 3 Adv
2431,DJI Phantom 3 Adv,0,0,2,Pro-OFDM -> Lightbridge -> DJI Phantom 3 Adv
2432,DJI Phantom 3 Adv,0,0,2,Pro-OFDM -> Lightbridge -> DJI Phantom 3 Adv
2433,DJI Phantom 3 Adv,0,0,2,Pro-OFDM -> Lightbridge -> DJI Phantom 3 Adv
2434,DJI Phantom 3 Adv,0,0,2,Pro-OFDM -> Lightbridge -> DJI Phantom 3 Adv
2435,DJI Phantom 3 Adv,0,0,2,Pro-OFDM -> Lightbridge -> DJI Phantom 3 Adv
2436,DJI Phantom 3 Adv,0,0,2,Pro-OFDM -> Lightbridge -> DJI Phantom 3 Adv
2437,DJI Phantom 3 Adv,0,0,2,Pro-OFDM -> Lightbridge -> DJI Phantom 3 Adv
2438,DJI Phantom 3 Adv,0,0,2,Pro-OFDM -> Lightbridge -> DJI Phantom 3 Adv
2439,DJI Phantom 3 Adv,0,0,2,Pro-OFDM -> Lightbridge -> DJI Phantom 3 Adv
2440,DJI Phantom 3 Adv,0,0,2,Pro-OFDM -> Lightbridge -> DJI Phantom 3 Adv
2441,DJI Phantom 3 Adv,0,0,2,Pro-OFDM -> Lightbridge -> DJI Phantom 3 Adv
2442,DJI Phantom 3 Adv,0,0,2,Pro-OFDM -> Lightbridge -> DJI Phantom 3 Adv
2443,DJI Phantom 3 Adv,0,0,2,Pro-OFDM -> Lightbridge -> DJI Phantom 3 Adv
2444,DJI Phantom 3 Adv,0,0,2,Pro-OFDM -> Lightbridge -> DJI Phantom 3 Adv
2445,DJI Phantom 3 Adv,0,0,2,Pro-OFDM -> Lightbridge -> DJI Phantom 3 Adv
2446,DJI Phantom 3 Adv,0,0,2,Pro-OFDM -> Lightbridge -> DJI Phantom 3 Adv
2447,DJI Phantom 3 Adv,0,0,2,Pro-OFDM -> Lightbridge -> DJI Phantom 3 Adv
2448,DJI Phantom 3 Adv,0,0,2,Pro-OFDM -> Lightbridge -> DJI Phantom 3 Adv
2449,DJI Phantom 3 Adv,0,0,2,Pro-OFDM -> Lightbridge -> DJI Phantom 3 Adv
2450,DJI Phantom 3 Adv,0,0,2,Pro-OFDM -> Lightbridge -> DJI Phantom 3 Adv
2451,DJI Phantom 3 Adv,0,0,2,Pro-OFDM -> Lightbridge -> DJI Phantom 3 Adv
2452,DJI Phantom 3 Adv,0,0,2,Pro-OFDM -> Lightbridge -> DJI Phantom 3 Adv
2453,DJI Phantom 3 Adv,0,0,2,Pro-OFDM -> Lightbridge -> DJI Phantom 3 Adv
2454,DJI Phantom 3 Adv,0,0,2,Pro-OFDM -> Lightbridge -> DJI Phantom 3 Adv
2455,DJI Phantom 3 Adv,0,0,2,Pro-OFDM -> Lightbridge -> DJI Phantom 3 Adv
2456,DJI Phantom 3 Adv,0,0,2,Pro-OFDM -> Lightbridge -> DJI Phantom 3 Adv
2457,DJI Phantom 3 Adv,0,0,2,Pro-OFDM -> Lightbridge -> DJI Phantom 3 Adv
2458,DJI Phantom 3 Adv,0,0,2,Pro-OFDM -> Lightbridge -> DJI Phantom 3 Adv
2459,DJI Phantom 3 Adv,0,0,2,Pro-OFDM -> Lightbridge -> DJI Phantom 3 Adv
2460,DJI Phantom 3 Adv,0,0,2,Pro-OFDM -> Lightbridge -> DJI Phantom 3 Adv
2461,DJI Phantom 3 Adv,0,0,2,Pro-OFDM -> Lightbridge -> DJI Phantom 3 Adv
2462,DJI Phantom 3 Adv,0,0,2,Pro-OFDM -> Lightbridge -> DJI Phantom 3 Adv
2463,DJI Phantom 3 Adv,0,0,2,Pro-OFDM -> Lightbridge -> DJI Phantom 3 Adv
2464,DJI Phantom 3 Adv,0,0,2,Pro-OFDM -> Lightbridge -> DJI Phantom 3 Adv
2465,DJI Phantom 3 Adv,0,0,2,Pro-OFDM -> Lightbridge -> DJI Phantom 3 Adv
2466,DJI Phantom 3 Adv,0,0,2,Pro-OFDM -> Lightbridge -> DJI Phantom 3 Adv
2467,DJI Phantom 3 Adv,0,0,2,Pro-OFDM -> Lightbridge -> DJI Phantom 3 Adv
2468,DJI Phantom 3 Adv,0,0,2,Pro-OFDM -> Lightbridge -> DJI Phantom 3 Adv
2469,DJI Phantom 3 Adv,0,0,2,Pro-OFDM -> Lightbridge -> DJI Phantom 3 Adv
2470,DJI Phantom 3 Adv,0,0,2,Pro-OFDM -> Lightbridge -> DJI Phantom 3 Adv
2471,DJI Phantom 3 Adv,0,0,2,Pro-OFDM -> Lightbridge -> DJI Phantom 3 Adv
2472,DJI Phantom 3 Adv,0,0,2,Pro-OFDM -> Lightbridge -> DJI Phantom 3 Adv
2473,DJI Phantom 3 Adv,0,0,2,Pro-OFDM -> Lightbridge -> DJI Phantom 3 Adv
2474,DJI Phantom 3 Adv,0,0,2,Pro-OFDM -> Lightbridge -> DJI Phantom 3 Adv
2475,DJI Phantom 3 Adv,0,0,2,Pro-OFDM -> Lightbridge -> DJI Phantom 3 Adv
2476,DJI Phantom 3 Adv,0,0,2,Pro-OFDM -> Lightbridge -> DJI Phantom 3 Adv
2477,DJI Phantom 3 Adv,0,0,2,Pro-OFDM -> Lightbridge -> DJI Phantom 3 Adv
2478,DJI Phantom 3 Adv,0,0,2,Pro-OFDM -> Lightbridge -> DJI Phantom 3 Adv
2479,DJI Phantom 3 Adv,0,0,2,Pro-OFDM -> Lightbridge -> DJI Phantom 3 Adv
2480,DJI Phantom 3 Adv,0,0,2,Pro-OFDM -> Lightbridge -> DJI Phantom 3 Adv
2481,DJI Phantom 3 Adv,0,0,2,Pro-OFDM -> Lightbridge -> DJI Phantom 3 Adv
2482,DJI Phantom 3 Adv,0,0,2,Pro-OFDM -> Lightbridge -> DJI Phantom 3 Adv
2483,DJI Phantom 3 Adv,0,0,2,Pro-OFDM -> Lightbridge -> DJI Phantom 3 Adv
2484,DJI Phantom 3 Adv,0,0,2,Pro-OFDM -> Lightbridge -> DJI Phantom 3 Adv
2485,DJI Phantom 3 Adv,0,0,2,Pro-OFDM -> Lightbridge -> DJI Phantom 3 Adv
2486,DJI Phantom 3 Adv,0,0,2,Pro-OFDM -> Lightbridge -> DJI Phantom 3 Adv
2487,DJI Phantom 3 Adv,0,0,2,Pro-OFDM -> Lightbridge -> DJI Phantom 3 Adv
2488,DJI Tello,2,4,8,Wi-Fi -> Wi-Fi 4 -> DJI Tello
2489,DJI Tello,2,4,8,Wi-Fi -> Wi-Fi 4 -> DJI Tello
2490,DJI Tello,2,4,8,Wi-Fi -> Wi-Fi 4 -> DJI Tello
2491,DJI Tello,2,4,8,Wi-Fi -> Wi-Fi 4 -> DJI Tello
2492,DJI Tello,2,4,8,Wi-Fi -> Wi-Fi 4 -> DJI Tello
2493,DJI Tello,2,4,8,Wi-Fi -> Wi-Fi 4 -> DJI Tello
2494,DJI Tello,2,4,8,Wi-Fi -> Wi-Fi 4 -> DJI Tello
2495,DJI Tello,2,4,8,Wi-Fi -> Wi-Fi 4 -> DJI Tello
2496,DJI Tello,2,4,8,Wi-Fi -> Wi-Fi 4 -> DJI Tello
2497,DJI Tello,2,4,8,Wi-Fi -> Wi-Fi 4 -> DJI Tello
2498,DJI Tello,2,4,8,Wi-Fi -> Wi-Fi 4 -> DJI Tello
2499,DJI Tello,2,4,8,Wi-Fi -> Wi-Fi 4 -> DJI Tello
2500,DJI Tello,2,4,8,Wi-Fi -> Wi-Fi 4 -> DJI Tello
2501,DJI Tello,2,4,8,Wi-Fi -> Wi-Fi 4 -> DJI Tello
2502,DJI Tello,2,4,8,Wi-Fi -> Wi-Fi 4 -> DJI Tello
2503,DJI Tello,2,4,8,Wi-Fi -> Wi-Fi 4 -> DJI Tello
2504,DJI Tello,2,4,8,Wi-Fi -> Wi-Fi 4 -> DJI Tello
2505,DJI Tello,2,4,8,Wi-Fi -> Wi-Fi 4 -> DJI Tello
2506,DJI Tello,2,4,8,Wi-Fi -> Wi-Fi 4 -> DJI Tello
2507,DJI Tello,2,4,8,Wi-Fi -> Wi-Fi 4 -> DJI Tello
2508,DJI Tello,2,4,8,Wi-Fi -> Wi-Fi 4 -> DJI Tello
2509,DJI Tello,2,4,8,Wi-Fi -> Wi-Fi 4 -> DJI Tello
2510,DJI Tello,2,4,8,Wi-Fi -> Wi-Fi 4 -> DJI Tello
2511,DJI Tello,2,4,8,Wi-Fi -> Wi-Fi 4 -> DJI Tello
2512,DJI Tello,2,4,8,Wi-Fi -> Wi-Fi 4 -> DJI Tello
2513,DJI Tello,2,4,8,Wi-Fi -> Wi-Fi 4 -> DJI Tello
2514,DJI Tello,2,4,8,Wi-Fi -> Wi-Fi 4 -> DJI Tello
2515,DJI Tello,2,4,8,Wi-Fi -> Wi-Fi 4 -> DJI Tello
2516,DJI Tello,2,4,8,Wi-Fi -> Wi-Fi 4 -> DJI Tello
2517,DJI Tello,2,4,8,Wi-Fi -> Wi-Fi 4 -> DJI Tello
2518,DJI Tello,2,4,8,Wi-Fi -> Wi-Fi 4 -> DJI Tello
2519,DJI Tello,2,4,8,Wi-Fi -> Wi-Fi 4 -> DJI Tello
2520,DJI Tello,2,4,8,Wi-Fi -> Wi-Fi 4 -> DJI Tello
2521,DJI Tello,2,4,8,Wi-Fi -> Wi-Fi 4 -> DJI Tello
2522,DJI Tello,2,4,8,Wi-Fi -> Wi-Fi 4 -> DJI Tello
2523,DJI Tello,2,4,8,Wi-Fi -> Wi-Fi 4 -> DJI Tello
2524,DJI Tello,2,4,8,Wi-Fi -> Wi-Fi 4 -> DJI Tello
2525,DJI Tello,2,4,8,Wi-Fi -> Wi-Fi 4 -> DJI Tello
2526,DJI Tello,2,4,8,Wi-Fi -> Wi-Fi 4 -> DJI Tello
2527,DJI Tello,2,4,8,Wi-Fi -> Wi-Fi 4 -> DJI Tello
2528,DJI Tello,2,4,8,Wi-Fi -> Wi-Fi 4 -> DJI Tello
2529,DJI Tello,2,4,8,Wi-Fi -> Wi-Fi 4 -> DJI Tello
2530,DJI Tello,2,4,8,Wi-Fi -> Wi-Fi 4 -> DJI Tello
2531,DJI Tello,2,4,8,Wi-Fi -> Wi-Fi 4 -> DJI Tello
2532,DJI Tello,2,4,8,Wi-Fi -> Wi-Fi 4 -> DJI Tello
2533,DJI Tello,2,4,8,Wi-Fi -> Wi-Fi 4 -> DJI Tello
2534,DJI Tello,2,4,8,Wi-Fi -> Wi-Fi 4 -> DJI Tello
2535,DJI Tello,2,4,8,Wi-Fi -> Wi-Fi 4 -> DJI Tello
2536,DJI Tello,2,4,8,Wi-Fi -> Wi-Fi 4 -> DJI Tello
2537,DJI Tello,2,4,8,Wi-Fi -> Wi-Fi 4 -> DJI Tello
2538,DJI Tello,2,4,8,Wi-Fi -> Wi-Fi 4 -> DJI Tello
2539,DJI Tello,2,4,8,Wi-Fi -> Wi-Fi 4 -> DJI Tello
2540,DJI Tello,2,4,8,Wi-Fi -> Wi-Fi 4 -> DJI Tello
2541,DJI Tello,2,4,8,Wi-Fi -> Wi-Fi 4 -> DJI Tello
2542,DJI Tello,2,4,8,Wi-Fi -> Wi-Fi 4 -> DJI Tello
2543,DJI Tello,2,4,8,Wi-Fi -> Wi-Fi 4 -> DJI Tello
2544,DJI Tello,2,4,8,Wi-Fi -> Wi-Fi 4 -> DJI Tello
2545,DJI Tello,2,4,8,Wi-Fi -> Wi-Fi 4 -> DJI Tello
2546,DJI Tello,2,4,8,Wi-Fi -> Wi-Fi 4 -> DJI Tello
2547,DJI Tello,2,4,8,Wi-Fi -> Wi-Fi 4 -> DJI Tello
2548,DJI Tello,2,4,8,Wi-Fi -> Wi-Fi 4 -> DJI Tello
2549,DJI Tello,2,4,8,Wi-Fi -> Wi-Fi 4 -> DJI Tello
2550,DJI Tello,2,4,8,Wi-Fi -> Wi-Fi 4 -> DJI Tello
2551,DJI Tello,2,4,8,Wi-Fi -> Wi-Fi 4 -> DJI Tello
2552,DJI Tello,2,4,8,Wi-Fi -> Wi-Fi 4 -> DJI Tello
2553,DJI Tello,2,4,8,Wi-Fi -> Wi-Fi 4 -> DJI Tello
2554,DJI Tello,2,4,8,Wi-Fi -> Wi-Fi 4 -> DJI Tello
2555,DJI Tello,2,4,8,Wi-Fi -> Wi-Fi 4 -> DJI Tello
2556,DJI Tello,2,4,8,Wi-Fi -> Wi-Fi 4 -> DJI Tello
2557,DJI Tello,2,4,8,Wi-Fi -> Wi-Fi 4 -> DJI Tello
2558,DJI Tello,2,4,8,Wi-Fi -> Wi-Fi 4 -> DJI Tello
2559,DJI Tello,2,4,8,Wi-Fi -> Wi-Fi 4 -> DJI Tello
2560,DJI Tello,2,4,8,Wi-Fi -> Wi-Fi 4 -> DJI Tello
2561,DJI Tello,2,4,8,Wi-Fi -> Wi-Fi 4 -> DJI Tello
2562,DJI Tello,2,4,8,Wi-Fi -> Wi-Fi 4 -> DJI Tello
2563,DJI Tello,2,4,8,Wi-Fi -> Wi-Fi 4 -> DJI Tello
2564,DJI Tello,2,4,8,Wi-Fi -> Wi-Fi 4 -> DJI Tello
2565,DJI Tello,2,4,8,Wi-Fi -> Wi-Fi 4 -> DJI Tello
2566,DJI Tello,2,4,8,Wi-Fi -> Wi-Fi 4 -> DJI Tello
2567,DJI Tello,2,4,8,Wi-Fi -> Wi-Fi 4 -> DJI Tello
2568,DJI Tello,2,4,8,Wi-Fi -> Wi-Fi 4 -> DJI Tello
2569,DJI Tello,2,4,8,Wi-Fi -> Wi-Fi 4 -> DJI Tello
2570,DJI Tello,2,4,8,Wi-Fi -> Wi-Fi 4 -> DJI Tello
2571,DJI Tello,2,4,8,Wi-Fi -> Wi-Fi 4 -> DJI Tello
2572,DJI Tello,2,4,8,Wi-Fi -> Wi-Fi 4 -> DJI Tello
2573,DJI Tello,2,4,8,Wi-Fi -> Wi-Fi 4 -> DJI Tello
2574,DJI Tello,2,4,8,Wi-Fi -> Wi-Fi 4 -> DJI Tello
2575,DJI Tello,2,4,8,Wi-Fi -> Wi-Fi 4 -> DJI Tello
2576,DJI Tello,2,4,8,Wi-Fi -> Wi-Fi 4 -> DJI Tello
2577,DJI Tello,2,4,8,Wi-Fi -> Wi-Fi 4 -> DJI Tello
2578,DJI Tello,2,4,8,Wi-Fi -> Wi-Fi 4 -> DJI Tello
2579,DJI Tello,2,4,8,Wi-Fi -> Wi-Fi 4 -> DJI Tello
2580,DJI Tello,2,4,8,Wi-Fi -> Wi-Fi 4 -> DJI Tello
2581,DJI Tello,2,4,8,Wi-Fi -> Wi-Fi 4 -> DJI Tello
2582,DJI Tello,2,4,8,Wi-Fi -> Wi-Fi 4 -> DJI Tello
2583,DJI Tello,2,4,8,Wi-Fi -> Wi-Fi 4 -> DJI Tello
2584,DJI Tello,2,4,8,Wi-Fi -> Wi-Fi 4 -> DJI Tello
2585,DJI Tello,2,4,8,Wi-Fi -> Wi-Fi 4 -> DJI Tello
2586,DJI Tello,2,4,8,Wi-Fi -> Wi-Fi 4 -> DJI Tello
2587,DJI Tello,2,4,8,Wi-Fi -> Wi-Fi 4 -> DJI Tello
2588,DJI Tello,2,4,8,Wi-Fi -> Wi-Fi 4 -> DJI Tello
2589,DJI Tello,2,4,8,Wi-Fi -> Wi-Fi 4 -> DJI Tello
2590,DJI Tello,2,4,8,Wi-Fi -> Wi-Fi 4 -> DJI Tello
2591,DJI Tello,2,4,8,Wi-Fi -> Wi-Fi 4 -> DJI Tello
2592,DJI Tello,2,4,8,Wi-Fi -> Wi-Fi 4 -> DJI Tello
2593,DJI Tello,2,4,8,Wi-Fi -> Wi-Fi 4 -> DJI Tello
2594,DJI Tello,2,4,8,Wi-Fi -> Wi-Fi 4 -> DJI Tello
2595,DJI Tello,2,4,8,Wi-Fi -> Wi-Fi 4 -> DJI Tello
2596,DJI Tello,2,4,8,Wi-Fi -> Wi-Fi 4 -> DJI Tello
2597,DJI Tello,2,4,8,Wi-Fi -> Wi-Fi 4 -> DJI Tello
2598,DJI Tello,2,4,8,Wi-Fi -> Wi-Fi 4 -> DJI Tello
2599,DJI Tello,2,4,8,Wi-Fi -> Wi-Fi 4 -> DJI Tello
2600,DJI Tello,2,4,8,Wi-Fi -> Wi-Fi 4 -> DJI Tello
2601,DJI Tello,2,4,8,Wi-Fi -> Wi-Fi 4 -> DJI Tello
2602,DJI Tello,2,4,8,Wi-Fi -> Wi-Fi 4 -> DJI Tello
2603,DJI Tello,2,4,8,Wi-Fi -> Wi-Fi 4 -> DJI Tello
2604,DJI Tello,2,4,8,Wi-Fi -> Wi-Fi 4 -> DJI Tello
2605,DJI Tello,2,4,8,Wi-Fi -> Wi-Fi 4 -> DJI Tello
2606,DJI Tello,2,4,8,Wi-Fi -> Wi-Fi 4 -> DJI Tello
2607,DJI Tello,2,4,8,Wi-Fi -> Wi-Fi 4 -> DJI Tello
2608,DJI Tello,2,4,8,Wi-Fi -> Wi-Fi 4 -> DJI Tello
2609,DJI Tello,2,4,8,Wi-Fi -> Wi-Fi 4 -> DJI Tello
2610,DJI Tello,2,4,8,Wi-Fi -> Wi-Fi 4 -> DJI Tello
2611,DJI Tello,2,4,8,Wi-Fi -> Wi-Fi 4 -> DJI Tello
2612,DJI Tello,2,4,8,Wi-Fi -> Wi-Fi 4 -> DJI Tello
2613,DJI Tello,2,4,8,Wi-Fi -> Wi-Fi 4 -> DJI Tello
2614,DJI Tello,2,4,8,Wi-Fi -> Wi-Fi 4 -> DJI Tello
2615,DJI Tello,2,4,8,Wi-Fi -> Wi-Fi 4 -> DJI Tello
2616,DJI Tello,2,4,8,Wi-Fi -> Wi-Fi 4 -> DJI Tello
2617,DJI Tello,2,4,8,Wi-Fi -> Wi-Fi 4 -> DJI Tello
2618,DJI Tello,2,4,8,Wi-Fi -> Wi-Fi 4 -> DJI Tello
2619,DJI Tello,2,4,8,Wi-Fi -> Wi-Fi 4 -> DJI Tello
2620,DJI Tello,2,4,8,Wi-Fi -> Wi-Fi 4 -> DJI Tello
2621,DJI Tello,2,4,8,Wi-Fi -> Wi-Fi 4 -> DJI Tello
2622,DJI Tello,2,4,8,Wi-Fi -> Wi-Fi 4 -> DJI Tello
2623,DJI Tello,2,4,8,Wi-Fi -> Wi-Fi 4 -> DJI Tello
2624,DJI Tello,2,4,8,Wi-Fi -> Wi-Fi 4 -> DJI Tello
2625,DJI Tello,2,4,8,Wi-Fi -> Wi-Fi 4 -> DJI Tello
2626,DJI Tello,2,4,8,Wi-Fi -> Wi-Fi 4 -> DJI Tello
2627,DJI Tello,2,4,8,Wi-Fi -> Wi-Fi 4 -> DJI Tello
2628,DJI Tello,2,4,8,Wi-Fi -> Wi-Fi 4 -> DJI Tello
2629,DJI Tello,2,4,8,Wi-Fi -> Wi-Fi 4 -> DJI Tello
2630,DJI Tello,2,4,8,Wi-Fi -> Wi-Fi 4 -> DJI Tello
2631,DJI Tello,2,4,8,Wi-Fi -> Wi-Fi 4 -> DJI Tello
2632,DJI Tello,2,4,8,Wi-Fi -> Wi-Fi 4 -> DJI Tello
2633,DJI Tello,2,4,8,Wi-Fi -> Wi-Fi 4 -> DJI Tello
2634,DJI Tello,2,4,8,Wi-Fi -> Wi-Fi 4 -> DJI Tello
2635,DJI Tello,2,4,8,Wi-Fi -> Wi-Fi 4 -> DJI Tello
2636,DJI Tello,2,4,8,Wi-Fi -> Wi-Fi 4 -> DJI Tello
2637,DJI Tello,2,4,8,Wi-Fi -> Wi-Fi 4 -> DJI Tello
2638,DJI Tello,2,4,8,Wi-Fi -> Wi-Fi 4 -> DJI Tello
2639,DJI Tello,2,4,8,Wi-Fi -> Wi-Fi 4 -> DJI Tello
2640,DJI Tello,2,4,8,Wi-Fi -> Wi-Fi 4 -> DJI Tello
2641,DJI Tello,2,4,8,Wi-Fi -> Wi-Fi 4 -> DJI Tello
2642,DJI Tello,2,4,8,Wi-Fi -> Wi-Fi 4 -> DJI Tello
2643,DJI Tello,2,4,8,Wi-Fi -> Wi-Fi 4 -> DJI Tello
2644,DJI Tello,2,4,8,Wi-Fi -> Wi-Fi 4 -> DJI Tello
2645,DJI Tello,2,4,8,Wi-Fi -> Wi-Fi 4 -> DJI Tello
2646,DJI Tello,2,4,8,Wi-Fi -> Wi-Fi 4 -> DJI Tello
2647,DJI Tello,2,4,8,Wi-Fi -> Wi-Fi 4 -> DJI Tello
2648,DJI Tello,2,4,8,Wi-Fi -> Wi-Fi 4 -> DJI Tello
2649,DJI Tello,2,4,8,Wi-Fi -> Wi-Fi 4 -> DJI Tello
2650,DJI Tello,2,4,8,Wi-Fi -> Wi-Fi 4 -> DJI Tello
2651,DJI Tello,2,4,8,Wi-Fi -> Wi-Fi 4 -> DJI Tello
2652,DJI Tello,2,4,8,Wi-Fi -> Wi-Fi 4 -> DJI Tello
2653,DJI Tello,2,4,8,Wi-Fi -> Wi-Fi 4 -> DJI Tello
2654,Holystone HS 100G,1,4,1,OFDM -> Wi-Fi 4 -> Holystone HS 100G
2655,Holystone HS 100G,1,4,1,OFDM -> Wi-Fi 4 -> Holystone HS 100G
2656,Holystone HS 100G,1,4,1,OFDM -> Wi-Fi 4 -> Holystone HS 100G
2657,Holystone HS 100G,1,4,1,OFDM -> Wi-Fi 4 -> Holystone HS 100G
2658,Holystone HS 100G,1,4,1,OFDM -> Wi-Fi 4 -> Holystone HS 100G
2659,Holystone HS 100G,1,4,1,OFDM -> Wi-Fi 4 -> Holystone HS 100G
2660,Holystone HS 100G,1,4,1,OFDM -> Wi-Fi 4 -> Holystone HS 100G
2661,Holystone HS 100G,1,4,1,OFDM -> Wi-Fi 4 -> Holystone HS 100G
2662,Holystone HS 100G,1,4,1,OFDM -> Wi-Fi 4 -> Holystone HS 100G
2663,Holystone HS 100G,1,4,1,OFDM -> Wi-Fi 4 -> Holystone HS 100G
2664,Holystone HS 100G,1,4,1,OFDM -> Wi-Fi 4 -> Holystone HS 100G
2665,Holystone HS 100G,1,4,1,OFDM -> Wi-Fi 4 -> Holystone HS 100G
2666,Holystone HS 100G,1,4,1,OFDM -> Wi-Fi 4 -> Holystone HS 100G
2667,Holystone HS 100G,1,4,1,OFDM -> Wi-Fi 4 -> Holystone HS 100G
2668,Holystone HS 100G,1,4,1,OFDM -> Wi-Fi 4 -> Holystone HS 100G
2669,Holystone HS 100G,1,4,1,OFDM -> Wi-Fi 4 -> Holystone HS 100G
2670,Holystone HS 100G,1,4,1,OFDM -> Wi-Fi 4 -> Holystone HS 100G
2671,Holystone HS 100G,1,4,1,OFDM -> Wi-Fi 4 -> Holystone HS 100G
2672,Holystone HS 100G,1,4,1,OFDM -> Wi-Fi 4 -> Holystone HS 100G
2673,Holystone HS 100G,1,4,1,OFDM -> Wi-Fi 4 -> Holystone HS 100G
2674,Holystone HS 100G,1,4,1,OFDM -> Wi-Fi 4 -> Holystone HS 100G
2675,Holystone HS 100G,1,4,1,OFDM -> Wi-Fi 4 -> Holystone HS 100G
2676,Holystone HS 100G,1,4,1,OFDM -> Wi-Fi 4 -> Holystone HS 100G
2677,Holystone HS 100G,1,4,1,OFDM -> Wi-Fi 4 -> Holystone HS 100G
2678,Holystone HS 100G,1,4,1,OFDM -> Wi-Fi 4 -> Holystone HS 100G
2679,Holystone HS 100G,1,4,1,OFDM -> Wi-Fi 4 -> Holystone HS 100G
2680,Holystone HS 100G,1,4,1,OFDM -> Wi-Fi 4 -> Holystone HS 100G
2681,Holystone HS 100G,1,4,1,OFDM -> Wi-Fi 4 -> Holystone HS 100G
2682,Holystone HS 100G,1,4,1,OFDM -> Wi-Fi 4 -> Holystone HS 100G
2683,Holystone HS 100G,1,4,1,OFDM -> Wi-Fi 4 -> Holystone HS 100G
2684,Holystone HS 100G,1,4,1,OFDM -> Wi-Fi 4 -> Holystone HS 100G
2685,Holystone HS 100G,1,4,1,OFDM -> Wi-Fi 4 -> Holystone HS 100G
2686,Holystone HS 100G,1,4,1,OFDM -> Wi-Fi 4 -> Holystone HS 100G
2687,Holystone HS 100G,1,4,1,OFDM -> Wi-Fi 4 -> Holystone HS 100G
2688,Holystone HS 100G,1,4,1,OFDM -> Wi-Fi 4 -> Holystone HS 100G
2689,Holystone HS 100G,1,4,1,OFDM -> Wi-Fi 4 -> Holystone HS 100G
2690,Holystone HS 100G,1,4,1,OFDM -> Wi-Fi 4 -> Holystone HS 100G
2691,Holystone HS 100G,1,4,1,OFDM -> Wi-Fi 4 -> Holystone HS 100G
2692,Holystone HS 100G,1,4,1,OFDM -> Wi-Fi 4 -> Holystone HS 100G
2693,Holystone HS 100G,1,4,1,OFDM -> Wi-Fi 4 -> Holystone HS 100G
2694,Holystone HS 100G,1,4,1,OFDM -> Wi-Fi 4 -> Holystone HS 100G
2695,Holystone HS 100G,1,4,1,OFDM -> Wi-Fi 4 -> Holystone HS 100G
2696,Holystone HS 100G,1,4,1,OFDM -> Wi-Fi 4 -> Holystone HS 100G
2697,Holystone HS 100G,1,4,1,OFDM -> Wi-Fi 4 -> Holystone HS 100G
2698,Holystone HS 100G,1,4,1,OFDM -> Wi-Fi 4 -> Holystone HS 100G
2699,Holystone HS 100G,1,4,1,OFDM -> Wi-Fi 4 -> Holystone HS 100G
2700,Holystone HS 100G,1,4,1,OFDM -> Wi-Fi 4 -> Holystone HS 100G
2701,Holystone HS 100G,1,4,1,OFDM -> Wi-Fi 4 -> Holystone HS 100G
2702,Holystone HS 100G,1,4,1,OFDM -> Wi-Fi 4 -> Holystone HS 100G
2703,Holystone HS 100G,1,4,1,OFDM -> Wi-Fi 4 -> Holystone HS 100G
2704,Holystone HS 100G,1,4,1,OFDM -> Wi-Fi 4 -> Holystone HS 100G
2705,Holystone HS 100G,1,4,1,OFDM -> Wi-Fi 4 -> Holystone HS 100G
2706,Holystone HS 100G,1,4,1,OFDM -> Wi-Fi 4 -> Holystone HS 100G
2707,Holystone HS 100G,1,4,1,OFDM -> Wi-Fi 4 -> Holystone HS 100G
2708,Holystone HS 100G,1,4,1,OFDM -> Wi-Fi 4 -> Holystone HS 100G
2709,Holystone HS 100G,1,4,1,OFDM -> Wi-Fi 4 -> Holystone HS 100G
2710,Holystone HS 100G,1,4,1,OFDM -> Wi-Fi 4 -> Holystone HS 100G
2711,Holystone HS 100G,1,4,1,OFDM -> Wi-Fi 4 -> Holystone HS 100G
2712,Holystone HS 100G,1,4,1,OFDM -> Wi-Fi 4 -> Holystone HS 100G
2713,Holystone HS 100G,1,4,1,OFDM -> Wi-Fi 4 -> Holystone HS 100G
2714,Holystone HS 100G,1,4,1,OFDM -> Wi-Fi 4 -> Holystone HS 100G
2715,Holystone HS 100G,1,4,1,OFDM -> Wi-Fi 4 -> Holystone HS 100G
2716,Holystone HS 100G,1,4,1,OFDM -> Wi-Fi 4 -> Holystone HS 100G
2717,Holystone HS 100G,1,4,1,OFDM -> Wi-Fi 4 -> Holystone HS 100G
2718,Holystone HS 100G,1,4,1,OFDM -> Wi-Fi 4 -> Holystone HS 100G
2719,Holystone HS 100G,1,4,1,OFDM -> Wi-Fi 4 -> Holystone HS 100G
2720,Holystone HS 100G,1,4,1,OFDM -> Wi-Fi 4 -> Holystone HS 100G
2721,Holystone HS 100G,1,4,1,OFDM -> Wi-Fi 4 -> Holystone HS 100G
2722,Holystone HS 100G,1,4,1,OFDM -> Wi-Fi 4 -> Holystone HS 100G
2723,Holystone HS 100G,1,4,1,OFDM -> Wi-Fi 4 -> Holystone HS 100G
2724,Holystone HS 100G,1,4,1,OFDM -> Wi-Fi 4 -> Holystone HS 100G
2725,Holystone HS 100G,1,4,1,OFDM -> Wi-Fi 4 -> Holystone HS 100G
2726,Holystone HS 100G,1,4,1,OFDM -> Wi-Fi 4 -> Holystone HS 100G
2727,Holystone HS 100G,1,4,1,OFDM -> Wi-Fi 4 -> Holystone HS 100G
2728,Holystone HS 100G,1,4,1,OFDM -> Wi-Fi 4 -> Holystone HS 100G
2729,Holystone HS 100G,1,4,1,OFDM -> Wi-Fi 4 -> Holystone HS 100G
2730,Holystone HS 100G,1,4,1,OFDM -> Wi-Fi 4 -> Holystone HS 100G
2731,Holystone HS 100G,1,4,1,OFDM -> Wi-Fi 4 -> Holystone HS 100G
2732,Holystone HS 100G,1,4,1,OFDM -> Wi-Fi 4 -> Holystone HS 100G
2733,Holystone HS 100G,1,4,1,OFDM -> Wi-Fi 4 -> Holystone HS 100G
2734,Holystone HS 100G,1,4,1,OFDM -> Wi-Fi 4 -> Holystone HS 100G
2735,Holystone HS 100G,1,4,1,OFDM -> Wi-Fi 4 -> Holystone HS 100G
2736,Holystone HS 100G,1,4,1,OFDM -> Wi-Fi 4 -> Holystone HS 100G
2737,Holystone HS 100G,1,4,1,OFDM -> Wi-Fi 4 -> Holystone HS 100G
2738,Holystone HS 100G,1,4,1,OFDM -> Wi-Fi 4 -> Holystone HS 100G
2739,Holystone HS 100G,1,4,1,OFDM -> Wi-Fi 4 -> Holystone HS 100G
2740,Holystone HS 100G,1,4,1,OFDM -> Wi-Fi 4 -> Holystone HS 100G
2741,Holystone HS 100G,1,4,1,OFDM -> Wi-Fi 4 -> Holystone HS 100G
2742,Holystone HS 100G,1,4,1,OFDM -> Wi-Fi 4 -> Holystone HS 100G
2743,Holystone HS 100G,1,4,1,OFDM -> Wi-Fi 4 -> Holystone HS 100G
2744,Holystone HS 100G,1,4,1,OFDM -> Wi-Fi 4 -> Holystone HS 100G
2745,Holystone HS 100G,1,4,1,OFDM -> Wi-Fi 4 -> Holystone HS 100G
2746,Holystone HS 100G,1,4,1,OFDM -> Wi-Fi 4 -> Holystone HS 100G
2747,Holystone HS 100G,1,4,1,OFDM -> Wi-Fi 4 -> Holystone HS 100G
2748,Holystone HS 100G,1,4,1,OFDM -> Wi-Fi 4 -> Holystone HS 100G
2749,Holystone HS 100G,1,4,1,OFDM -> Wi-Fi 4 -> Holystone HS 100G
2750,Holystone HS 100G,1,4,1,OFDM -> Wi-Fi 4 -> Holystone HS 100G
2751,Holystone HS 100G,1,4,1,OFDM -> Wi-Fi 4 -> Holystone HS 100G
2752,Holystone HS 100G,1,4,1,OFDM -> Wi-Fi 4 -> Holystone HS 100G
2753,Holystone HS 100G,1,4,1,OFDM -> Wi-Fi 4 -> Holystone HS 100G
2754,Holystone HS 100G,1,4,1,OFDM -> Wi-Fi 4 -> Holystone HS 100G
2755,Holystone HS 100G,1,4,1,OFDM -> Wi-Fi 4 -> Holystone HS 100G
2756,Holystone HS 100G,1,4,1,OFDM -> Wi-Fi 4 -> Holystone HS 100G
2757,Holystone HS 100G,1,4,1,OFDM -> Wi-Fi 4 -> Holystone HS 100G
2758,Holystone HS 100G,1,4,1,OFDM -> Wi-Fi 4 -> Holystone HS 100G
2759,Holystone HS 100G,1,4,1,OFDM -> Wi-Fi 4 -> Holystone HS 100G
2760,Holystone HS 100G,1,4,1,OFDM -> Wi-Fi 4 -> Holystone HS 100G
2761,Holystone HS 100G,1,4,1,OFDM -> Wi-Fi 4 -> Holystone HS 100G
2762,Holystone HS 100G,1,4,1,OFDM -> Wi-Fi 4 -> Holystone HS 100G
2763,Holystone HS 100G,1,4,1,OFDM -> Wi-Fi 4 -> Holystone HS 100G
2764,Holystone HS 100G,1,4,1,OFDM -> Wi-Fi 4 -> Holystone HS 100G
2765,Holystone HS 100G,1,4,1,OFDM -> Wi-Fi 4 -> Holystone HS 100G
2766,Holystone HS 100G,1,4,1,OFDM -> Wi-Fi 4 -> Holystone HS 100G
2767,Holystone HS 100G,1,4,1,OFDM -> Wi-Fi 4 -> Holystone HS 100G
2768,Holystone HS 100G,1,4,1,OFDM -> Wi-Fi 4 -> Holystone HS 100G
2769,Holystone HS 100G,1,4,1,OFDM -> Wi-Fi 4 -> Holystone HS 100G
2770,Holystone HS 100G,1,4,1,OFDM -> Wi-Fi 4 -> Holystone HS 100G
2771,Holystone HS 100G,1,4,1,OFDM -> Wi-Fi 4 -> Holystone HS 100G
2772,Holystone HS 100G,1,4,1,OFDM -> Wi-Fi 4 -> Holystone HS 100G
2773,Holystone HS 100G,1,4,1,OFDM -> Wi-Fi 4 -> Holystone HS 100G
2774,Holystone HS 100G,1,4,1,OFDM -> Wi-Fi 4 -> Holystone HS 100G
2775,Holystone HS 100G,1,4,1,OFDM -> Wi-Fi 4 -> Holystone HS 100G
2776,Holystone HS 100G,1,4,1,OFDM -> Wi-Fi 4 -> Holystone HS 100G
2777,Holystone HS 100G,1,4,1,OFDM -> Wi-Fi 4 -> Holystone HS 100G
2778,Holystone HS 100G,1,4,1,OFDM -> Wi-Fi 4 -> Holystone HS 100G
2779,Holystone HS 100G,1,4,1,OFDM -> Wi-Fi 4 -> Holystone HS 100G
2780,Holystone HS 100G,1,4,1,OFDM -> Wi-Fi 4 -> Holystone HS 100G
2781,Holystone HS 100G,1,4,1,OFDM -> Wi-Fi 4 -> Holystone HS 100G
2782,Holystone HS 100G,1,4,1,OFDM -> Wi-Fi 4 -> Holystone HS 100G
2783,Holystone HS 100G,1,4,1,OFDM -> Wi-Fi 4 -> Holystone HS 100G
2784,Holystone HS 100G,1,4,1,OFDM -> Wi-Fi 4 -> Holystone HS 100G
2785,Holystone HS 100G,1,4,1,OFDM -> Wi-Fi 4 -> Holystone HS 100G
2786,Holystone HS 100G,1,4,1,OFDM -> Wi-Fi 4 -> Holystone HS 100G
2787,Holystone HS 100G,1,4,1,OFDM -> Wi-Fi 4 -> Holystone HS 100G
2788,Holystone HS 100G,1,4,1,OFDM -> Wi-Fi 4 -> Holystone HS 100G
2789,Holystone HS 100G,1,4,1,OFDM -> Wi-Fi 4 -> Holystone HS 100G
2790,Holystone HS 100G,1,4,1,OFDM -> Wi-Fi 4 -> Holystone HS 100G
2791,Holystone HS 100G,1,4,1,OFDM -> Wi-Fi 4 -> Holystone HS 100G
2792,Holystone HS 100G,1,4,1,OFDM -> Wi-Fi 4 -> Holystone HS 100G
2793,Holystone HS 100G,1,4,1,OFDM -> Wi-Fi 4 -> Holystone HS 100G
2794,Holystone HS 100G,1,4,1,OFDM -> Wi-Fi 4 -> Holystone HS 100G
2795,Holystone HS 100G,1,4,1,OFDM -> Wi-Fi 4 -> Holystone HS 100G
2796,Holystone HS 100G,1,4,1,OFDM -> Wi-Fi 4 -> Holystone HS 100G
2797,Holystone HS 100G,1,4,1,OFDM -> Wi-Fi 4 -> Holystone HS 100G
2798,Holystone HS 100G,1,4,1,OFDM -> Wi-Fi 4 -> Holystone HS 100G
2799,Holystone HS 100G,1,4,1,OFDM -> Wi-Fi 4 -> Holystone HS 100G
2800,Holystone HS 100G,1,4,1,OFDM -> Wi-Fi 4 -> Holystone HS 100G
2801,Holystone HS 100G,1,4,1,OFDM -> Wi-Fi 4 -> Holystone HS 100G
2802,Holystone HS 100G,1,4,1,OFDM -> Wi-Fi 4 -> Holystone HS 100G
2803,Holystone HS 100G,1,4,1,OFDM -> Wi-Fi 4 -> Holystone HS 100G
2804,Holystone HS 100G,1,4,1,OFDM -> Wi-Fi 4 -> Holystone HS 100G
2805,Holystone HS 100G,1,4,1,OFDM -> Wi-Fi 4 -> Holystone HS 100G
2806,Holystone HS 100G,1,4,1,OFDM -> Wi-Fi 4 -> Holystone HS 100G
2807,Holystone HS 100G,1,4,1,OFDM -> Wi-Fi 4 -> Holystone HS 100G
2808,Holystone HS 100G,1,4,1,OFDM -> Wi-Fi 4 -> Holystone HS 100G
2809,Holystone HS 100G,1,4,1,OFDM -> Wi-Fi 4 -> Holystone HS 100G
2810,Holystone HS 100G,1,4,1,OFDM -> Wi-Fi 4 -> Holystone HS 100G
2811,Holystone HS 100G,1,4,1,OFDM -> Wi-Fi 4 -> Holystone HS 100G
2812,Holystone HS 100G,1,4,1,OFDM -> Wi-Fi 4 -> Holystone HS 100G
2813,Holystone HS 100G,1,4,1,OFDM -> Wi-Fi 4 -> Holystone HS 100G
2814,Holystone HS 100G,1,4,1,OFDM -> Wi-Fi 4 -> Holystone HS 100G
2815,Holystone HS 720E,1,4,0,OFDM -> Wi-Fi 4 -> Holystone HS 720E
2816,Holystone HS 720E,1,4,0,OFDM -> Wi-Fi 4 -> Holystone HS 720E
2817,Holystone HS 720E,1,4,0,OFDM -> Wi-Fi 4 -> Holystone HS 720E
2818,Holystone HS 720E,1,4,0,OFDM -> Wi-Fi 4 -> Holystone HS 720E
2819,Holystone HS 720E,1,4,0,OFDM -> Wi-Fi 4 -> Holystone HS 720E
2820,Holystone HS 720E,1,4,0,OFDM -> Wi-Fi 4 -> Holystone HS 720E
2821,Holystone HS 720E,1,4,0,OFDM -> Wi-Fi 4 -> Holystone HS 720E
2822,Holystone HS 720E,1,4,0,OFDM -> Wi-Fi 4 -> Holystone HS 720E
2823,Holystone HS 720E,1,4,0,OFDM -> Wi-Fi 4 -> Holystone HS 720E
2824,Holystone HS 720E,1,4,0,OFDM -> Wi-Fi 4 -> Holystone HS 720E
2825,Holystone HS 720E,1,4,0,OFDM -> Wi-Fi 4 -> Holystone HS 720E
2826,Holystone HS 720E,1,4,0,OFDM -> Wi-Fi 4 -> Holystone HS 720E
2827,Holystone HS 720E,1,4,0,OFDM -> Wi-Fi 4 -> Holystone HS 720E
2828,Holystone HS 720E,1,4,0,OFDM -> Wi-Fi 4 -> Holystone HS 720E
2829,Holystone HS 720E,1,4,0,OFDM -> Wi-Fi 4 -> Holystone HS 720E
2830,Holystone HS 720E,1,4,0,OFDM -> Wi-Fi 4 -> Holystone HS 720E
2831,Holystone HS 720E,1,4,0,OFDM -> Wi-Fi 4 -> Holystone HS 720E
2832,Holystone HS 720E,1,4,0,OFDM -> Wi-Fi 4 -> Holystone HS 720E
2833,Holystone HS 720E,1,4,0,OFDM -> Wi-Fi 4 -> Holystone HS 720E
2834,Holystone HS 720E,1,4,0,OFDM -> Wi-Fi 4 -> Holystone HS 720E
2835,Holystone HS 720E,1,4,0,OFDM -> Wi-Fi 4 -> Holystone HS 720E
2836,Holystone HS 720E,1,4,0,OFDM -> Wi-Fi 4 -> Holystone HS 720E
2837,Holystone HS 720E,1,4,0,OFDM -> Wi-Fi 4 -> Holystone HS 720E
2838,Holystone HS 720E,1,4,0,OFDM -> Wi-Fi 4 -> Holystone HS 720E
2839,Holystone HS 720E,1,4,0,OFDM -> Wi-Fi 4 -> Holystone HS 720E
2840,Holystone HS 720E,1,4,0,OFDM -> Wi-Fi 4 -> Holystone HS 720E
2841,Holystone HS 720E,1,4,0,OFDM -> Wi-Fi 4 -> Holystone HS 720E
2842,Holystone HS 720E,1,4,0,OFDM -> Wi-Fi 4 -> Holystone HS 720E
2843,Holystone HS 720E,1,4,0,OFDM -> Wi-Fi 4 -> Holystone HS 720E
2844,Holystone HS 720E,1,4,0,OFDM -> Wi-Fi 4 -> Holystone HS 720E
2845,Holystone HS 720E,1,4,0,OFDM -> Wi-Fi 4 -> Holystone HS 720E
2846,Holystone HS 720E,1,4,0,OFDM -> Wi-Fi 4 -> Holystone HS 720E
2847,Holystone HS 720E,1,4,0,OFDM -> Wi-Fi 4 -> Holystone HS 720E
2848,Holystone HS 720E,1,4,0,OFDM -> Wi-Fi 4 -> Holystone HS 720E
2849,Holystone HS 720E,1,4,0,OFDM -> Wi-Fi 4 -> Holystone HS 720E
2850,Holystone HS 720E,1,4,0,OFDM -> Wi-Fi 4 -> Holystone HS 720E
2851,Holystone HS 720E,1,4,0,OFDM -> Wi-Fi 4 -> Holystone HS 720E
2852,Holystone HS 720E,1,4,0,OFDM -> Wi-Fi 4 -> Holystone HS 720E
2853,Holystone HS 720E,1,4,0,OFDM -> Wi-Fi 4 -> Holystone HS 720E
2854,Holystone HS 720E,1,4,0,OFDM -> Wi-Fi 4 -> Holystone HS 720E
2855,Holystone HS 720E,1,4,0,OFDM -> Wi-Fi 4 -> Holystone HS 720E
2856,Holystone HS 720E,1,4,0,OFDM -> Wi-Fi 4 -> Holystone HS 720E
2857,Holystone HS 720E,1,4,0,OFDM -> Wi-Fi 4 -> Holystone HS 720E
2858,Holystone HS 720E,1,4,0,OFDM -> Wi-Fi 4 -> Holystone HS 720E
2859,Holystone HS 720E,1,4,0,OFDM -> Wi-Fi 4 -> Holystone HS 720E
2860,Holystone HS 720E,1,4,0,OFDM -> Wi-Fi 4 -> Holystone HS 720E
2861,Holystone HS 720E,1,4,0,OFDM -> Wi-Fi 4 -> Holystone HS 720E
2862,Holystone HS 720E,1,4,0,OFDM -> Wi-Fi 4 -> Holystone HS 720E
2863,Holystone HS 720E,1,4,0,OFDM -> Wi-Fi 4 -> Holystone HS 720E
2864,Holystone HS 720E,1,4,0,OFDM -> Wi-Fi 4 -> Holystone HS 720E
2865,Holystone HS 720E,1,4,0,OFDM -> Wi-Fi 4 -> Holystone HS 720E
2866,Holystone HS 720E,1,4,0,OFDM -> Wi-Fi 4 -> Holystone HS 720E
2867,Holystone HS 720E,1,4,0,OFDM -> Wi-Fi 4 -> Holystone HS 720E
2868,Holystone HS 720E,1,4,0,OFDM -> Wi-Fi 4 -> Holystone HS 720E
2869,Holystone HS 720E,1,4,0,OFDM -> Wi-Fi 4 -> Holystone HS 720E
2870,Holystone HS 720E,1,4,0,OFDM -> Wi-Fi 4 -> Holystone HS 720E
2871,Holystone HS 720E,1,4,0,OFDM -> Wi-Fi 4 -> Holystone HS 720E
2872,Holystone HS 720E,1,4,0,OFDM -> Wi-Fi 4 -> Holystone HS 720E
2873,Holystone HS 720E,1,4,0,OFDM -> Wi-Fi 4 -> Holystone HS 720E
2874,Holystone HS 720E,1,4,0,OFDM -> Wi-Fi 4 -> Holystone HS 720E
2875,Holystone HS 720E,1,4,0,OFDM -> Wi-Fi 4 -> Holystone HS 720E
2876,Holystone HS 720E,1,4,0,OFDM -> Wi-Fi 4 -> Holystone HS 720E
2877,Holystone HS 720E,1,4,0,OFDM -> Wi-Fi 4 -> Holystone HS 720E
2878,Holystone HS 720E,1,4,0,OFDM -> Wi-Fi 4 -> Holystone HS 720E
2879,Holystone HS 720E,1,4,0,OFDM -> Wi-Fi 4 -> Holystone HS 720E
2880,Holystone HS 720E,1,4,0,OFDM -> Wi-Fi 4 -> Holystone HS 720E
2881,Holystone HS 720E,1,4,0,OFDM -> Wi-Fi 4 -> Holystone HS 720E
2882,Holystone HS 720E,1,4,0,OFDM -> Wi-Fi 4 -> Holystone HS 720E
2883,Holystone HS 720E,1,4,0,OFDM -> Wi-Fi 4 -> Holystone HS 720E
2884,Holystone HS 720E,1,4,0,OFDM -> Wi-Fi 4 -> Holystone HS 720E
2885,Holystone HS 720E,1,4,0,OFDM -> Wi-Fi 4 -> Holystone HS 720E
2886,Holystone HS 720E,1,4,0,OFDM -> Wi-Fi 4 -> Holystone HS 720E
2887,Holystone HS 720E,1,4,0,OFDM -> Wi-Fi 4 -> Holystone HS 720E
2888,Holystone HS 720E,1,4,0,OFDM -> Wi-Fi 4 -> Holystone HS 720E
2889,Holystone HS 720E,1,4,0,OFDM -> Wi-Fi 4 -> Holystone HS 720E
2890,Holystone HS 720E,1,4,0,OFDM -> Wi-Fi 4 -> Holystone HS 720E
2891,Holystone HS 720E,1,4,0,OFDM -> Wi-Fi 4 -> Holystone HS 720E
2892,Holystone HS 720E,1,4,0,OFDM -> Wi-Fi 4 -> Holystone HS 720E
2893,Holystone HS 720E,1,4,0,OFDM -> Wi-Fi 4 -> Holystone HS 720E
2894,Holystone HS 720E,1,4,0,OFDM -> Wi-Fi 4 -> Holystone HS 720E
2895,Holystone HS 720E,1,4,0,OFDM -> Wi-Fi 4 -> Holystone HS 720E
2896,Holystone HS 720E,1,4,0,OFDM -> Wi-Fi 4 -> Holystone HS 720E
2897,Holystone HS 720E,1,4,0,OFDM -> Wi-Fi 4 -> Holystone HS 720E
2898,Holystone HS 720E,1,4,0,OFDM -> Wi-Fi 4 -> Holystone HS 720E
2899,Holystone HS 720E,1,4,0,OFDM -> Wi-Fi 4 -> Holystone HS 720E
2900,Holystone HS 720E,1,4,0,OFDM -> Wi-Fi 4 -> Holystone HS 720E
2901,Holystone HS 720E,1,4,0,OFDM -> Wi-Fi 4 -> Holystone HS 720E
2902,Holystone HS 720E,1,4,0,OFDM -> Wi-Fi 4 -> Holystone HS 720E
2903,Holystone HS 720E,1,4,0,OFDM -> Wi-Fi 4 -> Holystone HS 720E
2904,Holystone HS 720E,1,4,0,OFDM -> Wi-Fi 4 -> Holystone HS 720E
2905,Holystone HS 720E,1,4,0,OFDM -> Wi-Fi 4 -> Holystone HS 720E
2906,Holystone HS 720E,1,4,0,OFDM -> Wi-Fi 4 -> Holystone HS 720E
2907,Holystone HS 720E,1,4,0,OFDM -> Wi-Fi 4 -> Holystone HS 720E
2908,Holystone HS 720E,1,4,0,OFDM -> Wi-Fi 4 -> Holystone HS 720E
2909,Holystone HS 720E,1,4,0,OFDM -> Wi-Fi 4 -> Holystone HS 720E
2910,Holystone HS 720E,1,4,0,OFDM -> Wi-Fi 4 -> Holystone HS 720E
2911,Holystone HS 720E,1,4,0,OFDM -> Wi-Fi 4 -> Holystone HS 720E
2912,Holystone HS 720E,1,4,0,OFDM -> Wi-Fi 4 -> Holystone HS 720E
2913,Holystone HS 720E,1,4,0,OFDM -> Wi-Fi 4 -> Holystone HS 720E
2914,Holystone HS 720E,1,4,0,OFDM -> Wi-Fi 4 -> Holystone HS 720E
2915,Holystone HS 720E,1,4,0,OFDM -> Wi-Fi 4 -> Holystone HS 720E
2916,Holystone HS 720E,1,4,0,OFDM -> Wi-Fi 4 -> Holystone HS 720E
2917,Holystone HS 720E,1,4,0,OFDM -> Wi-Fi 4 -> Holystone HS 720E
2918,Holystone HS 720E,1,4,0,OFDM -> Wi-Fi 4 -> Holystone HS 720E
2919,Holystone HS 720E,1,4,0,OFDM -> Wi-Fi 4 -> Holystone HS 720E
2920,Holystone HS 720E,1,4,0,OFDM -> Wi-Fi 4 -> Holystone HS 720E
2921,Holystone HS 720E,1,4,0,OFDM -> Wi-Fi 4 -> Holystone HS 720E
2922,Holystone HS 720E,1,4,0,OFDM -> Wi-Fi 4 -> Holystone HS 720E
2923,Holystone HS 720E,1,4,0,OFDM -> Wi-Fi 4 -> Holystone HS 720E
2924,Holystone HS 720E,1,4,0,OFDM -> Wi-Fi 4 -> Holystone HS 720E
2925,Holystone HS 720E,1,4,0,OFDM -> Wi-Fi 4 -> Holystone HS 720E
2926,Holystone HS 720E,1,4,0,OFDM -> Wi-Fi 4 -> Holystone HS 720E
2927,Holystone HS 720E,1,4,0,OFDM -> Wi-Fi 4 -> Holystone HS 720E
2928,Holystone HS 720E,1,4,0,OFDM -> Wi-Fi 4 -> Holystone HS 720E
2929,Holystone HS 720E,1,4,0,OFDM -> Wi-Fi 4 -> Holystone HS 720E
2930,Holystone HS 720E,1,4,0,OFDM -> Wi-Fi 4 -> Holystone HS 720E
2931,Holystone HS 720E,1,4,0,OFDM -> Wi-Fi 4 -> Holystone HS 720E
2932,Holystone HS 720E,1,4,0,OFDM -> Wi-Fi 4 -> Holystone HS 720E
2933,Holystone HS 720E,1,4,0,OFDM -> Wi-Fi 4 -> Holystone HS 720E
2934,Holystone HS 720E,1,4,0,OFDM -> Wi-Fi 4 -> Holystone HS 720E
2935,Holystone HS 720E,1,4,0,OFDM -> Wi-Fi 4 -> Holystone HS 720E
2936,Holystone HS 720E,1,4,0,OFDM -> Wi-Fi 4 -> Holystone HS 720E
2937,Holystone HS 720E,1,4,0,OFDM -> Wi-Fi 4 -> Holystone HS 720E
2938,Holystone HS 720E,1,4,0,OFDM -> Wi-Fi 4 -> Holystone HS 720E
2939,Holystone HS 720E,1,4,0,OFDM -> Wi-Fi 4 -> Holystone HS 720E
2940,Holystone HS 720E,1,4,0,OFDM -> Wi-Fi 4 -> Holystone HS 720E
2941,Holystone HS 720E,1,4,0,OFDM -> Wi-Fi 4 -> Holystone HS 720E
2942,Holystone HS 720E,1,4,0,OFDM -> Wi-Fi 4 -> Holystone HS 720E
2943,Holystone HS 720E,1,4,0,OFDM -> Wi-Fi 4 -> Holystone HS 720E
2944,Holystone HS 720E,1,4,0,OFDM -> Wi-Fi 4 -> Holystone HS 720E
2945,Holystone HS 720E,1,4,0,OFDM -> Wi-Fi 4 -> Holystone HS 720E
2946,Holystone HS 720E,1,4,0,OFDM -> Wi-Fi 4 -> Holystone HS 720E
2947,Holystone HS 720E,1,4,0,OFDM -> Wi-Fi 4 -> Holystone HS 720E
2948,Holystone HS 720E,1,4,0,OFDM -> Wi-Fi 4 -> Holystone HS 720E
2949,Holystone HS 720E,1,4,0,OFDM -> Wi-Fi 4 -> Holystone HS 720E
2950,Holystone HS 720E,1,4,0,OFDM -> Wi-Fi 4 -> Holystone HS 720E
2951,Holystone HS 720E,1,4,0,OFDM -> Wi-Fi 4 -> Holystone HS 720E
2952,Holystone HS 720E,1,4,0,OFDM -> Wi-Fi 4 -> Holystone HS 720E
2953,Holystone HS 720E,1,4,0,OFDM -> Wi-Fi 4 -> Holystone HS 720E
2954,Holystone HS 720E,1,4,0,OFDM -> Wi-Fi 4 -> Holystone HS 720E
2955,Holystone HS 720E,1,4,0,OFDM -> Wi-Fi 4 -> Holystone HS 720E
2956,Holystone HS 720E,1,4,0,OFDM -> Wi-Fi 4 -> Holystone HS 720E
2957,Holystone HS 720E,1,4,0,OFDM -> Wi-Fi 4 -> Holystone HS 720E
2958,Holystone HS 720E,1,4,0,OFDM -> Wi-Fi 4 -> Holystone HS 720E
2959,Holystone HS 720E,1,4,0,OFDM -> Wi-Fi 4 -> Holystone HS 720E
2960,Holystone HS 720E,1,4,0,OFDM -> Wi-Fi 4 -> Holystone HS 720E
2961,Holystone HS 720E,1,4,0,OFDM -> Wi-Fi 4 -> Holystone HS 720E
2962,Holystone HS 720E,1,4,0,OFDM -> Wi-Fi 4 -> Holystone HS 720E
2963,Holystone HS 720E,1,4,0,OFDM -> Wi-Fi 4 -> Holystone HS 720E
2964,Holystone HS 720E,1,4,0,OFDM -> Wi-Fi 4 -> Holystone HS 720E
2965,Holystone HS 720E,1,4,0,OFDM -> Wi-Fi 4 -> Holystone HS 720E
2966,Holystone HS 720E,1,4,0,OFDM -> Wi-Fi 4 -> Holystone HS 720E
2967,Holystone HS 720E,1,4,0,OFDM -> Wi-Fi 4 -> Holystone HS 720E
2968,Holystone HS 720E,1,4,0,OFDM -> Wi-Fi 4 -> Holystone HS 720E
2969,Holystone HS 720E,1,4,0,OFDM -> Wi-Fi 4 -> Holystone HS 720E
2970,Holystone HS 720E,1,4,0,OFDM -> Wi-Fi 4 -> Holystone HS 720E
2971,Holystone HS 720E,1,4,0,OFDM -> Wi-Fi 4 -> Holystone HS 720E
2972,Holystone HS 720E,1,4,0,OFDM -> Wi-Fi 4 -> Holystone HS 720E
2973,Holystone HS 720E,1,4,0,OFDM -> Wi-Fi 4 -> Holystone HS 720E
2974,Holystone HS 720E,1,4,0,OFDM -> Wi-Fi 4 -> Holystone HS 720E
2975,Holystone HS 720E,1,4,0,OFDM -> Wi-Fi 4 -> Holystone HS 720E
2976,Holystone HS 720E,1,4,0,OFDM -> Wi-Fi 4 -> Holystone HS 720E
2977,Holystone HS 720E,1,4,0,OFDM -> Wi-Fi 4 -> Holystone HS 720E
2978,Holystone HS 720E,1,4,0,OFDM -> Wi-Fi 4 -> Holystone HS 720E
2979,Holystone HS 720E,1,4,0,OFDM -> Wi-Fi 4 -> Holystone HS 720E
2980,Holystone HS 720E,1,4,0,OFDM -> Wi-Fi 4 -> Holystone HS 720E
2981,Holystone HS 720E,1,4,0,OFDM -> Wi-Fi 4 -> Holystone HS 720E
2982,Holystone HS 720E,1,4,0,OFDM -> Wi-Fi 4 -> Holystone HS 720E
2983,Holystone HS 720E,1,4,0,OFDM -> Wi-Fi 4 -> Holystone HS 720E
2984,Holystone HS 720E,1,4,0,OFDM -> Wi-Fi 4 -> Holystone HS 720E
2985,Holystone HS 720E,1,4,0,OFDM -> Wi-Fi 4 -> Holystone HS 720E
2986,Holystone HS 720E,1,4,0,OFDM -> Wi-Fi 4 -> Holystone HS 720E
2987,Holystone HS 720E,1,4,0,OFDM -> Wi-Fi 4 -> Holystone HS 720E
2988,Holystone HS 720E,1,4,0,OFDM -> Wi-Fi 4 -> Holystone HS 720E
2989,Holystone HS 720E,1,4,0,OFDM -> Wi-Fi 4 -> Holystone HS 720E
2990,Holystone HS 720E,1,4,0,OFDM -> Wi-Fi 4 -> Holystone HS 720E
2991,Holystone HS 720E,1,4,0,OFDM -> Wi-Fi 4 -> Holystone HS 720E
2992,Holystone HS 720E,1,4,0,OFDM -> Wi-Fi 4 -> Holystone HS 720E
2993,Holystone HS 720E,1,4,0,OFDM -> Wi-Fi 4 -> Holystone HS 720E
2994,Holystone HS 720E,1,4,0,OFDM -> Wi-Fi 4 -> Holystone HS 720E
2995,Holystone HS 720E,1,4,0,OFDM -> Wi-Fi 4 -> Holystone HS 720E
2996,Holystone HS 720E,1,4,0,OFDM -> Wi-Fi 4 -> Holystone HS 720E
2997,Holystone HS 720E,1,4,0,OFDM -> Wi-Fi 4 -> Holystone HS 720E
2998,Holystone HS 720E,1,4,0,OFDM -> Wi-Fi 4 -> Holystone HS 720E
2999,Holystone HS 720E,1,4,0,OFDM -> Wi-Fi 4 -> Holystone HS 720E
3000,Holystone HS 720E,1,4,0,OFDM -> Wi-Fi 4 -> Holystone HS 720E
3001,Holystone HS 720E,1,4,0,OFDM -> Wi-Fi 4 -> Holystone HS 720E
3002,Holystone HS 720E,1,4,0,OFDM -> Wi-Fi 4 -> Holystone HS 720E
3003,Holystone HS 720E,1,4,0,OFDM -> Wi-Fi 4 -> Holystone HS 720E
3004,Holystone HS 720E,1,4,0,OFDM -> Wi-Fi 4 -> Holystone HS 720E
3005,Holystone HS 720E,1,4,0,OFDM -> Wi-Fi 4 -> Holystone HS 720E
3006,Holystone HS 720E,1,4,0,OFDM -> Wi-Fi 4 -> Holystone HS 720E
3007,Holystone HS 720E,1,4,0,OFDM -> Wi-Fi 4 -> Holystone HS 720E
3008,Holystone HS 720E,1,4,0,OFDM -> Wi-Fi 4 -> Holystone HS 720E
3009,Holystone HS 720E,1,4,0,OFDM -> Wi-Fi 4 -> Holystone HS 720E
3010,Holystone HS 720E,1,4,0,OFDM -> Wi-Fi 4 -> Holystone HS 720E
3011,Hbson X4 Air,2,4,7,Wi-Fi -> Wi-Fi 4 -> Hbson X4 Air
3012,Hbson X4 Air,2,4,7,Wi-Fi -> Wi-Fi 4 -> Hbson X4 Air
3013,Hbson X4 Air,2,4,7,Wi-Fi -> Wi-Fi 4 -> Hbson X4 Air
3014,Hbson X4 Air,2,4,7,Wi-Fi -> Wi-Fi 4 -> Hbson X4 Air
3015,Hbson X4 Air,2,4,7,Wi-Fi -> Wi-Fi 4 -> Hbson X4 Air
3016,Hbson X4 Air,2,4,7,Wi-Fi -> Wi-Fi 4 -> Hbson X4 Air
3017,Hbson X4 Air,2,4,7,Wi-Fi -> Wi-Fi 4 -> Hbson X4 Air
3018,Hbson X4 Air,2,4,7,Wi-Fi -> Wi-Fi 4 -> Hbson X4 Air
3019,Hbson X4 Air,2,4,7,Wi-Fi -> Wi-Fi 4 -> Hbson X4 Air
3020,Hbson X4 Air,2,4,7,Wi-Fi -> Wi-Fi 4 -> Hbson X4 Air
3021,Hbson X4 Air,2,4,7,Wi-Fi -> Wi-Fi 4 -> Hbson X4 Air
3022,Hbson X4 Air,2,4,7,Wi-Fi -> Wi-Fi 4 -> Hbson X4 Air
3023,Hbson X4 Air,2,4,7,Wi-Fi -> Wi-Fi 4 -> Hbson X4 Air
3024,Hbson X4 Air,2,4,7,Wi-Fi -> Wi-Fi 4 -> Hbson X4 Air
3025,Hbson X4 Air,2,4,7,Wi-Fi -> Wi-Fi 4 -> Hbson X4 Air
3026,Hbson X4 Air,2,4,7,Wi-Fi -> Wi-Fi 4 -> Hbson X4 Air
3027,Hbson X4 Air,2,4,7,Wi-Fi -> Wi-Fi 4 -> Hbson X4 Air
3028,Hbson X4 Air,2,4,7,Wi-Fi -> Wi-Fi 4 -> Hbson X4 Air
3029,Hbson X4 Air,2,4,7,Wi-Fi -> Wi-Fi 4 -> Hbson X4 Air
3030,Hbson X4 Air,2,4,7,Wi-Fi -> Wi-Fi 4 -> Hbson X4 Air
3031,Hbson X4 Air,2,4,7,Wi-Fi -> Wi-Fi 4 -> Hbson X4 Air
3032,Hbson X4 Air,2,4,7,Wi-Fi -> Wi-Fi 4 -> Hbson X4 Air
3033,Hbson X4 Air,2,4,7,Wi-Fi -> Wi-Fi 4 -> Hbson X4 Air
3034,Hbson X4 Air,2,4,7,Wi-Fi -> Wi-Fi 4 -> Hbson X4 Air
3035,Hbson X4 Air,2,4,7,Wi-Fi -> Wi-Fi 4 -> Hbson X4 Air
3036,Hbson X4 Air,2,4,7,Wi-Fi -> Wi-Fi 4 -> Hbson X4 Air
3037,Hbson X4 Air,2,4,7,Wi-Fi -> Wi-Fi 4 -> Hbson X4 Air
3038,Hbson X4 Air,2,4,7,Wi-Fi -> Wi-Fi 4 -> Hbson X4 Air
3039,Hbson X4 Air,2,4,7,Wi-Fi -> Wi-Fi 4 -> Hbson X4 Air
3040,Hbson X4 Air,2,4,7,Wi-Fi -> Wi-Fi 4 -> Hbson X4 Air
3041,Hbson X4 Air,2,4,7,Wi-Fi -> Wi-Fi 4 -> Hbson X4 Air
3042,Hbson X4 Air,2,4,7,Wi-Fi -> Wi-Fi 4 -> Hbson X4 Air
3043,Hbson X4 Air,2,4,7,Wi-Fi -> Wi-Fi 4 -> Hbson X4 Air
3044,Hbson X4 Air,2,4,7,Wi-Fi -> Wi-Fi 4 -> Hbson X4 Air
3045,Hbson X4 Air,2,4,7,Wi-Fi -> Wi-Fi 4 -> Hbson X4 Air
3046,Hbson X4 Air,2,4,7,Wi-Fi -> Wi-Fi 4 -> Hbson X4 Air
3047,Hbson X4 Air,2,4,7,Wi-Fi -> Wi-Fi 4 -> Hbson X4 Air
3048,Hbson X4 Air,2,4,7,Wi-Fi -> Wi-Fi 4 -> Hbson X4 Air
3049,Hbson X4 Air,2,4,7,Wi-Fi -> Wi-Fi 4 -> Hbson X4 Air
3050,Hbson X4 Air,2,4,7,Wi-Fi -> Wi-Fi 4 -> Hbson X4 Air
3051,Hbson X4 Air,2,4,7,Wi-Fi -> Wi-Fi 4 -> Hbson X4 Air
3052,Hbson X4 Air,2,4,7,Wi-Fi -> Wi-Fi 4 -> Hbson X4 Air
3053,Hbson X4 Air,2,4,7,Wi-Fi -> Wi-Fi 4 -> Hbson X4 Air
3054,Hbson X4 Air,2,4,7,Wi-Fi -> Wi-Fi 4 -> Hbson X4 Air
3055,Hbson X4 Air,2,4,7,Wi-Fi -> Wi-Fi 4 -> Hbson X4 Air
3056,Hbson X4 Air,2,4,7,Wi-Fi -> Wi-Fi 4 -> Hbson X4 Air
3057,Hbson X4 Air,2,4,7,Wi-Fi -> Wi-Fi 4 -> Hbson X4 Air
3058,Hbson X4 Air,2,4,7,Wi-Fi -> Wi-Fi 4 -> Hbson X4 Air
3059,Hbson X4 Air,2,4,7,Wi-Fi -> Wi-Fi 4 -> Hbson X4 Air
3060,Hbson X4 Air,2,4,7,Wi-Fi -> Wi-Fi 4 -> Hbson X4 Air
3061,Hbson X4 Air,2,4,7,Wi-Fi -> Wi-Fi 4 -> Hbson X4 Air
3062,Hbson X4 Air,2,4,7,Wi-Fi -> Wi-Fi 4 -> Hbson X4 Air
3063,Hbson X4 Air,2,4,7,Wi-Fi -> Wi-Fi 4 -> Hbson X4 Air
3064,Hbson X4 Air,2,4,7,Wi-Fi -> Wi-Fi 4 -> Hbson X4 Air
3065,Hbson X4 Air,2,4,7,Wi-Fi -> Wi-Fi 4 -> Hbson X4 Air
3066,Hbson X4 Air,2,4,7,Wi-Fi -> Wi-Fi 4 -> Hbson X4 Air
3067,Hbson X4 Air,2,4,7,Wi-Fi -> Wi-Fi 4 -> Hbson X4 Air
3068,Hbson X4 Air,2,4,7,Wi-Fi -> Wi-Fi 4 -> Hbson X4 Air
3069,Hbson X4 Air,2,4,7,Wi-Fi -> Wi-Fi 4 -> Hbson X4 Air
3070,Hbson X4 Air,2,4,7,Wi-Fi -> Wi-Fi 4 -> Hbson X4 Air
3071,Hbson X4 Air,2,4,7,Wi-Fi -> Wi-Fi 4 -> Hbson X4 Air
3072,Hbson X4 Air,2,4,7,Wi-Fi -> Wi-Fi 4 -> Hbson X4 Air
3073,Hbson X4 Air,2,4,7,Wi-Fi -> Wi-Fi 4 -> Hbson X4 Air
3074,Hbson X4 Air,2,4,7,Wi-Fi -> Wi-Fi 4 -> Hbson X4 Air
3075,Hbson X4 Air,2,4,7,Wi-Fi -> Wi-Fi 4 -> Hbson X4 Air
3076,Hbson X4 Air,2,4,7,Wi-Fi -> Wi-Fi 4 -> Hbson X4 Air
3077,Hbson X4 Air,2,4,7,Wi-Fi -> Wi-Fi 4 -> Hbson X4 Air
3078,Hbson X4 Air,2,4,7,Wi-Fi -> Wi-Fi 4 -> Hbson X4 Air
3079,Hbson X4 Air,2,4,7,Wi-Fi -> Wi-Fi 4 -> Hbson X4 Air
3080,Hbson X4 Air,2,4,7,Wi-Fi -> Wi-Fi 4 -> Hbson X4 Air
3081,Hbson X4 Air,2,4,7,Wi-Fi -> Wi-Fi 4 -> Hbson X4 Air
3082,Hbson X4 Air,2,4,7,Wi-Fi -> Wi-Fi 4 -> Hbson X4 Air
3083,Hbson X4 Air,2,4,7,Wi-Fi -> Wi-Fi 4 -> Hbson X4 Air
3084,Hbson X4 Air,2,4,7,Wi-Fi -> Wi-Fi 4 -> Hbson X4 Air
3085,Hbson X4 Air,2,4,7,Wi-Fi -> Wi-Fi 4 -> Hbson X4 Air
3086,Hbson X4 Air,2,4,7,Wi-Fi -> Wi-Fi 4 -> Hbson X4 Air
3087,Hbson X4 Air,2,4,7,Wi-Fi -> Wi-Fi 4 -> Hbson X4 Air
3088,Hbson X4 Air,2,4,7,Wi-Fi -> Wi-Fi 4 -> Hbson X4 Air
3089,Hbson X4 Air,2,4,7,Wi-Fi -> Wi-Fi 4 -> Hbson X4 Air
3090,Hbson X4 Air,2,4,7,Wi-Fi -> Wi-Fi 4 -> Hbson X4 Air
3091,Hbson X4 Air,2,4,7,Wi-Fi -> Wi-Fi 4 -> Hbson X4 Air
3092,Hbson X4 Air,2,4,7,Wi-Fi -> Wi-Fi 4 -> Hbson X4 Air
3093,Hbson X4 Air,2,4,7,Wi-Fi -> Wi-Fi 4 -> Hbson X4 Air
3094,Hbson X4 Air,2,4,7,Wi-Fi -> Wi-Fi 4 -> Hbson X4 Air
3095,Hbson X4 Air,2,4,7,Wi-Fi -> Wi-Fi 4 -> Hbson X4 Air
3096,Hbson X4 Air,2,4,7,Wi-Fi -> Wi-Fi 4 -> Hbson X4 Air
3097,Hbson X4 Air,2,4,7,Wi-Fi -> Wi-Fi 4 -> Hbson X4 Air
3098,Hbson X4 Air,2,4,7,Wi-Fi -> Wi-Fi 4 -> Hbson X4 Air
3099,Hbson X4 Air,2,4,7,Wi-Fi -> Wi-Fi 4 -> Hbson X4 Air
3100,Hbson X4 Air,2,4,7,Wi-Fi -> Wi-Fi 4 -> Hbson X4 Air
3101,Hbson X4 Air,2,4,7,Wi-Fi -> Wi-Fi 4 -> Hbson X4 Air
3102,Hbson X4 Air,2,4,7,Wi-Fi -> Wi-Fi 4 -> Hbson X4 Air
3103,Hbson X4 Air,2,4,7,Wi-Fi -> Wi-Fi 4 -> Hbson X4 Air
3104,Hbson X4 Air,2,4,7,Wi-Fi -> Wi-Fi 4 -> Hbson X4 Air
3105,Hbson X4 Air,2,4,7,Wi-Fi -> Wi-Fi 4 -> Hbson X4 Air
3106,Hbson X4 Air,2,4,7,Wi-Fi -> Wi-Fi 4 -> Hbson X4 Air
3107,Hbson X4 Air,2,4,7,Wi-Fi -> Wi-Fi 4 -> Hbson X4 Air
3108,Hbson X4 Air,2,4,7,Wi-Fi -> Wi-Fi 4 -> Hbson X4 Air
3109,Hbson X4 Air,2,4,7,Wi-Fi -> Wi-Fi 4 -> Hbson X4 Air
3110,Hbson X4 Air,2,4,7,Wi-Fi -> Wi-Fi 4 -> Hbson X4 Air
3111,Hbson X4 Air,2,4,7,Wi-Fi -> Wi-Fi 4 -> Hbson X4 Air
3112,Hbson X4 Air,2,4,7,Wi-Fi -> Wi-Fi 4 -> Hbson X4 Air
3113,Hbson X4 Air,2,4,7,Wi-Fi -> Wi-Fi 4 -> Hbson X4 Air
3114,Hbson X4 Air,2,4,7,Wi-Fi -> Wi-Fi 4 -> Hbson X4 Air
3115,Hbson X4 Air,2,4,7,Wi-Fi -> Wi-Fi 4 -> Hbson X4 Air
3116,Hbson X4 Air,2,4,7,Wi-Fi -> Wi-Fi 4 -> Hbson X4 Air
3117,Hbson X4 Air,2,4,7,Wi-Fi -> Wi-Fi 4 -> Hbson X4 Air
3118,Hbson X4 Air,2,4,7,Wi-Fi -> Wi-Fi 4 -> Hbson X4 Air
3119,Hbson X4 Air,2,4,7,Wi-Fi -> Wi-Fi 4 -> Hbson X4 Air
3120,Hbson X4 Air,2,4,7,Wi-Fi -> Wi-Fi 4 -> Hbson X4 Air
3121,Hbson X4 Air,2,4,7,Wi-Fi -> Wi-Fi 4 -> Hbson X4 Air
3122,Hbson X4 Air,2,4,7,Wi-Fi -> Wi-Fi 4 -> Hbson X4 Air
3123,Hbson X4 Air,2,4,7,Wi-Fi -> Wi-Fi 4 -> Hbson X4 Air
3124,Hbson X4 Air,2,4,7,Wi-Fi -> Wi-Fi 4 -> Hbson X4 Air
3125,Hbson X4 Air,2,4,7,Wi-Fi -> Wi-Fi 4 -> Hbson X4 Air
3126,Hbson X4 Air,2,4,7,Wi-Fi -> Wi-Fi 4 -> Hbson X4 Air
3127,Hbson X4 Air,2,4,7,Wi-Fi -> Wi-Fi 4 -> Hbson X4 Air
3128,Hbson X4 Air,2,4,7,Wi-Fi -> Wi-Fi 4 -> Hbson X4 Air
3129,Hbson X4 Air,2,4,7,Wi-Fi -> Wi-Fi 4 -> Hbson X4 Air
3130,Hbson X4 Air,2,4,7,Wi-Fi -> Wi-Fi 4 -> Hbson X4 Air
3131,Hbson X4 Air,2,4,7,Wi-Fi -> Wi-Fi 4 -> Hbson X4 Air
3132,Hbson X4 Air,2,4,7,Wi-Fi -> Wi-Fi 4 -> Hbson X4 Air
3133,Hbson X4 Air,2,4,7,Wi-Fi -> Wi-Fi 4 -> Hbson X4 Air
3134,Hbson X4 Air,2,4,7,Wi-Fi -> Wi-Fi 4 -> Hbson X4 Air
3135,Hbson X4 Air,2,4,7,Wi-Fi -> Wi-Fi 4 -> Hbson X4 Air
3136,Hbson X4 Air,2,4,7,Wi-Fi -> Wi-Fi 4 -> Hbson X4 Air
3137,Hbson X4 Air,2,4,7,Wi-Fi -> Wi-Fi 4 -> Hbson X4 Air
3138,Hbson X4 Air,2,4,7,Wi-Fi -> Wi-Fi 4 -> Hbson X4 Air
3139,Hbson X4 Air,2,4,7,Wi-Fi -> Wi-Fi 4 -> Hbson X4 Air
3140,Hbson X4 Air,2,4,7,Wi-Fi -> Wi-Fi 4 -> Hbson X4 Air
3141,Hbson X4 Air,2,4,7,Wi-Fi -> Wi-Fi 4 -> Hbson X4 Air
3142,Hbson X4 Air,2,4,7,Wi-Fi -> Wi-Fi 4 -> Hbson X4 Air
3143,Hbson X4 Air,2,4,7,Wi-Fi -> Wi-Fi 4 -> Hbson X4 Air
3144,Hbson X4 Air,2,4,7,Wi-Fi -> Wi-Fi 4 -> Hbson X4 Air
3145,Hbson X4 Air,2,4,7,Wi-Fi -> Wi-Fi 4 -> Hbson X4 Air
3146,Hbson X4 Air,2,4,7,Wi-Fi -> Wi-Fi 4 -> Hbson X4 Air
3147,Hbson X4 Air,2,4,7,Wi-Fi -> Wi-Fi 4 -> Hbson X4 Air
3148,Hbson X4 Air,2,4,7,Wi-Fi -> Wi-Fi 4 -> Hbson X4 Air
3149,Hbson X4 Air,2,4,7,Wi-Fi -> Wi-Fi 4 -> Hbson X4 Air
3150,Hbson X4 Air,2,4,7,Wi-Fi -> Wi-Fi 4 -> Hbson X4 Air
3151,Hbson X4 Air,2,4,7,Wi-Fi -> Wi-Fi 4 -> Hbson X4 Air
3152,Hbson X4 Air,2,4,7,Wi-Fi -> Wi-Fi 4 -> Hbson X4 Air
3153,Hbson X4 Air,2,4,7,Wi-Fi -> Wi-Fi 4 -> Hbson X4 Air
3154,Hbson X4 Air,2,4,7,Wi-Fi -> Wi-Fi 4 -> Hbson X4 Air
3155,Hbson X4 Air,2,4,7,Wi-Fi -> Wi-Fi 4 -> Hbson X4 Air
3156,Hbson X4 Air,2,4,7,Wi-Fi -> Wi-Fi 4 -> Hbson X4 Air
3157,Hbson X4 Air,2,4,7,Wi-Fi -> Wi-Fi 4 -> Hbson X4 Air
3158,Hbson X4 Air,2,4,7,Wi-Fi -> Wi-Fi 4 -> Hbson X4 Air
3159,Hbson X4 Air,2,4,7,Wi-Fi -> Wi-Fi 4 -> Hbson X4 Air
3160,Hbson X4 Air,2,4,7,Wi-Fi -> Wi-Fi 4 -> Hbson X4 Air
3161,Hbson X4 Air,2,4,7,Wi-Fi -> Wi-Fi 4 -> Hbson X4 Air
3162,Hbson X4 Air,2,4,7,Wi-Fi -> Wi-Fi 4 -> Hbson X4 Air
3163,Hbson X4 Air,2,4,7,Wi-Fi -> Wi-Fi 4 -> Hbson X4 Air
3164,Hbson X4 Air,2,4,7,Wi-Fi -> Wi-Fi 4 -> Hbson X4 Air
3165,Hbson X4 Air,2,4,7,Wi-Fi -> Wi-Fi 4 -> Hbson X4 Air
3166,Hbson X4 Air,2,4,7,Wi-Fi -> Wi-Fi 4 -> Hbson X4 Air
3167,Hbson X4 Air,2,4,7,Wi-Fi -> Wi-Fi 4 -> Hbson X4 Air
3168,Hbson X4 Air,2,4,7,Wi-Fi -> Wi-Fi 4 -> Hbson X4 Air
3169,Hbson X4 Air,2,4,7,Wi-Fi -> Wi-Fi 4 -> Hbson X4 Air
3170,Hbson X4 Air,2,4,7,Wi-Fi -> Wi-Fi 4 -> Hbson X4 Air
3171,Hbson X4 Air,2,4,7,Wi-Fi -> Wi-Fi 4 -> Hbson X4 Air
3172,Hbson X4 Air,2,4,7,Wi-Fi -> Wi-Fi 4 -> Hbson X4 Air
3173,Hbson X4 Air,2,4,7,Wi-Fi -> Wi-Fi 4 -> Hbson X4 Air
3174,Hbson X4 Air,2,4,7,Wi-Fi -> Wi-Fi 4 -> Hbson X4 Air
3175,Hbson X4 Air,2,4,7,Wi-Fi -> Wi-Fi 4 -> Hbson X4 Air
3176,Hbson X4 Air,2,4,7,Wi-Fi -> Wi-Fi 4 -> Hbson X4 Air
3177,Hbson X4 Air,2,4,7,Wi-Fi -> Wi-Fi 4 -> Hbson X4 Air
3178,Hbson X4 Air,2,4,7,Wi-Fi -> Wi-Fi 4 -> Hbson X4 Air
3179,Hbson X4 Air,2,4,7,Wi-Fi -> Wi-Fi 4 -> Hbson X4 Air
3180,Hbson X4 Air,2,4,7,Wi-Fi -> Wi-Fi 4 -> Hbson X4 Air
3181,Hbson X4 Air,2,4,7,Wi-Fi -> Wi-Fi 4 -> Hbson X4 Air
3182,Hbson X4 Air,2,4,7,Wi-Fi -> Wi-Fi 4 -> Hbson X4 Air
3183,Hbson X4 Air,2,4,7,Wi-Fi -> Wi-Fi 4 -> Hbson X4 Air
3184,Hbson X4 Air,2,4,7,Wi-Fi -> Wi-Fi 4 -> Hbson X4 Air
3185,Hbson X4 Air,2,4,7,Wi-Fi -> Wi-Fi 4 -> Hbson X4 Air
3186,Hbson X4 Air,2,4,7,Wi-Fi -> Wi-Fi 4 -> Hbson X4 Air
3187,Hbson X4 Air,2,4,7,Wi-Fi -> Wi-Fi 4 -> Hbson X4 Air
3188,Hbson X4 Air,2,4,7,Wi-Fi -> Wi-Fi 4 -> Hbson X4 Air
3189,Hbson X4 Air,2,4,7,Wi-Fi -> Wi-Fi 4 -> Hbson X4 Air
3190,Hbson X4 Air,2,4,7,Wi-Fi -> Wi-Fi 4 -> Hbson X4 Air
3191,Hbson X4 Air,2,4,7,Wi-Fi -> Wi-Fi 4 -> Hbson X4 Air
3192,Hbson X4 Air,2,4,7,Wi-Fi -> Wi-Fi 4 -> Hbson X4 Air
3193,Hbson X4 Air,2,4,7,Wi-Fi -> Wi-Fi 4 -> Hbson X4 Air
3194,Hbson X4 Air,2,4,7,Wi-Fi -> Wi-Fi 4 -> Hbson X4 Air
3195,Hbson X4 Air,2,4,7,Wi-Fi -> Wi-Fi 4 -> Hbson X4 Air
3196,Hbson X4 Air,2,4,7,Wi-Fi -> Wi-Fi 4 -> Hbson X4 Air
3197,Hbson X4 Air,2,4,7,Wi-Fi -> Wi-Fi 4 -> Hbson X4 Air
3198,Hbson X4 Air,2,4,7,Wi-Fi -> Wi-Fi 4 -> Hbson X4 Air
3199,Hbson X4 Air,2,4,7,Wi-Fi -> Wi-Fi 4 -> Hbson X4 Air
3200,Hbson X4 Air,2,4,7,Wi-Fi -> Wi-Fi 4 -> Hbson X4 Air
3201,Hbson X4 Air,2,4,7,Wi-Fi -> Wi-Fi 4 -> Hbson X4 Air
3202,Hbson X4 Air,2,4,7,Wi-Fi -> Wi-Fi 4 -> Hbson X4 Air
3203,Hbson X4 Air,2,4,7,Wi-Fi -> Wi-Fi 4 -> Hbson X4 Air
3204,Hbson X4 Air,2,4,7,Wi-Fi -> Wi-Fi 4 -> Hbson X4 Air
3205,Hbson X4 Air,2,4,7,Wi-Fi -> Wi-Fi 4 -> Hbson X4 Air
3206,Hbson X4 Air,2,4,7,Wi-Fi -> Wi-Fi 4 -> Hbson X4 Air
3207,Hbson X4 Air,2,4,7,Wi-Fi -> Wi-Fi 4 -> Hbson X4 Air
3208,Hbson X4 Air,2,4,7,Wi-Fi -> Wi-Fi 4 -> Hbson X4 Air
3209,Hbson X4 Air,2,4,7,Wi-Fi -> Wi-Fi 4 -> Hbson X4 Air
3210,Hbson X4 Air,2,4,7,Wi-Fi -> Wi-Fi 4 -> Hbson X4 Air
3211,Hbson X4 Air,2,4,7,Wi-Fi -> Wi-Fi 4 -> Hbson X4 Air
3212,Hbson X4 Air,2,4,7,Wi-Fi -> Wi-Fi 4 -> Hbson X4 Air
3213,Hbson X4 Air,2,4,7,Wi-Fi -> Wi-Fi 4 -> Hbson X4 Air
3214,Hbson X4 Air,2,4,7,Wi-Fi -> Wi-Fi 4 -> Hbson X4 Air
3215,Hbson X4 Air,2,4,7,Wi-Fi -> Wi-Fi 4 -> Hbson X4 Air
3216,Hbson X4 Air,2,4,7,Wi-Fi -> Wi-Fi 4 -> Hbson X4 Air
3217,Hbson X4 Air,2,4,7,Wi-Fi -> Wi-Fi 4 -> Hbson X4 Air
3218,Hbson X4 Air,2,4,7,Wi-Fi -> Wi-Fi 4 -> Hbson X4 Air
3219,Hbson X4 Air,2,4,7,Wi-Fi -> Wi-Fi 4 -> Hbson X4 Air
3220,Hbson X4 Air,2,4,7,Wi-Fi -> Wi-Fi 4 -> Hbson X4 Air
3221,Hbson X4 Air,2,4,7,Wi-Fi -> Wi-Fi 4 -> Hbson X4 Air
3222,Hbson X4 Air,2,4,7,Wi-Fi -> Wi-Fi 4 -> Hbson X4 Air
3223,Hbson X4 Air,2,4,7,Wi-Fi -> Wi-Fi 4 -> Hbson X4 Air
3224,Hbson X4 Air,2,4,7,Wi-Fi -> Wi-Fi 4 -> Hbson X4 Air
3225,Hbson X4 Air,2,4,7,Wi-Fi -> Wi-Fi 4 -> Hbson X4 Air
3226,Hbson X4 Air,2,4,7,Wi-Fi -> Wi-Fi 4 -> Hbson X4 Air
3227,Hbson X4 Air,2,4,7,Wi-Fi -> Wi-Fi 4 -> Hbson X4 Air
3228,Hbson X4 Air,2,4,7,Wi-Fi -> Wi-Fi 4 -> Hbson X4 Air
3229,Parrot Anafi,2,4,5,Wi-Fi -> Wi-Fi 4 -> Parrot Anafi
3230,Parrot Anafi,2,4,5,Wi-Fi -> Wi-Fi 4 -> Parrot Anafi
3231,Parrot Anafi,2,4,5,Wi-Fi -> Wi-Fi 4 -> Parrot Anafi
3232,Parrot Anafi,2,4,5,Wi-Fi -> Wi-Fi 4 -> Parrot Anafi
3233,Parrot Anafi,2,4,5,Wi-Fi -> Wi-Fi 4 -> Parrot Anafi
3234,Parrot Anafi,2,4,5,Wi-Fi -> Wi-Fi 4 -> Parrot Anafi
3235,Parrot Anafi,2,4,5,Wi-Fi -> Wi-Fi 4 -> Parrot Anafi
3236,Parrot Anafi,2,4,5,Wi-Fi -> Wi-Fi 4 -> Parrot Anafi
3237,Parrot Anafi,2,4,5,Wi-Fi -> Wi-Fi 4 -> Parrot Anafi
3238,Parrot Anafi,2,4,5,Wi-Fi -> Wi-Fi 4 -> Parrot Anafi
3239,Parrot Anafi,2,4,5,Wi-Fi -> Wi-Fi 4 -> Parrot Anafi
3240,Parrot Anafi,2,4,5,Wi-Fi -> Wi-Fi 4 -> Parrot Anafi
3241,Parrot Anafi,2,4,5,Wi-Fi -> Wi-Fi 4 -> Parrot Anafi
3242,Parrot Anafi,2,4,5,Wi-Fi -> Wi-Fi 4 -> Parrot Anafi
3243,Parrot Anafi,2,4,5,Wi-Fi -> Wi-Fi 4 -> Parrot Anafi
3244,Parrot Anafi,2,4,5,Wi-Fi -> Wi-Fi 4 -> Parrot Anafi
3245,Parrot Anafi,2,4,5,Wi-Fi -> Wi-Fi 4 -> Parrot Anafi
3246,Parrot Anafi,2,4,5,Wi-Fi -> Wi-Fi 4 -> Parrot Anafi
3247,Parrot Anafi,2,4,5,Wi-Fi -> Wi-Fi 4 -> Parrot Anafi
3248,Parrot Anafi,2,4,5,Wi-Fi -> Wi-Fi 4 -> Parrot Anafi
3249,Parrot Anafi,2,4,5,Wi-Fi -> Wi-Fi 4 -> Parrot Anafi
3250,Parrot Anafi,2,4,5,Wi-Fi -> Wi-Fi 4 -> Parrot Anafi
3251,Parrot Anafi,2,4,5,Wi-Fi -> Wi-Fi 4 -> Parrot Anafi
3252,Parrot Anafi,2,4,5,Wi-Fi -> Wi-Fi 4 -> Parrot Anafi
3253,Parrot Anafi,2,4,5,Wi-Fi -> Wi-Fi 4 -> Parrot Anafi
3254,Parrot Anafi,2,4,5,Wi-Fi -> Wi-Fi 4 -> Parrot Anafi
3255,Parrot Anafi,2,4,5,Wi-Fi -> Wi-Fi 4 -> Parrot Anafi
3256,Parrot Anafi,2,4,5,Wi-Fi -> Wi-Fi 4 -> Parrot Anafi
3257,Parrot Anafi,2,4,5,Wi-Fi -> Wi-Fi 4 -> Parrot Anafi
3258,Parrot Anafi,2,4,5,Wi-Fi -> Wi-Fi 4 -> Parrot Anafi
3259,Parrot Anafi,2,4,5,Wi-Fi -> Wi-Fi 4 -> Parrot Anafi
3260,Parrot Anafi,2,4,5,Wi-Fi -> Wi-Fi 4 -> Parrot Anafi
3261,Parrot Anafi,2,4,5,Wi-Fi -> Wi-Fi 4 -> Parrot Anafi
3262,Parrot Anafi,2,4,5,Wi-Fi -> Wi-Fi 4 -> Parrot Anafi
3263,Parrot Anafi,2,4,5,Wi-Fi -> Wi-Fi 4 -> Parrot Anafi
3264,Parrot Anafi,2,4,5,Wi-Fi -> Wi-Fi 4 -> Parrot Anafi
3265,Parrot Anafi,2,4,5,Wi-Fi -> Wi-Fi 4 -> Parrot Anafi
3266,Parrot Anafi,2,4,5,Wi-Fi -> Wi-Fi 4 -> Parrot Anafi
3267,Parrot Anafi,2,4,5,Wi-Fi -> Wi-Fi 4 -> Parrot Anafi
3268,Parrot Anafi,2,4,5,Wi-Fi -> Wi-Fi 4 -> Parrot Anafi
3269,Parrot Anafi,2,4,5,Wi-Fi -> Wi-Fi 4 -> Parrot Anafi
3270,Parrot Anafi,2,4,5,Wi-Fi -> Wi-Fi 4 -> Parrot Anafi
3271,Parrot Anafi,2,4,5,Wi-Fi -> Wi-Fi 4 -> Parrot Anafi
3272,Parrot Anafi,2,4,5,Wi-Fi -> Wi-Fi 4 -> Parrot Anafi
3273,Parrot Anafi,2,4,5,Wi-Fi -> Wi-Fi 4 -> Parrot Anafi
3274,Parrot Anafi,2,4,5,Wi-Fi -> Wi-Fi 4 -> Parrot Anafi
3275,Parrot Anafi,2,4,5,Wi-Fi -> Wi-Fi 4 -> Parrot Anafi
3276,Parrot Anafi,2,4,5,Wi-Fi -> Wi-Fi 4 -> Parrot Anafi
3277,Parrot Anafi,2,4,5,Wi-Fi -> Wi-Fi 4 -> Parrot Anafi
3278,Parrot Anafi,2,4,5,Wi-Fi -> Wi-Fi 4 -> Parrot Anafi
3279,Parrot Anafi,2,4,5,Wi-Fi -> Wi-Fi 4 -> Parrot Anafi
3280,Parrot Anafi,2,4,5,Wi-Fi -> Wi-Fi 4 -> Parrot Anafi
3281,Parrot Anafi,2,4,5,Wi-Fi -> Wi-Fi 4 -> Parrot Anafi
3282,Parrot Anafi,2,4,5,Wi-Fi -> Wi-Fi 4 -> Parrot Anafi
3283,Parrot Anafi,2,4,5,Wi-Fi -> Wi-Fi 4 -> Parrot Anafi
3284,Parrot Anafi,2,4,5,Wi-Fi -> Wi-Fi 4 -> Parrot Anafi
3285,Parrot Anafi,2,4,5,Wi-Fi -> Wi-Fi 4 -> Parrot Anafi
3286,Parrot Anafi,2,4,5,Wi-Fi -> Wi-Fi 4 -> Parrot Anafi
3287,Parrot Anafi,2,4,5,Wi-Fi -> Wi-Fi 4 -> Parrot Anafi
3288,Parrot Anafi,2,4,5,Wi-Fi -> Wi-Fi 4 -> Parrot Anafi
3289,Parrot Anafi,2,4,5,Wi-Fi -> Wi-Fi 4 -> Parrot Anafi
3290,Parrot Anafi,2,4,5,Wi-Fi -> Wi-Fi 4 -> Parrot Anafi
3291,Parrot Anafi,2,4,5,Wi-Fi -> Wi-Fi 4 -> Parrot Anafi
3292,Parrot Anafi,2,4,5,Wi-Fi -> Wi-Fi 4 -> Parrot Anafi
3293,Parrot Anafi,2,4,5,Wi-Fi -> Wi-Fi 4 -> Parrot Anafi
3294,Parrot Anafi,2,4,5,Wi-Fi -> Wi-Fi 4 -> Parrot Anafi
3295,Parrot Anafi,2,4,5,Wi-Fi -> Wi-Fi 4 -> Parrot Anafi
3296,Parrot Anafi,2,4,5,Wi-Fi -> Wi-Fi 4 -> Parrot Anafi
3297,Parrot Anafi,2,4,5,Wi-Fi -> Wi-Fi 4 -> Parrot Anafi
3298,Parrot Anafi,2,4,5,Wi-Fi -> Wi-Fi 4 -> Parrot Anafi
3299,Parrot Anafi,2,4,5,Wi-Fi -> Wi-Fi 4 -> Parrot Anafi
3300,Parrot Anafi,2,4,5,Wi-Fi -> Wi-Fi 4 -> Parrot Anafi
3301,Parrot Anafi,2,4,5,Wi-Fi -> Wi-Fi 4 -> Parrot Anafi
3302,Parrot Anafi,2,4,5,Wi-Fi -> Wi-Fi 4 -> Parrot Anafi
3303,Parrot Anafi,2,4,5,Wi-Fi -> Wi-Fi 4 -> Parrot Anafi
3304,Parrot Anafi,2,4,5,Wi-Fi -> Wi-Fi 4 -> Parrot Anafi
3305,Parrot Anafi,2,4,5,Wi-Fi -> Wi-Fi 4 -> Parrot Anafi
3306,Parrot Anafi,2,4,5,Wi-Fi -> Wi-Fi 4 -> Parrot Anafi
3307,Parrot Anafi,2,4,5,Wi-Fi -> Wi-Fi 4 -> Parrot Anafi
3308,Parrot Anafi,2,4,5,Wi-Fi -> Wi-Fi 4 -> Parrot Anafi
3309,Parrot Anafi,2,4,5,Wi-Fi -> Wi-Fi 4 -> Parrot Anafi
3310,Parrot Anafi,2,4,5,Wi-Fi -> Wi-Fi 4 -> Parrot Anafi
3311,Parrot Anafi,2,4,5,Wi-Fi -> Wi-Fi 4 -> Parrot Anafi
3312,Parrot Anafi,2,4,5,Wi-Fi -> Wi-Fi 4 -> Parrot Anafi
3313,Parrot Anafi,2,4,5,Wi-Fi -> Wi-Fi 4 -> Parrot Anafi
3314,Parrot Anafi,2,4,5,Wi-Fi -> Wi-Fi 4 -> Parrot Anafi
3315,Parrot Anafi,2,4,5,Wi-Fi -> Wi-Fi 4 -> Parrot Anafi
3316,Parrot Anafi,2,4,5,Wi-Fi -> Wi-Fi 4 -> Parrot Anafi
3317,Parrot Anafi,2,4,5,Wi-Fi -> Wi-Fi 4 -> Parrot Anafi
3318,Parrot Anafi,2,4,5,Wi-Fi -> Wi-Fi 4 -> Parrot Anafi
3319,Parrot Anafi,2,4,5,Wi-Fi -> Wi-Fi 4 -> Parrot Anafi
3320,Parrot Anafi,2,4,5,Wi-Fi -> Wi-Fi 4 -> Parrot Anafi
3321,Parrot Anafi,2,4,5,Wi-Fi -> Wi-Fi 4 -> Parrot Anafi
3322,Parrot Anafi,2,4,5,Wi-Fi -> Wi-Fi 4 -> Parrot Anafi
3323,Parrot Anafi,2,4,5,Wi-Fi -> Wi-Fi 4 -> Parrot Anafi
3324,Parrot Anafi,2,4,5,Wi-Fi -> Wi-Fi 4 -> Parrot Anafi
3325,Parrot Anafi,2,4,5,Wi-Fi -> Wi-Fi 4 -> Parrot Anafi
3326,Parrot Anafi,2,4,5,Wi-Fi -> Wi-Fi 4 -> Parrot Anafi
3327,Parrot Anafi,2,4,5,Wi-Fi -> Wi-Fi 4 -> Parrot Anafi
3328,Parrot Anafi,2,4,5,Wi-Fi -> Wi-Fi 4 -> Parrot Anafi
3329,Parrot Anafi,2,4,5,Wi-Fi -> Wi-Fi 4 -> Parrot Anafi
3330,Parrot Anafi,2,4,5,Wi-Fi -> Wi-Fi 4 -> Parrot Anafi
3331,Parrot Anafi,2,4,5,Wi-Fi -> Wi-Fi 4 -> Parrot Anafi
3332,Parrot Anafi,2,4,5,Wi-Fi -> Wi-Fi 4 -> Parrot Anafi
3333,Parrot Anafi,2,4,5,Wi-Fi -> Wi-Fi 4 -> Parrot Anafi
3334,Parrot Anafi,2,4,5,Wi-Fi -> Wi-Fi 4 -> Parrot Anafi
3335,Parrot Anafi,2,4,5,Wi-Fi -> Wi-Fi 4 -> Parrot Anafi
3336,Parrot Anafi,2,4,5,Wi-Fi -> Wi-Fi 4 -> Parrot Anafi
3337,Parrot Anafi,2,4,5,Wi-Fi -> Wi-Fi 4 -> Parrot Anafi
3338,Parrot Anafi,2,4,5,Wi-Fi -> Wi-Fi 4 -> Parrot Anafi
3339,Parrot Anafi,2,4,5,Wi-Fi -> Wi-Fi 4 -> Parrot Anafi
3340,Parrot Anafi,2,4,5,Wi-Fi -> Wi-Fi 4 -> Parrot Anafi
3341,Parrot Anafi,2,4,5,Wi-Fi -> Wi-Fi 4 -> Parrot Anafi
3342,Parrot Anafi,2,4,5,Wi-Fi -> Wi-Fi 4 -> Parrot Anafi
3343,Parrot Anafi,2,4,5,Wi-Fi -> Wi-Fi 4 -> Parrot Anafi
3344,Parrot Anafi,2,4,5,Wi-Fi -> Wi-Fi 4 -> Parrot Anafi
3345,Parrot Anafi,2,4,5,Wi-Fi -> Wi-Fi 4 -> Parrot Anafi
3346,Parrot Anafi,2,4,5,Wi-Fi -> Wi-Fi 4 -> Parrot Anafi
3347,Parrot Anafi,2,4,5,Wi-Fi -> Wi-Fi 4 -> Parrot Anafi
3348,Parrot Anafi,2,4,5,Wi-Fi -> Wi-Fi 4 -> Parrot Anafi
3349,Parrot Anafi,2,4,5,Wi-Fi -> Wi-Fi 4 -> Parrot Anafi
3350,Parrot Anafi,2,4,5,Wi-Fi -> Wi-Fi 4 -> Parrot Anafi
3351,Parrot Anafi,2,4,5,Wi-Fi -> Wi-Fi 4 -> Parrot Anafi
3352,Parrot Anafi,2,4,5,Wi-Fi -> Wi-Fi 4 -> Parrot Anafi
3353,Parrot Anafi,2,4,5,Wi-Fi -> Wi-Fi 4 -> Parrot Anafi
3354,Parrot Anafi,2,4,5,Wi-Fi -> Wi-Fi 4 -> Parrot Anafi
3355,Parrot Anafi,2,4,5,Wi-Fi -> Wi-Fi 4 -> Parrot Anafi
3356,Parrot Anafi,2,4,5,Wi-Fi -> Wi-Fi 4 -> Parrot Anafi
3357,Parrot Anafi,2,4,5,Wi-Fi -> Wi-Fi 4 -> Parrot Anafi
3358,Parrot Anafi,2,4,5,Wi-Fi -> Wi-Fi 4 -> Parrot Anafi
3359,Parrot Anafi,2,4,5,Wi-Fi -> Wi-Fi 4 -> Parrot Anafi
3360,Parrot Anafi,2,4,5,Wi-Fi -> Wi-Fi 4 -> Parrot Anafi
3361,Parrot Anafi,2,4,5,Wi-Fi -> Wi-Fi 4 -> Parrot Anafi
3362,Parrot Anafi,2,4,5,Wi-Fi -> Wi-Fi 4 -> Parrot Anafi
3363,Parrot Anafi,2,4,5,Wi-Fi -> Wi-Fi 4 -> Parrot Anafi
3364,Parrot Anafi,2,4,5,Wi-Fi -> Wi-Fi 4 -> Parrot Anafi
3365,Parrot Anafi,2,4,5,Wi-Fi -> Wi-Fi 4 -> Parrot Anafi
3366,Parrot Anafi,2,4,5,Wi-Fi -> Wi-Fi 4 -> Parrot Anafi
3367,Parrot Anafi,2,4,5,Wi-Fi -> Wi-Fi 4 -> Parrot Anafi
3368,Parrot Anafi,2,4,5,Wi-Fi -> Wi-Fi 4 -> Parrot Anafi
3369,Parrot Anafi,2,4,5,Wi-Fi -> Wi-Fi 4 -> Parrot Anafi
3370,Parrot Anafi,2,4,5,Wi-Fi -> Wi-Fi 4 -> Parrot Anafi
3371,Parrot Anafi,2,4,5,Wi-Fi -> Wi-Fi 4 -> Parrot Anafi
3372,Parrot Anafi,2,4,5,Wi-Fi -> Wi-Fi 4 -> Parrot Anafi
3373,Parrot Anafi,2,4,5,Wi-Fi -> Wi-Fi 4 -> Parrot Anafi
3374,Parrot Anafi,2,4,5,Wi-Fi -> Wi-Fi 4 -> Parrot Anafi
3375,Parrot Anafi,2,4,5,Wi-Fi -> Wi-Fi 4 -> Parrot Anafi
3376,Parrot Anafi,2,4,5,Wi-Fi -> Wi-Fi 4 -> Parrot Anafi
3377,Parrot Anafi,2,4,5,Wi-Fi -> Wi-Fi 4 -> Parrot Anafi
3378,Parrot Anafi,2,4,5,Wi-Fi -> Wi-Fi 4 -> Parrot Anafi
3379,Parrot Anafi,2,4,5,Wi-Fi -> Wi-Fi 4 -> Parrot Anafi
3380,Parrot Anafi,2,4,5,Wi-Fi -> Wi-Fi 4 -> Parrot Anafi
3381,Parrot Anafi,2,4,5,Wi-Fi -> Wi-Fi 4 -> Parrot Anafi
3382,Parrot Anafi,2,4,5,Wi-Fi -> Wi-Fi 4 -> Parrot Anafi
3383,Parrot Anafi,2,4,5,Wi-Fi -> Wi-Fi 4 -> Parrot Anafi
3384,Parrot Anafi,2,4,5,Wi-Fi -> Wi-Fi 4 -> Parrot Anafi
3385,Parrot Anafi,2,4,5,Wi-Fi -> Wi-Fi 4 -> Parrot Anafi
3386,Parrot Anafi,2,4,5,Wi-Fi -> Wi-Fi 4 -> Parrot Anafi
3387,Parrot Anafi,2,4,5,Wi-Fi -> Wi-Fi 4 -> Parrot Anafi
3388,Parrot Anafi,2,4,5,Wi-Fi -> Wi-Fi 4 -> Parrot Anafi
3389,Parrot Anafi,2,4,5,Wi-Fi -> Wi-Fi 4 -> Parrot Anafi
3390,Parrot Anafi,2,4,5,Wi-Fi -> Wi-Fi 4 -> Parrot Anafi
3391,Parrot Anafi,2,4,5,Wi-Fi -> Wi-Fi 4 -> Parrot Anafi
3392,Parrot Anafi,2,4,5,Wi-Fi -> Wi-Fi 4 -> Parrot Anafi
3393,Ruko F11 GIM,2,4,6,Wi-Fi -> Wi-Fi 4 -> Ruko F11 GIM
3394,Ruko F11 GIM,2,4,6,Wi-Fi -> Wi-Fi 4 -> Ruko F11 GIM
3395,Ruko F11 GIM,2,4,6,Wi-Fi -> Wi-Fi 4 -> Ruko F11 GIM
3396,Ruko F11 GIM,2,4,6,Wi-Fi -> Wi-Fi 4 -> Ruko F11 GIM
3397,Ruko F11 GIM,2,4,6,Wi-Fi -> Wi-Fi 4 -> Ruko F11 GIM
3398,Ruko F11 GIM,2,4,6,Wi-Fi -> Wi-Fi 4 -> Ruko F11 GIM
3399,Ruko F11 GIM,2,4,6,Wi-Fi -> Wi-Fi 4 -> Ruko F11 GIM
3400,Ruko F11 GIM,2,4,6,Wi-Fi -> Wi-Fi 4 -> Ruko F11 GIM
3401,Ruko F11 GIM,2,4,6,Wi-Fi -> Wi-Fi 4 -> Ruko F11 GIM
3402,Ruko F11 GIM,2,4,6,Wi-Fi -> Wi-Fi 4 -> Ruko F11 GIM
3403,Ruko F11 GIM,2,4,6,Wi-Fi -> Wi-Fi 4 -> Ruko F11 GIM
3404,Ruko F11 GIM,2,4,6,Wi-Fi -> Wi-Fi 4 -> Ruko F11 GIM
3405,Ruko F11 GIM,2,4,6,Wi-Fi -> Wi-Fi 4 -> Ruko F11 GIM
3406,Ruko F11 GIM,2,4,6,Wi-Fi -> Wi-Fi 4 -> Ruko F11 GIM
3407,Ruko F11 GIM,2,4,6,Wi-Fi -> Wi-Fi 4 -> Ruko F11 GIM
3408,Ruko F11 GIM,2,4,6,Wi-Fi -> Wi-Fi 4 -> Ruko F11 GIM
3409,Ruko F11 GIM,2,4,6,Wi-Fi -> Wi-Fi 4 -> Ruko F11 GIM
3410,Ruko F11 GIM,2,4,6,Wi-Fi -> Wi-Fi 4 -> Ruko F11 GIM
3411,Ruko F11 GIM,2,4,6,Wi-Fi -> Wi-Fi 4 -> Ruko F11 GIM
3412,Ruko F11 GIM,2,4,6,Wi-Fi -> Wi-Fi 4 -> Ruko F11 GIM
3413,Ruko F11 GIM,2,4,6,Wi-Fi -> Wi-Fi 4 -> Ruko F11 GIM
3414,Ruko F11 GIM,2,4,6,Wi-Fi -> Wi-Fi 4 -> Ruko F11 GIM
3415,Ruko F11 GIM,2,4,6,Wi-Fi -> Wi-Fi 4 -> Ruko F11 GIM
3416,Ruko F11 GIM,2,4,6,Wi-Fi -> Wi-Fi 4 -> Ruko F11 GIM
3417,Ruko F11 GIM,2,4,6,Wi-Fi -> Wi-Fi 4 -> Ruko F11 GIM
3418,Ruko F11 GIM,2,4,6,Wi-Fi -> Wi-Fi 4 -> Ruko F11 GIM
3419,Ruko F11 GIM,2,4,6,Wi-Fi -> Wi-Fi 4 -> Ruko F11 GIM
3420,Ruko F11 GIM,2,4,6,Wi-Fi -> Wi-Fi 4 -> Ruko F11 GIM
3421,Ruko F11 GIM,2,4,6,Wi-Fi -> Wi-Fi 4 -> Ruko F11 GIM
3422,Ruko F11 GIM,2,4,6,Wi-Fi -> Wi-Fi 4 -> Ruko F11 GIM
3423,Ruko F11 GIM,2,4,6,Wi-Fi -> Wi-Fi 4 -> Ruko F11 GIM
3424,Ruko F11 GIM,2,4,6,Wi-Fi -> Wi-Fi 4 -> Ruko F11 GIM
3425,Ruko F11 GIM,2,4,6,Wi-Fi -> Wi-Fi 4 -> Ruko F11 GIM
3426,Ruko F11 GIM,2,4,6,Wi-Fi -> Wi-Fi 4 -> Ruko F11 GIM
3427,Ruko F11 GIM,2,4,6,Wi-Fi -> Wi-Fi 4 -> Ruko F11 GIM
3428,Ruko F11 GIM,2,4,6,Wi-Fi -> Wi-Fi 4 -> Ruko F11 GIM
3429,Ruko F11 GIM,2,4,6,Wi-Fi -> Wi-Fi 4 -> Ruko F11 GIM
3430,Ruko F11 GIM,2,4,6,Wi-Fi -> Wi-Fi 4 -> Ruko F11 GIM
3431,Ruko F11 GIM,2,4,6,Wi-Fi -> Wi-Fi 4 -> Ruko F11 GIM
3432,Ruko F11 GIM,2,4,6,Wi-Fi -> Wi-Fi 4 -> Ruko F11 GIM
3433,Ruko F11 GIM,2,4,6,Wi-Fi -> Wi-Fi 4 -> Ruko F11 GIM
3434,Ruko F11 GIM,2,4,6,Wi-Fi -> Wi-Fi 4 -> Ruko F11 GIM
3435,Ruko F11 GIM,2,4,6,Wi-Fi -> Wi-Fi 4 -> Ruko F11 GIM
3436,Ruko F11 GIM,2,4,6,Wi-Fi -> Wi-Fi 4 -> Ruko F11 GIM
3437,Ruko F11 GIM,2,4,6,Wi-Fi -> Wi-Fi 4 -> Ruko F11 GIM
3438,Ruko F11 GIM,2,4,6,Wi-Fi -> Wi-Fi 4 -> Ruko F11 GIM
3439,Ruko F11 GIM,2,4,6,Wi-Fi -> Wi-Fi 4 -> Ruko F11 GIM
3440,Ruko F11 GIM,2,4,6,Wi-Fi -> Wi-Fi 4 -> Ruko F11 GIM
3441,Ruko F11 GIM,2,4,6,Wi-Fi -> Wi-Fi 4 -> Ruko F11 GIM
3442,Ruko F11 GIM,2,4,6,Wi-Fi -> Wi-Fi 4 -> Ruko F11 GIM
3443,Ruko F11 GIM,2,4,6,Wi-Fi -> Wi-Fi 4 -> Ruko F11 GIM
3444,Ruko F11 GIM,2,4,6,Wi-Fi -> Wi-Fi 4 -> Ruko F11 GIM
3445,Ruko F11 GIM,2,4,6,Wi-Fi -> Wi-Fi 4 -> Ruko F11 GIM
3446,Ruko F11 GIM,2,4,6,Wi-Fi -> Wi-Fi 4 -> Ruko F11 GIM
3447,Ruko F11 GIM,2,4,6,Wi-Fi -> Wi-Fi 4 -> Ruko F11 GIM
3448,Ruko F11 GIM,2,4,6,Wi-Fi -> Wi-Fi 4 -> Ruko F11 GIM
3449,Ruko F11 GIM,2,4,6,Wi-Fi -> Wi-Fi 4 -> Ruko F11 GIM
3450,Ruko F11 GIM,2,4,6,Wi-Fi -> Wi-Fi 4 -> Ruko F11 GIM
3451,Ruko F11 GIM,2,4,6,Wi-Fi -> Wi-Fi 4 -> Ruko F11 GIM
3452,Ruko F11 GIM,2,4,6,Wi-Fi -> Wi-Fi 4 -> Ruko F11 GIM
3453,Ruko F11 GIM,2,4,6,Wi-Fi -> Wi-Fi 4 -> Ruko F11 GIM
3454,Ruko F11 GIM,2,4,6,Wi-Fi -> Wi-Fi 4 -> Ruko F11 GIM
3455,Ruko F11 GIM,2,4,6,Wi-Fi -> Wi-Fi 4 -> Ruko F11 GIM
3456,Ruko F11 GIM,2,4,6,Wi-Fi -> Wi-Fi 4 -> Ruko F11 GIM
3457,Ruko F11 GIM,2,4,6,Wi-Fi -> Wi-Fi 4 -> Ruko F11 GIM
3458,Ruko F11 GIM,2,4,6,Wi-Fi -> Wi-Fi 4 -> Ruko F11 GIM
3459,Ruko F11 GIM,2,4,6,Wi-Fi -> Wi-Fi 4 -> Ruko F11 GIM
3460,Ruko F11 GIM,2,4,6,Wi-Fi -> Wi-Fi 4 -> Ruko F11 GIM
3461,Ruko F11 GIM,2,4,6,Wi-Fi -> Wi-Fi 4 -> Ruko F11 GIM
3462,Ruko F11 GIM,2,4,6,Wi-Fi -> Wi-Fi 4 -> Ruko F11 GIM
3463,Ruko F11 GIM,2,4,6,Wi-Fi -> Wi-Fi 4 -> Ruko F11 GIM
3464,Ruko F11 GIM,2,4,6,Wi-Fi -> Wi-Fi 4 -> Ruko F11 GIM
3465,Ruko F11 GIM,2,4,6,Wi-Fi -> Wi-Fi 4 -> Ruko F11 GIM
3466,Ruko F11 GIM,2,4,6,Wi-Fi -> Wi-Fi 4 -> Ruko F11 GIM
3467,Ruko F11 GIM,2,4,6,Wi-Fi -> Wi-Fi 4 -> Ruko F11 GIM
3468,Ruko F11 GIM,2,4,6,Wi-Fi -> Wi-Fi 4 -> Ruko F11 GIM
3469,Ruko F11 GIM,2,4,6,Wi-Fi -> Wi-Fi 4 -> Ruko F11 GIM
3470,Ruko F11 GIM,2,4,6,Wi-Fi -> Wi-Fi 4 -> Ruko F11 GIM
3471,Ruko F11 GIM,2,4,6,Wi-Fi -> Wi-Fi 4 -> Ruko F11 GIM
3472,Ruko F11 GIM,2,4,6,Wi-Fi -> Wi-Fi 4 -> Ruko F11 GIM
3473,Ruko F11 GIM,2,4,6,Wi-Fi -> Wi-Fi 4 -> Ruko F11 GIM
3474,Ruko F11 GIM,2,4,6,Wi-Fi -> Wi-Fi 4 -> Ruko F11 GIM
3475,Ruko F11 GIM,2,4,6,Wi-Fi -> Wi-Fi 4 -> Ruko F11 GIM
3476,Ruko F11 GIM,2,4,6,Wi-Fi -> Wi-Fi 4 -> Ruko F11 GIM
3477,Ruko F11 GIM,2,4,6,Wi-Fi -> Wi-Fi 4 -> Ruko F11 GIM
3478,Ruko F11 GIM,2,4,6,Wi-Fi -> Wi-Fi 4 -> Ruko F11 GIM
3479,Ruko F11 GIM,2,4,6,Wi-Fi -> Wi-Fi 4 -> Ruko F11 GIM
3480,Ruko F11 GIM,2,4,6,Wi-Fi -> Wi-Fi 4 -> Ruko F11 GIM
3481,Ruko F11 GIM,2,4,6,Wi-Fi -> Wi-Fi 4 -> Ruko F11 GIM
3482,Ruko F11 GIM,2,4,6,Wi-Fi -> Wi-Fi 4 -> Ruko F11 GIM
3483,Ruko F11 GIM,2,4,6,Wi-Fi -> Wi-Fi 4 -> Ruko F11 GIM
3484,Ruko F11 GIM,2,4,6,Wi-Fi -> Wi-Fi 4 -> Ruko F11 GIM
3485,Ruko F11 GIM,2,4,6,Wi-Fi -> Wi-Fi 4 -> Ruko F11 GIM
3486,Ruko F11 GIM,2,4,6,Wi-Fi -> Wi-Fi 4 -> Ruko F11 GIM
3487,Ruko F11 GIM,2,4,6,Wi-Fi -> Wi-Fi 4 -> Ruko F11 GIM
3488,Ruko F11 GIM,2,4,6,Wi-Fi -> Wi-Fi 4 -> Ruko F11 GIM
3489,Ruko F11 GIM,2,4,6,Wi-Fi -> Wi-Fi 4 -> Ruko F11 GIM
3490,Ruko F11 GIM,2,4,6,Wi-Fi -> Wi-Fi 4 -> Ruko F11 GIM
3491,Ruko F11 GIM,2,4,6,Wi-Fi -> Wi-Fi 4 -> Ruko F11 GIM
3492,Ruko F11 GIM,2,4,6,Wi-Fi -> Wi-Fi 4 -> Ruko F11 GIM
3493,Ruko F11 GIM,2,4,6,Wi-Fi -> Wi-Fi 4 -> Ruko F11 GIM
3494,Ruko F11 GIM,2,4,6,Wi-Fi -> Wi-Fi 4 -> Ruko F11 GIM
3495,Ruko F11 GIM,2,4,6,Wi-Fi -> Wi-Fi 4 -> Ruko F11 GIM
3496,Ruko F11 GIM,2,4,6,Wi-Fi -> Wi-Fi 4 -> Ruko F11 GIM
3497,Ruko F11 GIM,2,4,6,Wi-Fi -> Wi-Fi 4 -> Ruko F11 GIM
3498,Ruko F11 GIM,2,4,6,Wi-Fi -> Wi-Fi 4 -> Ruko F11 GIM
3499,Ruko F11 GIM,2,4,6,Wi-Fi -> Wi-Fi 4 -> Ruko F11 GIM
3500,Ruko F11 GIM,2,4,6,Wi-Fi -> Wi-Fi 4 -> Ruko F11 GIM
3501,Ruko F11 GIM,2,4,6,Wi-Fi -> Wi-Fi 4 -> Ruko F11 GIM
3502,Ruko F11 GIM,2,4,6,Wi-Fi -> Wi-Fi 4 -> Ruko F11 GIM
3503,Ruko F11 GIM,2,4,6,Wi-Fi -> Wi-Fi 4 -> Ruko F11 GIM
3504,Ruko F11 GIM,2,4,6,Wi-Fi -> Wi-Fi 4 -> Ruko F11 GIM
3505,Ruko F11 GIM,2,4,6,Wi-Fi -> Wi-Fi 4 -> Ruko F11 GIM
3506,Ruko F11 GIM,2,4,6,Wi-Fi -> Wi-Fi 4 -> Ruko F11 GIM
3507,Ruko F11 GIM,2,4,6,Wi-Fi -> Wi-Fi 4 -> Ruko F11 GIM
3508,Ruko F11 GIM,2,4,6,Wi-Fi -> Wi-Fi 4 -> Ruko F11 GIM
3509,Ruko F11 GIM,2,4,6,Wi-Fi -> Wi-Fi 4 -> Ruko F11 GIM
3510,Ruko F11 GIM,2,4,6,Wi-Fi -> Wi-Fi 4 -> Ruko F11 GIM
3511,Ruko F11 GIM,2,4,6,Wi-Fi -> Wi-Fi 4 -> Ruko F11 GIM
3512,Ruko F11 GIM,2,4,6,Wi-Fi -> Wi-Fi 4 -> Ruko F11 GIM
3513,Ruko F11 GIM,2,4,6,Wi-Fi -> Wi-Fi 4 -> Ruko F11 GIM
3514,Ruko F11 GIM,2,4,6,Wi-Fi -> Wi-Fi 4 -> Ruko F11 GIM
3515,Ruko F11 GIM,2,4,6,Wi-Fi -> Wi-Fi 4 -> Ruko F11 GIM
3516,Ruko F11 GIM,2,4,6,Wi-Fi -> Wi-Fi 4 -> Ruko F11 GIM
3517,Ruko F11 GIM,2,4,6,Wi-Fi -> Wi-Fi 4 -> Ruko F11 GIM
3518,Ruko F11 GIM,2,4,6,Wi-Fi -> Wi-Fi 4 -> Ruko F11 GIM
3519,Ruko F11 GIM,2,4,6,Wi-Fi -> Wi-Fi 4 -> Ruko F11 GIM
3520,Ruko F11 GIM,2,4,6,Wi-Fi -> Wi-Fi 4 -> Ruko F11 GIM
3521,Ruko F11 GIM,2,4,6,Wi-Fi -> Wi-Fi 4 -> Ruko F11 GIM
3522,Ruko F11 GIM,2,4,6,Wi-Fi -> Wi-Fi 4 -> Ruko F11 GIM
3523,Ruko F11 GIM,2,4,6,Wi-Fi -> Wi-Fi 4 -> Ruko F11 GIM
3524,Ruko F11 GIM,2,4,6,Wi-Fi -> Wi-Fi 4 -> Ruko F11 GIM
3525,Ruko F11 GIM,2,4,6,Wi-Fi -> Wi-Fi 4 -> Ruko F11 GIM
3526,Ruko F11 GIM,2,4,6,Wi-Fi -> Wi-Fi 4 -> Ruko F11 GIM
3527,Ruko F11 GIM,2,4,6,Wi-Fi -> Wi-Fi 4 -> Ruko F11 GIM
3528,Ruko F11 GIM,2,4,6,Wi-Fi -> Wi-Fi 4 -> Ruko F11 GIM
3529,Ruko F11 GIM,2,4,6,Wi-Fi -> Wi-Fi 4 -> Ruko F11 GIM
3530,Ruko F11 GIM,2,4,6,Wi-Fi -> Wi-Fi 4 -> Ruko F11 GIM
3531,Ruko F11 GIM,2,4,6,Wi-Fi -> Wi-Fi 4 -> Ruko F11 GIM
3532,Ruko F11 GIM,2,4,6,Wi-Fi -> Wi-Fi 4 -> Ruko F11 GIM
3533,Ruko F11 GIM,2,4,6,Wi-Fi -> Wi-Fi 4 -> Ruko F11 GIM
3534,Ruko F11 GIM,2,4,6,Wi-Fi -> Wi-Fi 4 -> Ruko F11 GIM
3535,Ruko F11 GIM,2,4,6,Wi-Fi -> Wi-Fi 4 -> Ruko F11 GIM
3536,Ruko F11 GIM,2,4,6,Wi-Fi -> Wi-Fi 4 -> Ruko F11 GIM
3537,Ruko F11 GIM,2,4,6,Wi-Fi -> Wi-Fi 4 -> Ruko F11 GIM
3538,Ruko F11 GIM,2,4,6,Wi-Fi -> Wi-Fi 4 -> Ruko F11 GIM
3539,Ruko F11 GIM,2,4,6,Wi-Fi -> Wi-Fi 4 -> Ruko F11 GIM
3540,Ruko F11 GIM,2,4,6,Wi-Fi -> Wi-Fi 4 -> Ruko F11 GIM
3541,Ruko F11 GIM,2,4,6,Wi-Fi -> Wi-Fi 4 -> Ruko F11 GIM
3542,Ruko F11 GIM,2,4,6,Wi-Fi -> Wi-Fi 4 -> Ruko F11 GIM
3543,Ruko F11 GIM,2,4,6,Wi-Fi -> Wi-Fi 4 -> Ruko F11 GIM
3544,Ruko F11 GIM,2,4,6,Wi-Fi -> Wi-Fi 4 -> Ruko F11 GIM
3545,Ruko F11 GIM,2,4,6,Wi-Fi -> Wi-Fi 4 -> Ruko F11 GIM
3546,Ruko F11 GIM,2,4,6,Wi-Fi -> Wi-Fi 4 -> Ruko F11 GIM
3547,Ruko F11 GIM,2,4,6,Wi-Fi -> Wi-Fi 4 -> Ruko F11 GIM
3548,Ruko F11 GIM,2,4,6,Wi-Fi -> Wi-Fi 4 -> Ruko F11 GIM
3549,Ruko F11 GIM,2,4,6,Wi-Fi -> Wi-Fi 4 -> Ruko F11 GIM
3550,Ruko F11 GIM,2,4,6,Wi-Fi -> Wi-Fi 4 -> Ruko F11 GIM
3551,Ruko F11 GIM,2,4,6,Wi-Fi -> Wi-Fi 4 -> Ruko F11 GIM
3552,Ruko F11 GIM,2,4,6,Wi-Fi -> Wi-Fi 4 -> Ruko F11 GIM
3553,Ruko F11 GIM,2,4,6,Wi-Fi -> Wi-Fi 4 -> Ruko F11 GIM
3554,Ruko F11 GIM,2,4,6,Wi-Fi -> Wi-Fi 4 -> Ruko F11 GIM
3555,Ruko F11 GIM,2,4,6,Wi-Fi -> Wi-Fi 4 -> Ruko F11 GIM
3556,Ruko F11 GIM,2,4,6,Wi-Fi -> Wi-Fi 4 -> Ruko F11 GIM
3557,Ruko F11 GIM,2,4,6,Wi-Fi -> Wi-Fi 4 -> Ruko F11 GIM
3558,Ruko F11 GIM,2,4,6,Wi-Fi -> Wi-Fi 4 -> Ruko F11 GIM
3559,Ruko F11 GIM,2,4,6,Wi-Fi -> Wi-Fi 4 -> Ruko F11 GIM
3560,Ruko F11 GIM,2,4,6,Wi-Fi -> Wi-Fi 4 -> Ruko F11 GIM
3561,Skydio 2,2,4,9,Wi-Fi -> Wi-Fi 4 -> Skydio 2
3562,Skydio 2,2,4,9,Wi-Fi -> Wi-Fi 4 -> Skydio 2
3563,Skydio 2,2,4,9,Wi-Fi -> Wi-Fi 4 -> Skydio 2
3564,Skydio 2,2,4,9,Wi-Fi -> Wi-Fi 4 -> Skydio 2
3565,Skydio 2,2,4,9,Wi-Fi -> Wi-Fi 4 -> Skydio 2
3566,Skydio 2,2,4,9,Wi-Fi -> Wi-Fi 4 -> Skydio 2
3567,Skydio 2,2,4,9,Wi-Fi -> Wi-Fi 4 -> Skydio 2
3568,Skydio 2,2,4,9,Wi-Fi -> Wi-Fi 4 -> Skydio 2
3569,Skydio 2,2,4,9,Wi-Fi -> Wi-Fi 4 -> Skydio 2
3570,Skydio 2,2,4,9,Wi-Fi -> Wi-Fi 4 -> Skydio 2
3571,Skydio 2,2,4,9,Wi-Fi -> Wi-Fi 4 -> Skydio 2
3572,Skydio 2,2,4,9,Wi-Fi -> Wi-Fi 4 -> Skydio 2
3573,Skydio 2,2,4,9,Wi-Fi -> Wi-Fi 4 -> Skydio 2
3574,Skydio 2,2,4,9,Wi-Fi -> Wi-Fi 4 -> Skydio 2
3575,Skydio 2,2,4,9,Wi-Fi -> Wi-Fi 4 -> Skydio 2
3576,Skydio 2,2,4,9,Wi-Fi -> Wi-Fi 4 -> Skydio 2
3577,Skydio 2,2,4,9,Wi-Fi -> Wi-Fi 4 -> Skydio 2
3578,Skydio 2,2,4,9,Wi-Fi -> Wi-Fi 4 -> Skydio 2
3579,Skydio 2,2,4,9,Wi-Fi -> Wi-Fi 4 -> Skydio 2
3580,Skydio 2,2,4,9,Wi-Fi -> Wi-Fi 4 -> Skydio 2
3581,Skydio 2,2,4,9,Wi-Fi -> Wi-Fi 4 -> Skydio 2
3582,Skydio 2,2,4,9,Wi-Fi -> Wi-Fi 4 -> Skydio 2
3583,Skydio 2,2,4,9,Wi-Fi -> Wi-Fi 4 -> Skydio 2
3584,Skydio 2,2,4,9,Wi-Fi -> Wi-Fi 4 -> Skydio 2
3585,Skydio 2,2,4,9,Wi-Fi -> Wi-Fi 4 -> Skydio 2
3586,Skydio 2,2,4,9,Wi-Fi -> Wi-Fi 4 -> Skydio 2
3587,Skydio 2,2,4,9,Wi-Fi -> Wi-Fi 4 -> Skydio 2
3588,Skydio 2,2,4,9,Wi-Fi -> Wi-Fi 4 -> Skydio 2
3589,Skydio 2,2,4,9,Wi-Fi -> Wi-Fi 4 -> Skydio 2
3590,Skydio 2,2,4,9,Wi-Fi -> Wi-Fi 4 -> Skydio 2
3591,Skydio 2,2,4,9,Wi-Fi -> Wi-Fi 4 -> Skydio 2
3592,Skydio 2,2,4,9,Wi-Fi -> Wi-Fi 4 -> Skydio 2
3593,Skydio 2,2,4,9,Wi-Fi -> Wi-Fi 4 -> Skydio 2
3594,Skydio 2,2,4,9,Wi-Fi -> Wi-Fi 4 -> Skydio 2
3595,Skydio 2,2,4,9,Wi-Fi -> Wi-Fi 4 -> Skydio 2
3596,Skydio 2,2,4,9,Wi-Fi -> Wi-Fi 4 -> Skydio 2
3597,Skydio 2,2,4,9,Wi-Fi -> Wi-Fi 4 -> Skydio 2
3598,Skydio 2,2,4,9,Wi-Fi -> Wi-Fi 4 -> Skydio 2
3599,Skydio 2,2,4,9,Wi-Fi -> Wi-Fi 4 -> Skydio 2
3600,Skydio 2,2,4,9,Wi-Fi -> Wi-Fi 4 -> Skydio 2
3601,Skydio 2,2,4,9,Wi-Fi -> Wi-Fi 4 -> Skydio 2
3602,Skydio 2,2,4,9,Wi-Fi -> Wi-Fi 4 -> Skydio 2
3603,Skydio 2,2,4,9,Wi-Fi -> Wi-Fi 4 -> Skydio 2
3604,Skydio 2,2,4,9,Wi-Fi -> Wi-Fi 4 -> Skydio 2
3605,Skydio 2,2,4,9,Wi-Fi -> Wi-Fi 4 -> Skydio 2
3606,Skydio 2,2,4,9,Wi-Fi -> Wi-Fi 4 -> Skydio 2
3607,Skydio 2,2,4,9,Wi-Fi -> Wi-Fi 4 -> Skydio 2
3608,Skydio 2,2,4,9,Wi-Fi -> Wi-Fi 4 -> Skydio 2
3609,Skydio 2,2,4,9,Wi-Fi -> Wi-Fi 4 -> Skydio 2
3610,Skydio 2,2,4,9,Wi-Fi -> Wi-Fi 4 -> Skydio 2
3611,Skydio 2,2,4,9,Wi-Fi -> Wi-Fi 4 -> Skydio 2
3612,Skydio 2,2,4,9,Wi-Fi -> Wi-Fi 4 -> Skydio 2
3613,Skydio 2,2,4,9,Wi-Fi -> Wi-Fi 4 -> Skydio 2
3614,Skydio 2,2,4,9,Wi-Fi -> Wi-Fi 4 -> Skydio 2
3615,Skydio 2,2,4,9,Wi-Fi -> Wi-Fi 4 -> Skydio 2
3616,Skydio 2,2,4,9,Wi-Fi -> Wi-Fi 4 -> Skydio 2
3617,Skydio 2,2,4,9,Wi-Fi -> Wi-Fi 4 -> Skydio 2
3618,Skydio 2,2,4,9,Wi-Fi -> Wi-Fi 4 -> Skydio 2
3619,Skydio 2,2,4,9,Wi-Fi -> Wi-Fi 4 -> Skydio 2
3620,Skydio 2,2,4,9,Wi-Fi -> Wi-Fi 4 -> Skydio 2
3621,Skydio 2,2,4,9,Wi-Fi -> Wi-Fi 4 -> Skydio 2
3622,Skydio 2,2,4,9,Wi-Fi -> Wi-Fi 4 -> Skydio 2
3623,Skydio 2,2,4,9,Wi-Fi -> Wi-Fi 4 -> Skydio 2
3624,Skydio 2,2,4,9,Wi-Fi -> Wi-Fi 4 -> Skydio 2
3625,Skydio 2,2,4,9,Wi-Fi -> Wi-Fi 4 -> Skydio 2
3626,Skydio 2,2,4,9,Wi-Fi -> Wi-Fi 4 -> Skydio 2
3627,Skydio 2,2,4,9,Wi-Fi -> Wi-Fi 4 -> Skydio 2
3628,Skydio 2,2,4,9,Wi-Fi -> Wi-Fi 4 -> Skydio 2
3629,Skydio 2,2,4,9,Wi-Fi -> Wi-Fi 4 -> Skydio 2
3630,Skydio 2,2,4,9,Wi-Fi -> Wi-Fi 4 -> Skydio 2
3631,Skydio 2,2,4,9,Wi-Fi -> Wi-Fi 4 -> Skydio 2
3632,Skydio 2,2,4,9,Wi-Fi -> Wi-Fi 4 -> Skydio 2
3633,Skydio 2,2,4,9,Wi-Fi -> Wi-Fi 4 -> Skydio 2
3634,Skydio 2,2,4,9,Wi-Fi -> Wi-Fi 4 -> Skydio 2
3635,Skydio 2,2,4,9,Wi-Fi -> Wi-Fi 4 -> Skydio 2
3636,Skydio 2,2,4,9,Wi-Fi -> Wi-Fi 4 -> Skydio 2
3637,Skydio 2,2,4,9,Wi-Fi -> Wi-Fi 4 -> Skydio 2
3638,Skydio 2,2,4,9,Wi-Fi -> Wi-Fi 4 -> Skydio 2
3639,Skydio 2,2,4,9,Wi-Fi -> Wi-Fi 4 -> Skydio 2
3640,Skydio 2,2,4,9,Wi-Fi -> Wi-Fi 4 -> Skydio 2
3641,Skydio 2,2,4,9,Wi-Fi -> Wi-Fi 4 -> Skydio 2
3642,Skydio 2,2,4,9,Wi-Fi -> Wi-Fi 4 -> Skydio 2
3643,Skydio 2,2,4,9,Wi-Fi -> Wi-Fi 4 -> Skydio 2
3644,Skydio 2,2,4,9,Wi-Fi -> Wi-Fi 4 -> Skydio 2
3645,Skydio 2,2,4,9,Wi-Fi -> Wi-Fi 4 -> Skydio 2
3646,Skydio 2,2,4,9,Wi-Fi -> Wi-Fi 4 -> Skydio 2
3647,Skydio 2,2,4,9,Wi-Fi -> Wi-Fi 4 -> Skydio 2
3648,Skydio 2,2,4,9,Wi-Fi -> Wi-Fi 4 -> Skydio 2
3649,Skydio 2,2,4,9,Wi-Fi -> Wi-Fi 4 -> Skydio 2
3650,Skydio 2,2,4,9,Wi-Fi -> Wi-Fi 4 -> Skydio 2
3651,Skydio 2,2,4,9,Wi-Fi -> Wi-Fi 4 -> Skydio 2
3652,Skydio 2,2,4,9,Wi-Fi -> Wi-Fi 4 -> Skydio 2
3653,Skydio 2,2,4,9,Wi-Fi -> Wi-Fi 4 -> Skydio 2
3654,Skydio 2,2,4,9,Wi-Fi -> Wi-Fi 4 -> Skydio 2
3655,Skydio 2,2,4,9,Wi-Fi -> Wi-Fi 4 -> Skydio 2
3656,Skydio 2,2,4,9,Wi-Fi -> Wi-Fi 4 -> Skydio 2
3657,Skydio 2,2,4,9,Wi-Fi -> Wi-Fi 4 -> Skydio 2
3658,Skydio 2,2,4,9,Wi-Fi -> Wi-Fi 4 -> Skydio 2
3659,Skydio 2,2,4,9,Wi-Fi -> Wi-Fi 4 -> Skydio 2
3660,Skydio 2,2,4,9,Wi-Fi -> Wi-Fi 4 -> Skydio 2
3661,Skydio 2,2,4,9,Wi-Fi -> Wi-Fi 4 -> Skydio 2
3662,Skydio 2,2,4,9,Wi-Fi -> Wi-Fi 4 -> Skydio 2
3663,Skydio 2,2,4,9,Wi-Fi -> Wi-Fi 4 -> Skydio 2
3664,Skydio 2,2,4,9,Wi-Fi -> Wi-Fi 4 -> Skydio 2
3665,Skydio 2,2,4,9,Wi-Fi -> Wi-Fi 4 -> Skydio 2
3666,Skydio 2,2,4,9,Wi-Fi -> Wi-Fi 4 -> Skydio 2
3667,Skydio 2,2,4,9,Wi-Fi -> Wi-Fi 4 -> Skydio 2
3668,Skydio 2,2,4,9,Wi-Fi -> Wi-Fi 4 -> Skydio 2
3669,Skydio 2,2,4,9,Wi-Fi -> Wi-Fi 4 -> Skydio 2
3670,Skydio 2,2,4,9,Wi-Fi -> Wi-Fi 4 -> Skydio 2
3671,Skydio 2,2,4,9,Wi-Fi -> Wi-Fi 4 -> Skydio 2
3672,Skydio 2,2,4,9,Wi-Fi -> Wi-Fi 4 -> Skydio 2
3673,Skydio 2,2,4,9,Wi-Fi -> Wi-Fi 4 -> Skydio 2
3674,Skydio 2,2,4,9,Wi-Fi -> Wi-Fi 4 -> Skydio 2
3675,Skydio 2,2,4,9,Wi-Fi -> Wi-Fi 4 -> Skydio 2
3676,Skydio 2,2,4,9,Wi-Fi -> Wi-Fi 4 -> Skydio 2
3677,Skydio 2,2,4,9,Wi-Fi -> Wi-Fi 4 -> Skydio 2
3678,Skydio 2,2,4,9,Wi-Fi -> Wi-Fi 4 -> Skydio 2
3679,Skydio 2,2,4,9,Wi-Fi -> Wi-Fi 4 -> Skydio 2
3680,Skydio 2,2,4,9,Wi-Fi -> Wi-Fi 4 -> Skydio 2
3681,Skydio 2,2,4,9,Wi-Fi -> Wi-Fi 4 -> Skydio 2
3682,Skydio 2,2,4,9,Wi-Fi -> Wi-Fi 4 -> Skydio 2
3683,Skydio 2,2,4,9,Wi-Fi -> Wi-Fi 4 -> Skydio 2
3684,Skydio 2,2,4,9,Wi-Fi -> Wi-Fi 4 -> Skydio 2
3685,Skydio 2,2,4,9,Wi-Fi -> Wi-Fi 4 -> Skydio 2
3686,Skydio 2,2,4,9,Wi-Fi -> Wi-Fi 4 -> Skydio 2
3687,Skydio 2,2,4,9,Wi-Fi -> Wi-Fi 4 -> Skydio 2
3688,Skydio 2,2,4,9,Wi-Fi -> Wi-Fi 4 -> Skydio 2
3689,Skydio 2,2,4,9,Wi-Fi -> Wi-Fi 4 -> Skydio 2
3690,Skydio 2,2,4,9,Wi-Fi -> Wi-Fi 4 -> Skydio 2
3691,Skydio 2,2,4,9,Wi-Fi -> Wi-Fi 4 -> Skydio 2
3692,Skydio 2,2,4,9,Wi-Fi -> Wi-Fi 4 -> Skydio 2
3693,Skydio 2,2,4,9,Wi-Fi -> Wi-Fi 4 -> Skydio 2
3694,Skydio 2,2,4,9,Wi-Fi -> Wi-Fi 4 -> Skydio 2
3695,Skydio 2,2,4,9,Wi-Fi -> Wi-Fi 4 -> Skydio 2
3696,Skydio 2,2,4,9,Wi-Fi -> Wi-Fi 4 -> Skydio 2
3697,Skydio 2,2,4,9,Wi-Fi -> Wi-Fi 4 -> Skydio 2
3698,Skydio 2,2,4,9,Wi-Fi -> Wi-Fi 4 -> Skydio 2
3699,Skydio 2,2,4,9,Wi-Fi -> Wi-Fi 4 -> Skydio 2
3700,Skydio 2,2,4,9,Wi-Fi -> Wi-Fi 4 -> Skydio 2
3701,Skydio 2,2,4,9,Wi-Fi -> Wi-Fi 4 -> Skydio 2
3702,Skydio 2,2,4,9,Wi-Fi -> Wi-Fi 4 -> Skydio 2
3703,Skydio 2,2,4,9,Wi-Fi -> Wi-Fi 4 -> Skydio 2
3704,Skydio 2,2,4,9,Wi-Fi -> Wi-Fi 4 -> Skydio 2
3705,Skydio 2,2,4,9,Wi-Fi -> Wi-Fi 4 -> Skydio 2
3706,Skydio 2,2,4,9,Wi-Fi -> Wi-Fi 4 -> Skydio 2
3707,Skydio 2,2,4,9,Wi-Fi -> Wi-Fi 4 -> Skydio 2
3708,Skydio 2,2,4,9,Wi-Fi -> Wi-Fi 4 -> Skydio 2
3709,Skydio 2,2,4,9,Wi-Fi -> Wi-Fi 4 -> Skydio 2
3710,Skydio 2,2,4,9,Wi-Fi -> Wi-Fi 4 -> Skydio 2
3711,Skydio 2,2,4,9,Wi-Fi -> Wi-Fi 4 -> Skydio 2
3712,Skydio 2,2,4,9,Wi-Fi -> Wi-Fi 4 -> Skydio 2
3713,Skydio 2,2,4,9,Wi-Fi -> Wi-Fi 4 -> Skydio 2
3714,Skydio 2,2,4,9,Wi-Fi -> Wi-Fi 4 -> Skydio 2
3715,Skydio 2,2,4,9,Wi-Fi -> Wi-Fi 4 -> Skydio 2
3716,Skydio 2,2,4,9,Wi-Fi -> Wi-Fi 4 -> Skydio 2
3717,Skydio 2,2,4,9,Wi-Fi -> Wi-Fi 4 -> Skydio 2
3718,Skydio 2,2,4,9,Wi-Fi -> Wi-Fi 4 -> Skydio 2
3719,Skydio 2,2,4,9,Wi-Fi -> Wi-Fi 4 -> Skydio 2
3720,Skydio 2,2,4,9,Wi-Fi -> Wi-Fi 4 -> Skydio 2
3721,Skydio 2,2,4,9,Wi-Fi -> Wi-Fi 4 -> Skydio 2
3722,Skydio 2,2,4,9,Wi-Fi -> Wi-Fi 4 -> Skydio 2
3723,Skydio 2,2,4,9,Wi-Fi -> Wi-Fi 4 -> Skydio 2
3724,Skydio 2,2,4,9,Wi-Fi -> Wi-Fi 4 -> Skydio 2
3725,Skydio 2,2,4,9,Wi-Fi -> Wi-Fi 4 -> Skydio 2
3726,Skydio 2,2,4,9,Wi-Fi -> Wi-Fi 4 -> Skydio 2
3727,Skydio 2,2,4,9,Wi-Fi -> Wi-Fi 4 -> Skydio 2
3728,Skydio 2,2,4,9,Wi-Fi -> Wi-Fi 4 -> Skydio 2
3729,Skydio 2,2,4,9,Wi-Fi -> Wi-Fi 4 -> Skydio 2
3730,Skydio 2,2,4,9,Wi-Fi -> Wi-Fi 4 -> Skydio 2
3731,Skydio 2,2,4,9,Wi-Fi -> Wi-Fi 4 -> Skydio 2
3732,Skydio 2,2,4,9,Wi-Fi -> Wi-Fi 4 -> Skydio 2
3733,Skydio 2,2,4,9,Wi-Fi -> Wi-Fi 4 -> Skydio 2
3734,Skydio 2,2,4,9,Wi-Fi -> Wi-Fi 4 -> Skydio 2
3735,Skydio 2,2,4,9,Wi-Fi -> Wi-Fi 4 -> Skydio 2
3736,Skydio 2,2,4,9,Wi-Fi -> Wi-Fi 4 -> Skydio 2
3737,Skydio 2,2,4,9,Wi-Fi -> Wi-Fi 4 -> Skydio 2
3738,Skydio 2,2,4,9,Wi-Fi -> Wi-Fi 4 -> Skydio 2
3739,Skydio 2,2,4,9,Wi-Fi -> Wi-Fi 4 -> Skydio 2
3740,Skydio 2,2,4,9,Wi-Fi -> Wi-Fi 4 -> Skydio 2
3741,Skydio 2,2,4,9,Wi-Fi -> Wi-Fi 4 -> Skydio 2
3742,Skydio 2,2,4,9,Wi-Fi -> Wi-Fi 4 -> Skydio 2
3743,Skydio 2,2,4,9,Wi-Fi -> Wi-Fi 4 -> Skydio 2
3744,Skydio 2,2,4,9,Wi-Fi -> Wi-Fi 4 -> Skydio 2
3745,Skydio 2,2,4,9,Wi-Fi -> Wi-Fi 4 -> Skydio 2
3746,Skydio 2,2,4,9,Wi-Fi -> Wi-Fi 4 -> Skydio 2
3747,Skydio 2,2,4,9,Wi-Fi -> Wi-Fi 4 -> Skydio 2
3748,Yuneec Q500-HD,2,4,4,Wi-Fi -> Wi-Fi 4 -> Yuneec Q500-HD
3749,Yuneec Q500-HD,2,4,4,Wi-Fi -> Wi-Fi 4 -> Yuneec Q500-HD
3750,Yuneec Q500-HD,2,4,4,Wi-Fi -> Wi-Fi 4 -> Yuneec Q500-HD
3751,Yuneec Q500-HD,2,4,4,Wi-Fi -> Wi-Fi 4 -> Yuneec Q500-HD
3752,Yuneec Q500-HD,2,4,4,Wi-Fi -> Wi-Fi 4 -> Yuneec Q500-HD
3753,Yuneec Q500-HD,2,4,4,Wi-Fi -> Wi-Fi 4 -> Yuneec Q500-HD
3754,Yuneec Q500-HD,2,4,4,Wi-Fi -> Wi-Fi 4 -> Yuneec Q500-HD
3755,Yuneec Q500-HD,2,4,4,Wi-Fi -> Wi-Fi 4 -> Yuneec Q500-HD
3756,Yuneec Q500-HD,2,4,4,Wi-Fi -> Wi-Fi 4 -> Yuneec Q500-HD
3757,Yuneec Q500-HD,2,4,4,Wi-Fi -> Wi-Fi 4 -> Yuneec Q500-HD
3758,Yuneec Q500-HD,2,4,4,Wi-Fi -> Wi-Fi 4 -> Yuneec Q500-HD
3759,Yuneec Q500-HD,2,4,4,Wi-Fi -> Wi-Fi 4 -> Yuneec Q500-HD
3760,Yuneec Q500-HD,2,4,4,Wi-Fi -> Wi-Fi 4 -> Yuneec Q500-HD
3761,Yuneec Q500-HD,2,4,4,Wi-Fi -> Wi-Fi 4 -> Yuneec Q500-HD
3762,Yuneec Q500-HD,2,4,4,Wi-Fi -> Wi-Fi 4 -> Yuneec Q500-HD
3763,Yuneec Q500-HD,2,4,4,Wi-Fi -> Wi-Fi 4 -> Yuneec Q500-HD
3764,Yuneec Q500-HD,2,4,4,Wi-Fi -> Wi-Fi 4 -> Yuneec Q500-HD
3765,Yuneec Q500-HD,2,4,4,Wi-Fi -> Wi-Fi 4 -> Yuneec Q500-HD
3766,Yuneec Q500-HD,2,4,4,Wi-Fi -> Wi-Fi 4 -> Yuneec Q500-HD
3767,Yuneec Q500-HD,2,4,4,Wi-Fi -> Wi-Fi 4 -> Yuneec Q500-HD
3768,Yuneec Q500-HD,2,4,4,Wi-Fi -> Wi-Fi 4 -> Yuneec Q500-HD
3769,Yuneec Q500-HD,2,4,4,Wi-Fi -> Wi-Fi 4 -> Yuneec Q500-HD
3770,Yuneec Q500-HD,2,4,4,Wi-Fi -> Wi-Fi 4 -> Yuneec Q500-HD
3771,Yuneec Q500-HD,2,4,4,Wi-Fi -> Wi-Fi 4 -> Yuneec Q500-HD
3772,Yuneec Q500-HD,2,4,4,Wi-Fi -> Wi-Fi 4 -> Yuneec Q500-HD
3773,Yuneec Q500-HD,2,4,4,Wi-Fi -> Wi-Fi 4 -> Yuneec Q500-HD
3774,Yuneec Q500-HD,2,4,4,Wi-Fi -> Wi-Fi 4 -> Yuneec Q500-HD
3775,Yuneec Q500-HD,2,4,4,Wi-Fi -> Wi-Fi 4 -> Yuneec Q500-HD
3776,Yuneec Q500-HD,2,4,4,Wi-Fi -> Wi-Fi 4 -> Yuneec Q500-HD
3777,Yuneec Q500-HD,2,4,4,Wi-Fi -> Wi-Fi 4 -> Yuneec Q500-HD
3778,Yuneec Q500-HD,2,4,4,Wi-Fi -> Wi-Fi 4 -> Yuneec Q500-HD
3779,Yuneec Q500-HD,2,4,4,Wi-Fi -> Wi-Fi 4 -> Yuneec Q500-HD
3780,Yuneec Q500-HD,2,4,4,Wi-Fi -> Wi-Fi 4 -> Yuneec Q500-HD
3781,Yuneec Q500-HD,2,4,4,Wi-Fi -> Wi-Fi 4 -> Yuneec Q500-HD
3782,Yuneec Q500-HD,2,4,4,Wi-Fi -> Wi-Fi 4 -> Yuneec Q500-HD
3783,Yuneec Q500-HD,2,4,4,Wi-Fi -> Wi-Fi 4 -> Yuneec Q500-HD
3784,Yuneec Q500-HD,2,4,4,Wi-Fi -> Wi-Fi 4 -> Yuneec Q500-HD
3785,Yuneec Q500-HD,2,4,4,Wi-Fi -> Wi-Fi 4 -> Yuneec Q500-HD
3786,Yuneec Q500-HD,2,4,4,Wi-Fi -> Wi-Fi 4 -> Yuneec Q500-HD
3787,Yuneec Q500-HD,2,4,4,Wi-Fi -> Wi-Fi 4 -> Yuneec Q500-HD
3788,Yuneec Q500-HD,2,4,4,Wi-Fi -> Wi-Fi 4 -> Yuneec Q500-HD
3789,Yuneec Q500-HD,2,4,4,Wi-Fi -> Wi-Fi 4 -> Yuneec Q500-HD
3790,Yuneec Q500-HD,2,4,4,Wi-Fi -> Wi-Fi 4 -> Yuneec Q500-HD
3791,Yuneec Q500-HD,2,4,4,Wi-Fi -> Wi-Fi 4 -> Yuneec Q500-HD
3792,Yuneec Q500-HD,2,4,4,Wi-Fi -> Wi-Fi 4 -> Yuneec Q500-HD
3793,Yuneec Q500-HD,2,4,4,Wi-Fi -> Wi-Fi 4 -> Yuneec Q500-HD
3794,Yuneec Q500-HD,2,4,4,Wi-Fi -> Wi-Fi 4 -> Yuneec Q500-HD
3795,Yuneec Q500-HD,2,4,4,Wi-Fi -> Wi-Fi 4 -> Yuneec Q500-HD
3796,Yuneec Q500-HD,2,4,4,Wi-Fi -> Wi-Fi 4 -> Yuneec Q500-HD
3797,Yuneec Q500-HD,2,4,4,Wi-Fi -> Wi-Fi 4 -> Yuneec Q500-HD
3798,Yuneec Q500-HD,2,4,4,Wi-Fi -> Wi-Fi 4 -> Yuneec Q500-HD
3799,Yuneec Q500-HD,2,4,4,Wi-Fi -> Wi-Fi 4 -> Yuneec Q500-HD
3800,Yuneec Q500-HD,2,4,4,Wi-Fi -> Wi-Fi 4 -> Yuneec Q500-HD
3801,Yuneec Q500-HD,2,4,4,Wi-Fi -> Wi-Fi 4 -> Yuneec Q500-HD
3802,Yuneec Q500-HD,2,4,4,Wi-Fi -> Wi-Fi 4 -> Yuneec Q500-HD
3803,Yuneec Q500-HD,2,4,4,Wi-Fi -> Wi-Fi 4 -> Yuneec Q500-HD
3804,Yuneec Q500-HD,2,4,4,Wi-Fi -> Wi-Fi 4 -> Yuneec Q500-HD
3805,Yuneec Q500-HD,2,4,4,Wi-Fi -> Wi-Fi 4 -> Yuneec Q500-HD
3806,Yuneec Q500-HD,2,4,4,Wi-Fi -> Wi-Fi 4 -> Yuneec Q500-HD
3807,Yuneec Q500-HD,2,4,4,Wi-Fi -> Wi-Fi 4 -> Yuneec Q500-HD
3808,Yuneec Q500-HD,2,4,4,Wi-Fi -> Wi-Fi 4 -> Yuneec Q500-HD
3809,Yuneec Q500-HD,2,4,4,Wi-Fi -> Wi-Fi 4 -> Yuneec Q500-HD
3810,Yuneec Q500-HD,2,4,4,Wi-Fi -> Wi-Fi 4 -> Yuneec Q500-HD
3811,Yuneec Q500-HD,2,4,4,Wi-Fi -> Wi-Fi 4 -> Yuneec Q500-HD
3812,Yuneec Q500-HD,2,4,4,Wi-Fi -> Wi-Fi 4 -> Yuneec Q500-HD
3813,Yuneec Q500-HD,2,4,4,Wi-Fi -> Wi-Fi 4 -> Yuneec Q500-HD
3814,Yuneec Q500-HD,2,4,4,Wi-Fi -> Wi-Fi 4 -> Yuneec Q500-HD
3815,Yuneec Q500-HD,2,4,4,Wi-Fi -> Wi-Fi 4 -> Yuneec Q500-HD
3816,Yuneec Q500-HD,2,4,4,Wi-Fi -> Wi-Fi 4 -> Yuneec Q500-HD
3817,Yuneec Q500-HD,2,4,4,Wi-Fi -> Wi-Fi 4 -> Yuneec Q500-HD
3818,Yuneec Q500-HD,2,4,4,Wi-Fi -> Wi-Fi 4 -> Yuneec Q500-HD
3819,Yuneec Q500-HD,2,4,4,Wi-Fi -> Wi-Fi 4 -> Yuneec Q500-HD
3820,Yuneec Q500-HD,2,4,4,Wi-Fi -> Wi-Fi 4 -> Yuneec Q500-HD
3821,Yuneec Q500-HD,2,4,4,Wi-Fi -> Wi-Fi 4 -> Yuneec Q500-HD
3822,Yuneec Q500-HD,2,4,4,Wi-Fi -> Wi-Fi 4 -> Yuneec Q500-HD
3823,Yuneec Q500-HD,2,4,4,Wi-Fi -> Wi-Fi 4 -> Yuneec Q500-HD
3824,Yuneec Q500-HD,2,4,4,Wi-Fi -> Wi-Fi 4 -> Yuneec Q500-HD
3825,Yuneec Q500-HD,2,4,4,Wi-Fi -> Wi-Fi 4 -> Yuneec Q500-HD
3826,Yuneec Q500-HD,2,4,4,Wi-Fi -> Wi-Fi 4 -> Yuneec Q500-HD
3827,Yuneec Q500-HD,2,4,4,Wi-Fi -> Wi-Fi 4 -> Yuneec Q500-HD
3828,Yuneec Q500-HD,2,4,4,Wi-Fi -> Wi-Fi 4 -> Yuneec Q500-HD
3829,Yuneec Q500-HD,2,4,4,Wi-Fi -> Wi-Fi 4 -> Yuneec Q500-HD
3830,Yuneec Q500-HD,2,4,4,Wi-Fi -> Wi-Fi 4 -> Yuneec Q500-HD
3831,Yuneec Q500-HD,2,4,4,Wi-Fi -> Wi-Fi 4 -> Yuneec Q500-HD
3832,Yuneec Q500-HD,2,4,4,Wi-Fi -> Wi-Fi 4 -> Yuneec Q500-HD
3833,Yuneec Q500-HD,2,4,4,Wi-Fi -> Wi-Fi 4 -> Yuneec Q500-HD
3834,Yuneec Q500-HD,2,4,4,Wi-Fi -> Wi-Fi 4 -> Yuneec Q500-HD
3835,Yuneec Q500-HD,2,4,4,Wi-Fi -> Wi-Fi 4 -> Yuneec Q500-HD
3836,Yuneec Q500-HD,2,4,4,Wi-Fi -> Wi-Fi 4 -> Yuneec Q500-HD
3837,Yuneec Q500-HD,2,4,4,Wi-Fi -> Wi-Fi 4 -> Yuneec Q500-HD
3838,Yuneec Q500-HD,2,4,4,Wi-Fi -> Wi-Fi 4 -> Yuneec Q500-HD
3839,Yuneec Q500-HD,2,4,4,Wi-Fi -> Wi-Fi 4 -> Yuneec Q500-HD
3840,Yuneec Q500-HD,2,4,4,Wi-Fi -> Wi-Fi 4 -> Yuneec Q500-HD
3841,Yuneec Q500-HD,2,4,4,Wi-Fi -> Wi-Fi 4 -> Yuneec Q500-HD
3842,Yuneec Q500-HD,2,4,4,Wi-Fi -> Wi-Fi 4 -> Yuneec Q500-HD
3843,Yuneec Q500-HD,2,4,4,Wi-Fi -> Wi-Fi 4 -> Yuneec Q500-HD
3844,Yuneec Q500-HD,2,4,4,Wi-Fi -> Wi-Fi 4 -> Yuneec Q500-HD
3845,Yuneec Q500-HD,2,4,4,Wi-Fi -> Wi-Fi 4 -> Yuneec Q500-HD
3846,Yuneec Q500-HD,2,4,4,Wi-Fi -> Wi-Fi 4 -> Yuneec Q500-HD
3847,Yuneec Q500-HD,2,4,4,Wi-Fi -> Wi-Fi 4 -> Yuneec Q500-HD
3848,Yuneec Q500-HD,2,4,4,Wi-Fi -> Wi-Fi 4 -> Yuneec Q500-HD
3849,Yuneec Q500-HD,2,4,4,Wi-Fi -> Wi-Fi 4 -> Yuneec Q500-HD
3850,Yuneec Q500-HD,2,4,4,Wi-Fi -> Wi-Fi 4 -> Yuneec Q500-HD
3851,Yuneec Q500-HD,2,4,4,Wi-Fi -> Wi-Fi 4 -> Yuneec Q500-HD
3852,Yuneec Q500-HD,2,4,4,Wi-Fi -> Wi-Fi 4 -> Yuneec Q500-HD
3853,Yuneec Q500-HD,2,4,4,Wi-Fi -> Wi-Fi 4 -> Yuneec Q500-HD
3854,Yuneec Q500-HD,2,4,4,Wi-Fi -> Wi-Fi 4 -> Yuneec Q500-HD
3855,Yuneec Q500-HD,2,4,4,Wi-Fi -> Wi-Fi 4 -> Yuneec Q500-HD
3856,Yuneec Q500-HD,2,4,4,Wi-Fi -> Wi-Fi 4 -> Yuneec Q500-HD
3857,Yuneec Q500-HD,2,4,4,Wi-Fi -> Wi-Fi 4 -> Yuneec Q500-HD
3858,Yuneec Q500-HD,2,4,4,Wi-Fi -> Wi-Fi 4 -> Yuneec Q500-HD
3859,Yuneec Q500-HD,2,4,4,Wi-Fi -> Wi-Fi 4 -> Yuneec Q500-HD
3860,Yuneec Q500-HD,2,4,4,Wi-Fi -> Wi-Fi 4 -> Yuneec Q500-HD
3861,Yuneec Q500-HD,2,4,4,Wi-Fi -> Wi-Fi 4 -> Yuneec Q500-HD
3862,Yuneec Q500-HD,2,4,4,Wi-Fi -> Wi-Fi 4 -> Yuneec Q500-HD
3863,Yuneec Q500-HD,2,4,4,Wi-Fi -> Wi-Fi 4 -> Yuneec Q500-HD
3864,Yuneec Q500-HD,2,4,4,Wi-Fi -> Wi-Fi 4 -> Yuneec Q500-HD
3865,Yuneec Q500-HD,2,4,4,Wi-Fi -> Wi-Fi 4 -> Yuneec Q500-HD
3866,Yuneec Q500-HD,2,4,4,Wi-Fi -> Wi-Fi 4 -> Yuneec Q500-HD
3867,Yuneec Q500-HD,2,4,4,Wi-Fi -> Wi-Fi 4 -> Yuneec Q500-HD
3868,Yuneec Q500-HD,2,4,4,Wi-Fi -> Wi-Fi 4 -> Yuneec Q500-HD
3869,Yuneec Q500-HD,2,4,4,Wi-Fi -> Wi-Fi 4 -> Yuneec Q500-HD
3870,Yuneec Q500-HD,2,4,4,Wi-Fi -> Wi-Fi 4 -> Yuneec Q500-HD
3871,Yuneec Q500-HD,2,4,4,Wi-Fi -> Wi-Fi 4 -> Yuneec Q500-HD
3872,Yuneec Q500-HD,2,4,4,Wi-Fi -> Wi-Fi 4 -> Yuneec Q500-HD
3873,Yuneec Q500-HD,2,4,4,Wi-Fi -> Wi-Fi 4 -> Yuneec Q500-HD
3874,Yuneec Q500-HD,2,4,4,Wi-Fi -> Wi-Fi 4 -> Yuneec Q500-HD
3875,Yuneec Q500-HD,2,4,4,Wi-Fi -> Wi-Fi 4 -> Yuneec Q500-HD
3876,Yuneec Q500-HD,2,4,4,Wi-Fi -> Wi-Fi 4 -> Yuneec Q500-HD
3877,Yuneec Q500-HD,2,4,4,Wi-Fi -> Wi-Fi 4 -> Yuneec Q500-HD
3878,Yuneec Q500-HD,2,4,4,Wi-Fi -> Wi-Fi 4 -> Yuneec Q500-HD
3879,Yuneec Q500-HD,2,4,4,Wi-Fi -> Wi-Fi 4 -> Yuneec Q500-HD
3880,Yuneec Q500-HD,2,4,4,Wi-Fi -> Wi-Fi 4 -> Yuneec Q500-HD
3881,Yuneec Q500-HD,2,4,4,Wi-Fi -> Wi-Fi 4 -> Yuneec Q500-HD
3882,Yuneec Q500-HD,2,4,4,Wi-Fi -> Wi-Fi 4 -> Yuneec Q500-HD
3883,Yuneec Q500-HD,2,4,4,Wi-Fi -> Wi-Fi 4 -> Yuneec Q500-HD
3884,Yuneec Q500-HD,2,4,4,Wi-Fi -> Wi-Fi 4 -> Yuneec Q500-HD
3885,Yuneec Q500-HD,2,4,4,Wi-Fi -> Wi-Fi 4 -> Yuneec Q500-HD
3886,Yuneec Q500-HD,2,4,4,Wi-Fi -> Wi-Fi 4 -> Yuneec Q500-HD
3887,Yuneec Q500-HD,2,4,4,Wi-Fi -> Wi-Fi 4 -> Yuneec Q500-HD
3888,Yuneec Q500-HD,2,4,4,Wi-Fi -> Wi-Fi 4 -> Yuneec Q500-HD
3889,Yuneec Q500-HD,2,4,4,Wi-Fi -> Wi-Fi 4 -> Yuneec Q500-HD
3890,Yuneec Q500-HD,2,4,4,Wi-Fi -> Wi-Fi 4 -> Yuneec Q500-HD
3891,Yuneec Q500-HD,2,4,4,Wi-Fi -> Wi-Fi 4 -> Yuneec Q500-HD
3892,Yuneec Q500-HD,2,4,4,Wi-Fi -> Wi-Fi 4 -> Yuneec Q500-HD
3893,Yuneec Q500-HD,2,4,4,Wi-Fi -> Wi-Fi 4 -> Yuneec Q500-HD
3894,Yuneec Q500-HD,2,4,4,Wi-Fi -> Wi-Fi 4 -> Yuneec Q500-HD
3895,Yuneec Q500-HD,2,4,4,Wi-Fi -> Wi-Fi 4 -> Yuneec Q500-HD
3896,Yuneec Q500-HD,2,4,4,Wi-Fi -> Wi-Fi 4 -> Yuneec Q500-HD
3897,Yuneec Q500-HD,2,4,4,Wi-Fi -> Wi-Fi 4 -> Yuneec Q500-HD
3898,Yuneec Q500-HD,2,4,4,Wi-Fi -> Wi-Fi 4 -> Yuneec Q500-HD
3899,Yuneec Q500-HD,2,4,4,Wi-Fi -> Wi-Fi 4 -> Yuneec Q500-HD
3900,Yuneec Q500-HD,2,4,4,Wi-Fi -> Wi-Fi 4 -> Yuneec Q500-HD
3901,Yuneec Q500-HD,2,4,4,Wi-Fi -> Wi-Fi 4 -> Yuneec Q500-HD
3902,Yuneec Q500-HD,2,4,4,Wi-Fi -> Wi-Fi 4 -> Yuneec Q500-HD
3903,Yuneec Q500-HD,2,4,4,Wi-Fi -> Wi-Fi 4 -> Yuneec Q500-HD
3904,Yuneec Q500-HD,2,4,4,Wi-Fi -> Wi-Fi 4 -> Yuneec Q500-HD
3905,Yuneec Q500-HD,2,4,4,Wi-Fi -> Wi-Fi 4 -> Yuneec Q500-HD
3906,Yuneec Q500-HD,2,4,4,Wi-Fi -> Wi-Fi 4 -> Yuneec Q500-HD
3907,Yuneec Q500-HD,2,4,4,Wi-Fi -> Wi-Fi 4 -> Yuneec Q500-HD
3908,Yuneec Q500-HD,2,4,4,Wi-Fi -> Wi-Fi 4 -> Yuneec Q500-HD
3909,Yuneec Q500-HD,2,4,4,Wi-Fi -> Wi-Fi 4 -> Yuneec Q500-HD
3910,Yuneec Q500-HD,2,4,4,Wi-Fi -> Wi-Fi 4 -> Yuneec Q500-HD
3911,Yuneec Q500-HD,2,4,4,Wi-Fi -> Wi-Fi 4 -> Yuneec Q500-HD
3912,Yuneec Q500-HD,2,4,4,Wi-Fi -> Wi-Fi 4 -> Yuneec Q500-HD
3913,Yuneec Q500-HD,2,4,4,Wi-Fi -> Wi-Fi 4 -> Yuneec Q500-HD
3914,Yuneec Q500-HD,2,4,4,Wi-Fi -> Wi-Fi 4 -> Yuneec Q500-HD
3915,Yuneec Q500-HD,2,4,4,Wi-Fi -> Wi-Fi 4 -> Yuneec Q500-HD
3916,Yuneec Q500-HD,2,4,4,Wi-Fi -> Wi-Fi 4 -> Yuneec Q500-HD
3917,Yuneec Q500-HD,2,4,4,Wi-Fi -> Wi-Fi 4 -> Yuneec Q500-HD
3918,Yuneec Q500-HD,2,4,4,Wi-Fi -> Wi-Fi 4 -> Yuneec Q500-HD
3919,Yuneec Q500-HD,2,4,4,Wi-Fi -> Wi-Fi 4 -> Yuneec Q500-HD
3920,Yuneec Q500-HD,2,4,4,Wi-Fi -> Wi-Fi 4 -> Yuneec Q500-HD
3921,Yuneec Q500-HD,2,4,4,Wi-Fi -> Wi-Fi 4 -> Yuneec Q500-HD
3922,Yuneec Q500-HD,2,4,4,Wi-Fi -> Wi-Fi 4 -> Yuneec Q500-HD
3923,Yuneec Q500-HD,2,4,4,Wi-Fi -> Wi-Fi 4 -> Yuneec Q500-HD
3924,Yuneec Q500-HD,2,4,4,Wi-Fi -> Wi-Fi 4 -> Yuneec Q500-HD
3925,Yuneec Q500-HD,2,4,4,Wi-Fi -> Wi-Fi 4 -> Yuneec Q500-HD
3926,Yuneec Q500-HD,2,4,4,Wi-Fi -> Wi-Fi 4 -> Yuneec Q500-HD
3927,Yuneec Q500-HD,2,4,4,Wi-Fi -> Wi-Fi 4 -> Yuneec Q500-HD
3928,Yuneec Q500-HD,2,4,4,Wi-Fi -> Wi-Fi 4 -> Yuneec Q500-HD
3929,Yuneec Q500-HD,2,4,4,Wi-Fi -> Wi-Fi 4 -> Yuneec Q500-HD
3930,Yuneec Q500-HD,2,4,4,Wi-Fi -> Wi-Fi 4 -> Yuneec Q500-HD
3931,Yuneec Q500-HD,2,4,4,Wi-Fi -> Wi-Fi 4 -> Yuneec Q500-HD
3932,Yuneec Q500-HD,2,4,4,Wi-Fi -> Wi-Fi 4 -> Yuneec Q500-HD
3933,Yuneec Q500-HD,2,4,4,Wi-Fi -> Wi-Fi 4 -> Yuneec Q500-HD
3934,Yuneec Q500-HD,2,4,4,Wi-Fi -> Wi-Fi 4 -> Yuneec Q500-HD
3935,Yuneec Q500-HD,2,4,4,Wi-Fi -> Wi-Fi 4 -> Yuneec Q500-HD
3936,Yuneec Q500-HD,2,4,4,Wi-Fi -> Wi-Fi 4 -> Yuneec Q500-HD
3937,Yuneec Q500-HD,2,4,4,Wi-Fi -> Wi-Fi 4 -> Yuneec Q500-HD
3938,Yuneec Q500-HD,2,4,4,Wi-Fi -> Wi-Fi 4 -> Yuneec Q500-HD
3939,Yuneec Q500-HD,2,4,4,Wi-Fi -> Wi-Fi 4 -> Yuneec Q500-HD
3940,Yuneec Q500-HD,2,4,4,Wi-Fi -> Wi-Fi 4 -> Yuneec Q500-HD
3941,Yuneec Q500-HD,2,4,4,Wi-Fi -> Wi-Fi 4 -> Yuneec Q500-HD
3942,Yuneec Q500-HD,2,4,4,Wi-Fi -> Wi-Fi 4 -> Yuneec Q500-HD
3943,Yuneec Q500-HD,2,4,4,Wi-Fi -> Wi-Fi 4 -> Yuneec Q500-HD
3944,Yuneec Q500-HD,2,4,4,Wi-Fi -> Wi-Fi 4 -> Yuneec Q500-HD
3945,Yuneec Q500-HD,2,4,4,Wi-Fi -> Wi-Fi 4 -> Yuneec Q500-HD
3946,Yuneec Q500-HD,2,4,4,Wi-Fi -> Wi-Fi 4 -> Yuneec Q500-HD
3947,Yuneec Q500-HD,2,4,4,Wi-Fi -> Wi-Fi 4 -> Yuneec Q500-HD
3948,Yuneec Q500-HD,2,4,4,Wi-Fi -> Wi-Fi 4 -> Yuneec Q500-HD
3949,Yuneec Q500-HD,2,4,4,Wi-Fi -> Wi-Fi 4 -> Yuneec Q500-HD
3950,Yuneec Q500-HD,2,4,4,Wi-Fi -> Wi-Fi 4 -> Yuneec Q500-HD
3951,Yuneec Q500-HD,2,4,4,Wi-Fi -> Wi-Fi 4 -> Yuneec Q500-HD
3952,Yuneec Q500-HD,2,4,4,Wi-Fi -> Wi-Fi 4 -> Yuneec Q500-HD
3953,Yuneec Q500-HD,2,4,4,Wi-Fi -> Wi-Fi 4 -> Yuneec Q500-HD
3954,Yuneec Q500-HD,2,4,4,Wi-Fi -> Wi-Fi 4 -> Yuneec Q500-HD
3955,Yuneec Q500-HD,2,4,4,Wi-Fi -> Wi-Fi 4 -> Yuneec Q500-HD
3956,Yuneec Q500-HD,2,4,4,Wi-Fi -> Wi-Fi 4 -> Yuneec Q500-HD
3957,Yuneec Q500-HD,2,4,4,Wi-Fi -> Wi-Fi 4 -> Yuneec Q500-HD
3958,Yuneec Q500-HD,2,4,4,Wi-Fi -> Wi-Fi 4 -> Yuneec Q500-HD
3959,Yuneec Q500-HD,2,4,4,Wi-Fi -> Wi-Fi 4 -> Yuneec Q500-HD
3960,Yuneec Q500-HD,2,4,4,Wi-Fi -> Wi-Fi 4 -> Yuneec Q500-HD
3961,Yuneec Q500-HD,2,4,4,Wi-Fi -> Wi-Fi 4 -> Yuneec Q500-HD
3962,Yuneec Q500-HD,2,4,4,Wi-Fi -> Wi-Fi 4 -> Yuneec Q500-HD
3963,Yuneec Q500-HD,2,4,4,Wi-Fi -> Wi-Fi 4 -> Yuneec Q500-HD
3964,Yuneec Q500-HD,2,4,4,Wi-Fi -> Wi-Fi 4 -> Yuneec Q500-HD
3965,Yuneec Q500-HD,2,4,4,Wi-Fi -> Wi-Fi 4 -> Yuneec Q500-HD
3966,Yuneec Q500-HD,2,4,4,Wi-Fi -> Wi-Fi 4 -> Yuneec Q500-HD
3967,Yuneec Q500-HD,2,4,4,Wi-Fi -> Wi-Fi 4 -> Yuneec Q500-HD
3968,Yuneec Q500-HD,2,4,4,Wi-Fi -> Wi-Fi 4 -> Yuneec Q500-HD
3969,Yuneec Q500-HD,2,4,4,Wi-Fi -> Wi-Fi 4 -> Yuneec Q500-HD
3970,Yuneec Q500-HD,2,4,4,Wi-Fi -> Wi-Fi 4 -> Yuneec Q500-HD
3971,Yuneec Q500-HD,2,4,4,Wi-Fi -> Wi-Fi 4 -> Yuneec Q500-HD
3972,Yuneec Q500-HD,2,4,4,Wi-Fi -> Wi-Fi 4 -> Yuneec Q500-HD
3973,Yuneec Q500-HD,2,4,4,Wi-Fi -> Wi-Fi 4 -> Yuneec Q500-HD
3974,Yuneec Q500-HD,2,4,4,Wi-Fi -> Wi-Fi 4 -> Yuneec Q500-HD
3975,Yuneec Q500-HD,2,4,4,Wi-Fi -> Wi-Fi 4 -> Yuneec Q500-HD
3976,Yuneec Q500-HD,2,4,4,Wi-Fi -> Wi-Fi 4 -> Yuneec Q500-HD
3977,Yuneec Q500-HD,2,4,4,Wi-Fi -> Wi-Fi 4 -> Yuneec Q500-HD
3978,Yuneec Q500-HD,2,4,4,Wi-Fi -> Wi-Fi 4 -> Yuneec Q500-HD
3979,Yuneec Q500-HD,2,4,4,Wi-Fi -> Wi-Fi 4 -> Yuneec Q500-HD
3980,Yuneec Q500-HD,2,4,4,Wi-Fi -> Wi-Fi 4 -> Yuneec Q500-HD
3981,Yuneec Q500-HD,2,4,4,Wi-Fi -> Wi-Fi 4 -> Yuneec Q500-HD
3982,Yuneec Q500-HD,2,4,4,Wi-Fi -> Wi-Fi 4 -> Yuneec Q500-HD
3983,Yuneec Q500-HD,2,4,4,Wi-Fi -> Wi-Fi 4 -> Yuneec Q500-HD
3984,Yuneec Q500-HD,2,4,4,Wi-Fi -> Wi-Fi 4 -> Yuneec Q500-HD
3985,Yuneec Q500-HD,2,4,4,Wi-Fi -> Wi-Fi 4 -> Yuneec Q500-HD
3986,Yuneec Q500-HD,2,4,4,Wi-Fi -> Wi-Fi 4 -> Yuneec Q500-HD
3987,Yuneec Q500-HD,2,4,4,Wi-Fi -> Wi-Fi 4 -> Yuneec Q500-HD
3988,Yuneec Q500-HD,2,4,4,Wi-Fi -> Wi-Fi 4 -> Yuneec Q500-HD
3989,Yuneec Q500-HD,2,4,4,Wi-Fi -> Wi-Fi 4 -> Yuneec Q500-HD
3990,Yuneec Q500-HD,2,4,4,Wi-Fi -> Wi-Fi 4 -> Yuneec Q500-HD
3991,Yuneec Q500-HD,2,4,4,Wi-Fi -> Wi-Fi 4 -> Yuneec Q500-HD
3992,Yuneec Q500-HD,2,4,4,Wi-Fi -> Wi-Fi 4 -> Yuneec Q500-HD
3993,Yuneec Q500-HD,2,4,4,Wi-Fi -> Wi-Fi 4 -> Yuneec Q500-HD
3994,Yuneec Q500-HD,2,4,4,Wi-Fi -> Wi-Fi 4 -> Yuneec Q500-HD
3995,Yuneec Q500-HD,2,4,4,Wi-Fi -> Wi-Fi 4 -> Yuneec Q500-HD
3996,Yuneec Q500-HD,2,4,4,Wi-Fi -> Wi-Fi 4 -> Yuneec Q500-HD
3997,Yuneec Q500-HD,2,4,4,Wi-Fi -> Wi-Fi 4 -> Yuneec Q500-HD
3998,Yuneec Q500-HD,2,4,4,Wi-Fi -> Wi-Fi 4 -> Yuneec Q500-HD
3999,Yuneec Q500-HD,2,4,4,Wi-Fi -> Wi-Fi 4 -> Yuneec Q500-HD
4000,Yuneec Q500-HD,2,4,4,Wi-Fi -> Wi-Fi 4 -> Yuneec Q500-HD
4001,Yuneec Q500-HD,2,4,4,Wi-Fi -> Wi-Fi 4 -> Yuneec Q500-HD
4002,Yuneec Q500-HD,2,4,4,Wi-Fi -> Wi-Fi 4 -> Yuneec Q500-HD
4003,Yuneec Q500-HD,2,4,4,Wi-Fi -> Wi-Fi 4 -> Yuneec Q500-HD
4004,Yuneec Q500-HD,2,4,4,Wi-Fi -> Wi-Fi 4 -> Yuneec Q500-HD
4005,Yuneec Q500-HD,2,4,4,Wi-Fi -> Wi-Fi 4 -> Yuneec Q500-HD
4006,Yuneec Q500-HD,2,4,4,Wi-Fi -> Wi-Fi 4 -> Yuneec Q500-HD
4007,Yuneec Q500-HD,2,4,4,Wi-Fi -> Wi-Fi 4 -> Yuneec Q500-HD
4008,Yuneec Q500-HD,2,4,4,Wi-Fi -> Wi-Fi 4 -> Yuneec Q500-HD
4009,Yuneec Q500-HD,2,4,4,Wi-Fi -> Wi-Fi 4 -> Yuneec Q500-HD
4010,Yuneec Q500-HD,2,4,4,Wi-Fi -> Wi-Fi 4 -> Yuneec Q500-HD
4011,Yuneec Q500-HD,2,4,4,Wi-Fi -> Wi-Fi 4 -> Yuneec Q500-HD
4012,Yuneec Q500-HD,2,4,4,Wi-Fi -> Wi-Fi 4 -> Yuneec Q500-HD
4013,Yuneec Q500-HD,2,4,4,Wi-Fi -> Wi-Fi 4 -> Yuneec Q500-HD
4014,Yuneec Q500-HD,2,4,4,Wi-Fi -> Wi-Fi 4 -> Yuneec Q500-HD
4015,Yuneec Q500-HD,2,4,4,Wi-Fi -> Wi-Fi 4 -> Yuneec Q500-HD
4016,Yuneec Q500-HD,2,4,4,Wi-Fi -> Wi-Fi 4 -> Yuneec Q500-HD
4017,Yuneec Q500-HD,2,4,4,Wi-Fi -> Wi-Fi 4 -> Yuneec Q500-HD
4018,Yuneec Q500-HD,2,4,4,Wi-Fi -> Wi-Fi 4 -> Yuneec Q500-HD
4019,Yuneec Q500-HD,2,4,4,Wi-Fi -> Wi-Fi 4 -> Yuneec Q500-HD
4020,Yuneec Q500-HD,2,4,4,Wi-Fi -> Wi-Fi 4 -> Yuneec Q500-HD
4021,Yuneec Q500-HD,2,4,4,Wi-Fi -> Wi-Fi 4 -> Yuneec Q500-HD
4022,Yuneec Q500-HD,2,4,4,Wi-Fi -> Wi-Fi 4 -> Yuneec Q500-HD
4023,Yuneec Q500-HD,2,4,4,Wi-Fi -> Wi-Fi 4 -> Yuneec Q500-HD
4024,Yuneec Q500-HD,2,4,4,Wi-Fi -> Wi-Fi 4 -> Yuneec Q500-HD
4025,Yuneec Q500-HD,2,4,4,Wi-Fi -> Wi-Fi 4 -> Yuneec Q500-HD
4026,Yuneec Q500-HD,2,4,4,Wi-Fi -> Wi-Fi 4 -> Yuneec Q500-HD
4027,Yuneec Q500-HD,2,4,4,Wi-Fi -> Wi-Fi 4 -> Yuneec Q500-HD
4028,Yuneec Q500-HD,2,4,4,Wi-Fi -> Wi-Fi 4 -> Yuneec Q500-HD
4029,Yuneec Q500-HD,2,4,4,Wi-Fi -> Wi-Fi 4 -> Yuneec Q500-HD
4030,Yuneec Q500-HD,2,4,4,Wi-Fi -> Wi-Fi 4 -> Yuneec Q500-HD
4031,Yuneec Q500-HD,2,4,4,Wi-Fi -> Wi-Fi 4 -> Yuneec Q500-HD
4032,Yuneec Q500-HD,2,4,4,Wi-Fi -> Wi-Fi 4 -> Yuneec Q500-HD
4033,Yuneec Q500-HD,2,4,4,Wi-Fi -> Wi-Fi 4 -> Yuneec Q500-HD
4034,Yuneec Q500-HD,2,4,4,Wi-Fi -> Wi-Fi 4 -> Yuneec Q500-HD
4035,Yuneec Q500-HD,2,4,4,Wi-Fi -> Wi-Fi 4 -> Yuneec Q500-HD
4036,Yuneec Q500-HD,2,4,4,Wi-Fi -> Wi-Fi 4 -> Yuneec Q500-HD
4037,Yuneec Q500-HD,2,4,4,Wi-Fi -> Wi-Fi 4 -> Yuneec Q500-HD
4038,Yuneec Q500-HD,2,4,4,Wi-Fi -> Wi-Fi 4 -> Yuneec Q500-HD
4039,Yuneec Q500-HD,2,4,4,Wi-Fi -> Wi-Fi 4 -> Yuneec Q500-HD
4040,Yuneec Q500-HD,2,4,4,Wi-Fi -> Wi-Fi 4 -> Yuneec Q500-HD
4041,Yuneec Q500-HD,2,4,4,Wi-Fi -> Wi-Fi 4 -> Yuneec Q500-HD
4042,Yuneec Q500-HD,2,4,4,Wi-Fi -> Wi-Fi 4 -> Yuneec Q500-HD
4043,Yuneec Q500-HD,2,4,4,Wi-Fi -> Wi-Fi 4 -> Yuneec Q500-HD
4044,Yuneec Q500-HD,2,4,4,Wi-Fi -> Wi-Fi 4 -> Yuneec Q500-HD
4045,Yuneec Q500-HD,2,4,4,Wi-Fi -> Wi-Fi 4 -> Yuneec Q500-HD
4046,Yuneec Q500-HD,2,4,4,Wi-Fi -> Wi-Fi 4 -> Yuneec Q500-HD
4047,Yuneec Q500-HD,2,4,4,Wi-Fi -> Wi-Fi 4 -> Yuneec Q500-HD
4048,Yuneec Q500-HD,2,4,4,Wi-Fi -> Wi-Fi 4 -> Yuneec Q500-HD
4049,Yuneec Q500-HD,2,4,4,Wi-Fi -> Wi-Fi 4 -> Yuneec Q500-HD
4050,Yuneec Q500-HD,2,4,4,Wi-Fi -> Wi-Fi 4 -> Yuneec Q500-HD
4051,Yuneec Q500-HD,2,4,4,Wi-Fi -> Wi-Fi 4 -> Yuneec Q500-HD
4052,Yuneec Q500-HD,2,4,4,Wi-Fi -> Wi-Fi 4 -> Yuneec Q500-HD
4053,Yuneec Q500-HD,2,4,4,Wi-Fi -> Wi-Fi 4 -> Yuneec Q500-HD
4054,Yuneec Q500-HD,2,4,4,Wi-Fi -> Wi-Fi 4 -> Yuneec Q500-HD
4055,Yuneec Q500-HD,2,4,4,Wi-Fi -> Wi-Fi 4 -> Yuneec Q500-HD
4056,Yuneec Q500-HD,2,4,4,Wi-Fi -> Wi-Fi 4 -> Yuneec Q500-HD
4057,Yuneec Q500-HD,2,4,4,Wi-Fi -> Wi-Fi 4 -> Yuneec Q500-HD
4058,Yuneec Q500-HD,2,4,4,Wi-Fi -> Wi-Fi 4 -> Yuneec Q500-HD
4059,Yuneec Q500-HD,2,4,4,Wi-Fi -> Wi-Fi 4 -> Yuneec Q500-HD
4060,Yuneec Q500-HD,2,4,4,Wi-Fi -> Wi-Fi 4 -> Yuneec Q500-HD
4061,Yuneec Q500-HD,2,4,4,Wi-Fi -> Wi-Fi 4 -> Yuneec Q500-HD
4062,Yuneec Q500-HD,2,4,4,Wi-Fi -> Wi-Fi 4 -> Yuneec Q500-HD
4063,Yuneec Q500-HD,2,4,4,Wi-Fi -> Wi-Fi 4 -> Yuneec Q500-HD
4064,Yuneec Q500-HD,2,4,4,Wi-Fi -> Wi-Fi 4 -> Yuneec Q500-HD
4065,Yuneec Q500-HD,2,4,4,Wi-Fi -> Wi-Fi 4 -> Yuneec Q500-HD
4066,Yuneec Q500-HD,2,4,4,Wi-Fi -> Wi-Fi 4 -> Yuneec Q500-HD
4067,Yuneec Q500-HD,2,4,4,Wi-Fi -> Wi-Fi 4 -> Yuneec Q500-HD
4068,Yuneec Q500-HD,2,4,4,Wi-Fi -> Wi-Fi 4 -> Yuneec Q500-HD
4069,Yuneec Q500-HD,2,4,4,Wi-Fi -> Wi-Fi 4 -> Yuneec Q500-HD
4070,Yuneec Q500-HD,2,4,4,Wi-Fi -> Wi-Fi 4 -> Yuneec Q500-HD
4071,Yuneec Q500-HD,2,4,4,Wi-Fi -> Wi-Fi 4 -> Yuneec Q500-HD
4072,Yuneec Q500-HD,2,4,4,Wi-Fi -> Wi-Fi 4 -> Yuneec Q500-HD
4073,Yuneec Q500-HD,2,4,4,Wi-Fi -> Wi-Fi 4 -> Yuneec Q500-HD
4074,Yuneec Q500-HD,2,4,4,Wi-Fi -> Wi-Fi 4 -> Yuneec Q500-HD
4075,Yuneec Q500-HD,2,4,4,Wi-Fi -> Wi-Fi 4 -> Yuneec Q500-HD
4076,Yuneec Q500-HD,2,4,4,Wi-Fi -> Wi-Fi 4 -> Yuneec Q500-HD
4077,Yuneec Q500-HD,2,4,4,Wi-Fi -> Wi-Fi 4 -> Yuneec Q500-HD
4078,Yuneec Q500-HD,2,4,4,Wi-Fi -> Wi-Fi 4 -> Yuneec Q500-HD
4079,Yuneec Q500-HD,2,4,4,Wi-Fi -> Wi-Fi 4 -> Yuneec Q500-HD
4080,Yuneec Q500-HD,2,4,4,Wi-Fi -> Wi-Fi 4 -> Yuneec Q500-HD
4081,Yuneec Q500-HD,2,4,4,Wi-Fi -> Wi-Fi 4 -> Yuneec Q500-HD
4082,Yuneec Q500-HD,2,4,4,Wi-Fi -> Wi-Fi 4 -> Yuneec Q500-HD
4083,Yuneec Q500-HD,2,4,4,Wi-Fi -> Wi-Fi 4 -> Yuneec Q500-HD
4084,Yuneec Q500-HD,2,4,4,Wi-Fi -> Wi-Fi 4 -> Yuneec Q500-HD
4085,Yuneec Q500-HD,2,4,4,Wi-Fi -> Wi-Fi 4 -> Yuneec Q500-HD
4086,Yuneec Q500-HD,2,4,4,Wi-Fi -> Wi-Fi 4 -> Yuneec Q500-HD
4087,Yuneec Q500-HD,2,4,4,Wi-Fi -> Wi-Fi 4 -> Yuneec Q500-HD
4088,Yuneec Q500-HD,2,4,4,Wi-Fi -> Wi-Fi 4 -> Yuneec Q500-HD
4089,Yuneec Q500-HD,2,4,4,Wi-Fi -> Wi-Fi 4 -> Yuneec Q500-HD
4090,Yuneec Q500-HD,2,4,4,Wi-Fi -> Wi-Fi 4 -> Yuneec Q500-HD
4091,Yuneec Q500-HD,2,4,4,Wi-Fi -> Wi-Fi 4 -> Yuneec Q500-HD
4092,Yuneec Q500-HD,2,4,4,Wi-Fi -> Wi-Fi 4 -> Yuneec Q500-HD
4093,Yuneec Q500-HD,2,4,4,Wi-Fi -> Wi-Fi 4 -> Yuneec Q500-HD
4094,Yuneec Q500-HD,2,4,4,Wi-Fi -> Wi-Fi 4 -> Yuneec Q500-HD
4095,Yuneec Q500-HD,2,4,4,Wi-Fi -> Wi-Fi 4 -> Yuneec Q500-HD
4096,Yuneec Q500-HD,2,4,4,Wi-Fi -> Wi-Fi 4 -> Yuneec Q500-HD
4097,Yuneec Q500-HD,2,4,4,Wi-Fi -> Wi-Fi 4 -> Yuneec Q500-HD
4098,Yuneec Q500-HD,2,4,4,Wi-Fi -> Wi-Fi 4 -> Yuneec Q500-HD
4099,Yuneec Q500-HD,2,4,4,Wi-Fi -> Wi-Fi 4 -> Yuneec Q500-HD
4100,Yuneec Q500-HD,2,4,4,Wi-Fi -> Wi-Fi 4 -> Yuneec Q500-HD
4101,Yuneec Q500-HD,2,4,4,Wi-Fi -> Wi-Fi 4 -> Yuneec Q500-HD
4102,Yuneec Q500-HD,2,4,4,Wi-Fi -> Wi-Fi 4 -> Yuneec Q500-HD
4103,Yuneec Q500-HD,2,4,4,Wi-Fi -> Wi-Fi 4 -> Yuneec Q500-HD
4104,Yuneec Q500-HD,2,4,4,Wi-Fi -> Wi-Fi 4 -> Yuneec Q500-HD
4105,Yuneec Q500-HD,2,4,4,Wi-Fi -> Wi-Fi 4 -> Yuneec Q500-HD
4106,Yuneec Q500-HD,2,4,4,Wi-Fi -> Wi-Fi 4 -> Yuneec Q500-HD
4107,Yuneec Q500-HD,2,4,4,Wi-Fi -> Wi-Fi 4 -> Yuneec Q500-HD
4108,Yuneec Q500-HD,2,4,4,Wi-Fi -> Wi-Fi 4 -> Yuneec Q500-HD
4109,Yuneec Q500-HD,2,4,4,Wi-Fi -> Wi-Fi 4 -> Yuneec Q500-HD
4110,Yuneec Q500-HD,2,4,4,Wi-Fi -> Wi-Fi 4 -> Yuneec Q500-HD
4111,Yuneec Q500-HD,2,4,4,Wi-Fi -> Wi-Fi 4 -> Yuneec Q500-HD
4112,Yuneec Q500-HD,2,4,4,Wi-Fi -> Wi-Fi 4 -> Yuneec Q500-HD
4113,Yuneec Q500-HD,2,4,4,Wi-Fi -> Wi-Fi 4 -> Yuneec Q500-HD
4114,Yuneec Q500-HD,2,4,4,Wi-Fi -> Wi-Fi 4 -> Yuneec Q500-HD
4115,Yuneec Q500-HD,2,4,4,Wi-Fi -> Wi-Fi 4 -> Yuneec Q500-HD
4116,Yuneec Q500-HD,2,4,4,Wi-Fi -> Wi-Fi 4 -> Yuneec Q500-HD
4117,Yuneec Q500-HD,2,4,4,Wi-Fi -> Wi-Fi 4 -> Yuneec Q500-HD
4118,Yuneec Q500-HD,2,4,4,Wi-Fi -> Wi-Fi 4 -> Yuneec Q500-HD
4119,Yuneec Q500-HD,2,4,4,Wi-Fi -> Wi-Fi 4 -> Yuneec Q500-HD
4120,Yuneec Q500-HD,2,4,4,Wi-Fi -> Wi-Fi 4 -> Yuneec Q500-HD
4121,Yuneec Q500-HD,2,4,4,Wi-Fi -> Wi-Fi 4 -> Yuneec Q500-HD
4122,Yuneec Q500-HD,2,4,4,Wi-Fi -> Wi-Fi 4 -> Yuneec Q500-HD
4123,Yuneec Q500-HD,2,4,4,Wi-Fi -> Wi-Fi 4 -> Yuneec Q500-HD
4124,Yuneec Q500-HD,2,4,4,Wi-Fi -> Wi-Fi 4 -> Yuneec Q500-HD
4125,Yuneec Q500-HD,2,4,4,Wi-Fi -> Wi-Fi 4 -> Yuneec Q500-HD
4126,Yuneec Q500-HD,2,4,4,Wi-Fi -> Wi-Fi 4 -> Yuneec Q500-HD
4127,Yuneec Q500-HD,2,4,4,Wi-Fi -> Wi-Fi 4 -> Yuneec Q500-HD
4128,Yuneec Q500-HD,2,4,4,Wi-Fi -> Wi-Fi 4 -> Yuneec Q500-HD
4129,Yuneec Q500-HD,2,4,4,Wi-Fi -> Wi-Fi 4 -> Yuneec Q500-HD
4130,Yuneec Q500-HD,2,4,4,Wi-Fi -> Wi-Fi 4 -> Yuneec Q500-HD
4131,Yuneec Q500-HD,2,4,4,Wi-Fi -> Wi-Fi 4 -> Yuneec Q500-HD
4132,Yuneec Q500-HD,2,4,4,Wi-Fi -> Wi-Fi 4 -> Yuneec Q500-HD
4133,Yuneec Q500-HD,2,4,4,Wi-Fi -> Wi-Fi 4 -> Yuneec Q500-HD
4134,Yuneec Q500-HD,2,4,4,Wi-Fi -> Wi-Fi 4 -> Yuneec Q500-HD
4135,Yuneec Q500-HD,2,4,4,Wi-Fi -> Wi-Fi 4 -> Yuneec Q500-HD
4136,Yuneec Q500-HD,2,4,4,Wi-Fi -> Wi-Fi 4 -> Yuneec Q500-HD
4137,Yuneec Q500-HD,2,4,4,Wi-Fi -> Wi-Fi 4 -> Yuneec Q500-HD
4138,Yuneec Q500-HD,2,4,4,Wi-Fi -> Wi-Fi 4 -> Yuneec Q500-HD
4139,Yuneec Q500-HD,2,4,4,Wi-Fi -> Wi-Fi 4 -> Yuneec Q500-HD
4140,Yuneec Q500-HD,2,4,4,Wi-Fi -> Wi-Fi 4 -> Yuneec Q500-HD
4141,Yuneec Q500-HD,2,4,4,Wi-Fi -> Wi-Fi 4 -> Yuneec Q500-HD
4142,Yuneec Q500-HD,2,4,4,Wi-Fi -> Wi-Fi 4 -> Yuneec Q500-HD
4143,Yuneec Q500-HD,2,4,4,Wi-Fi -> Wi-Fi 4 -> Yuneec Q500-HD
4144,Yuneec Q500-HD,2,4,4,Wi-Fi -> Wi-Fi 4 -> Yuneec Q500-HD
4145,Yuneec Q500-HD,2,4,4,Wi-Fi -> Wi-Fi 4 -> Yuneec Q500-HD
4146,Yuneec Q500-HD,2,4,4,Wi-Fi -> Wi-Fi 4 -> Yuneec Q500-HD
4147,Yuneec Q500-HD,2,4,4,Wi-Fi -> Wi-Fi 4 -> Yuneec Q500-HD
4148,Yuneec Q500-HD,2,4,4,Wi-Fi -> Wi-Fi 4 -> Yuneec Q500-HD
4149,Yuneec Q500-HD,2,4,4,Wi-Fi -> Wi-Fi 4 -> Yuneec Q500-HD
4150,Yuneec Q500-HD,2,4,4,Wi-Fi -> Wi-Fi 4 -> Yuneec Q500-HD
4151,Yuneec Q500-HD,2,4,4,Wi-Fi -> Wi-Fi 4 -> Yuneec Q500-HD
4152,Yuneec Q500-HD,2,4,4,Wi-Fi -> Wi-Fi 4 -> Yuneec Q500-HD
4153,Yuneec Q500-HD,2,4,4,Wi-Fi -> Wi-Fi 4 -> Yuneec Q500-HD
4154,Yuneec Q500-HD,2,4,4,Wi-Fi -> Wi-Fi 4 -> Yuneec Q500-HD
4155,Yuneec Q500-HD,2,4,4,Wi-Fi -> Wi-Fi 4 -> Yuneec Q500-HD
4156,Yuneec Q500-HD,2,4,4,Wi-Fi -> Wi-Fi 4 -> Yuneec Q500-HD
4157,Yuneec Q500-HD,2,4,4,Wi-Fi -> Wi-Fi 4 -> Yuneec Q500-HD
4158,Yuneec Q500-HD,2,4,4,Wi-Fi -> Wi-Fi 4 -> Yuneec Q500-HD
4159,Yuneec Q500-HD,2,4,4,Wi-Fi -> Wi-Fi 4 -> Yuneec Q500-HD
4160,Yuneec Q500-HD,2,4,4,Wi-Fi -> Wi-Fi 4 -> Yuneec Q500-HD
4161,Yuneec Q500-HD,2,4,4,Wi-Fi -> Wi-Fi 4 -> Yuneec Q500-HD
4162,Yuneec Q500-HD,2,4,4,Wi-Fi -> Wi-Fi 4 -> Yuneec Q500-HD
4163,Yuneec Q500-HD,2,4,4,Wi-Fi -> Wi-Fi 4 -> Yuneec Q500-HD
4164,Yuneec Q500-HD,2,4,4,Wi-Fi -> Wi-Fi 4 -> Yuneec Q500-HD
4165,Yuneec Q500-HD,2,4,4,Wi-Fi -> Wi-Fi 4 -> Yuneec Q500-HD
4166,Yuneec Q500-HD,2,4,4,Wi-Fi -> Wi-Fi 4 -> Yuneec Q500-HD
4167,Yuneec Q500-HD,2,4,4,Wi-Fi -> Wi-Fi 4 -> Yuneec Q500-HD
4168,Yuneec Q500-HD,2,4,4,Wi-Fi -> Wi-Fi 4 -> Yuneec Q500-HD
4169,Yuneec Q500-HD,2,4,4,Wi-Fi -> Wi-Fi 4 -> Yuneec Q500-HD
4170,Yuneec Q500-HD,2,4,4,Wi-Fi -> Wi-Fi 4 -> Yuneec Q500-HD
4171,Yuneec Q500-HD,2,4,4,Wi-Fi -> Wi-Fi 4 -> Yuneec Q500-HD
4172,Yuneec Q500-HD,2,4,4,Wi-Fi -> Wi-Fi 4 -> Yuneec Q500-HD
4173,Yuneec Q500-HD,2,4,4,Wi-Fi -> Wi-Fi 4 -> Yuneec Q500-HD
4174,Yuneec Q500-HD,2,4,4,Wi-Fi -> Wi-Fi 4 -> Yuneec Q500-HD
4175,Yuneec Q500-HD,2,4,4,Wi-Fi -> Wi-Fi 4 -> Yuneec Q500-HD
4176,Yuneec Q500-HD,2,4,4,Wi-Fi -> Wi-Fi 4 -> Yuneec Q500-HD
4177,Yuneec Q500-HD,2,4,4,Wi-Fi -> Wi-Fi 4 -> Yuneec Q500-HD
4178,Yuneec Q500-HD,2,4,4,Wi-Fi -> Wi-Fi 4 -> Yuneec Q500-HD
4179,Yuneec Q500-HD,2,4,4,Wi-Fi -> Wi-Fi 4 -> Yuneec Q500-HD
4180,Yuneec Q500-HD,2,4,4,Wi-Fi -> Wi-Fi 4 -> Yuneec Q500-HD
4181,Yuneec Q500-HD,2,4,4,Wi-Fi -> Wi-Fi 4 -> Yuneec Q500-HD
4182,Yuneec Q500-HD,2,4,4,Wi-Fi -> Wi-Fi 4 -> Yuneec Q500-HD
4183,Yuneec Q500-HD,2,4,4,Wi-Fi -> Wi-Fi 4 -> Yuneec Q500-HD
4184,Yuneec Q500-HD,2,4,4,Wi-Fi -> Wi-Fi 4 -> Yuneec Q500-HD
4185,Yuneec Q500-HD,2,4,4,Wi-Fi -> Wi-Fi 4 -> Yuneec Q500-HD
4186,Yuneec Q500-HD,2,4,4,Wi-Fi -> Wi-Fi 4 -> Yuneec Q500-HD
4187,Yuneec Q500-HD,2,4,4,Wi-Fi -> Wi-Fi 4 -> Yuneec Q500-HD
4188,Yuneec Q500-HD,2,4,4,Wi-Fi -> Wi-Fi 4 -> Yuneec Q500-HD
4189,Yuneec Q500-HD,2,4,4,Wi-Fi -> Wi-Fi 4 -> Yuneec Q500-HD
4190,Yuneec Q500-HD,2,4,4,Wi-Fi -> Wi-Fi 4 -> Yuneec Q500-HD
4191,Yuneec Q500-HD,2,4,4,Wi-Fi -> Wi-Fi 4 -> Yuneec Q500-HD
4192,Yuneec Q500-HD,2,4,4,Wi-Fi -> Wi-Fi 4 -> Yuneec Q500-HD
4193,Yuneec Q500-HD,2,4,4,Wi-Fi -> Wi-Fi 4 -> Yuneec Q500-HD
4194,Yuneec Q500-HD,2,4,4,Wi-Fi -> Wi-Fi 4 -> Yuneec Q500-HD
4195,Yuneec Q500-HD,2,4,4,Wi-Fi -> Wi-Fi 4 -> Yuneec Q500-HD
4196,Yuneec Q500-HD,2,4,4,Wi-Fi -> Wi-Fi 4 -> Yuneec Q500-HD
4197,Yuneec Q500-HD,2,4,4,Wi-Fi -> Wi-Fi 4 -> Yuneec Q500-HD
4198,Yuneec Q500-HD,2,4,4,Wi-Fi -> Wi-Fi 4 -> Yuneec Q500-HD
4199,Yuneec Q500-HD,2,4,4,Wi-Fi -> Wi-Fi 4 -> Yuneec Q500-HD
4200,Yuneec Q500-HD,2,4,4,Wi-Fi -> Wi-Fi 4 -> Yuneec Q500-HD
4201,Yuneec Q500-HD,2,4,4,Wi-Fi -> Wi-Fi 4 -> Yuneec Q500-HD
4202,Yuneec Q500-HD,2,4,4,Wi-Fi -> Wi-Fi 4 -> Yuneec Q500-HD
4203,Yuneec Q500-HD,2,4,4,Wi-Fi -> Wi-Fi 4 -> Yuneec Q500-HD
4204,Yuneec Q500-HD,2,4,4,Wi-Fi -> Wi-Fi 4 -> Yuneec Q500-HD
4205,Yuneec Q500-HD,2,4,4,Wi-Fi -> Wi-Fi 4 -> Yuneec Q500-HD
4206,Yuneec Q500-HD,2,4,4,Wi-Fi -> Wi-Fi 4 -> Yuneec Q500-HD
4207,Yuneec Q500-HD,2,4,4,Wi-Fi -> Wi-Fi 4 -> Yuneec Q500-HD
4208,Yuneec Q500-HD,2,4,4,Wi-Fi -> Wi-Fi 4 -> Yuneec Q500-HD
4209,Yuneec Q500-HD,2,4,4,Wi-Fi -> Wi-Fi 4 -> Yuneec Q500-HD
4210,Yuneec Q500-HD,2,4,4,Wi-Fi -> Wi-Fi 4 -> Yuneec Q500-HD
4211,Yuneec Q500-HD,2,4,4,Wi-Fi -> Wi-Fi 4 -> Yuneec Q500-HD
4212,Yuneec Q500-HD,2,4,4,Wi-Fi -> Wi-Fi 4 -> Yuneec Q500-HD
4213,Yuneec Q500-HD,2,4,4,Wi-Fi -> Wi-Fi 4 -> Yuneec Q500-HD
4214,Yuneec Q500-HD,2,4,4,Wi-Fi -> Wi-Fi 4 -> Yuneec Q500-HD
4215,Yuneec Q500-HD,2,4,4,Wi-Fi -> Wi-Fi 4 -> Yuneec Q500-HD
4216,Yuneec Q500-HD,2,4,4,Wi-Fi -> Wi-Fi 4 -> Yuneec Q500-HD
4217,Yuneec Q500-HD,2,4,4,Wi-Fi -> Wi-Fi 4 -> Yuneec Q500-HD
4218,Yuneec Q500-HD,2,4,4,Wi-Fi -> Wi-Fi 4 -> Yuneec Q500-HD
4219,Yuneec Q500-HD,2,4,4,Wi-Fi -> Wi-Fi 4 -> Yuneec Q500-HD
4220,Yuneec Q500-HD,2,4,4,Wi-Fi -> Wi-Fi 4 -> Yuneec Q500-HD
4221,Yuneec Q500-HD,2,4,4,Wi-Fi -> Wi-Fi 4 -> Yuneec Q500-HD
4222,Yuneec Q500-HD,2,4,4,Wi-Fi -> Wi-Fi 4 -> Yuneec Q500-HD
4223,Yuneec Q500-HD,2,4,4,Wi-Fi -> Wi-Fi 4 -> Yuneec Q500-HD
4224,Yuneec Q500-HD,2,4,4,Wi-Fi -> Wi-Fi 4 -> Yuneec Q500-HD
4225,Yuneec Q500-HD,2,4,4,Wi-Fi -> Wi-Fi 4 -> Yuneec Q500-HD
4226,Yuneec Q500-HD,2,4,4,Wi-Fi -> Wi-Fi 4 -> Yuneec Q500-HD
4227,Yuneec Q500-HD,2,4,4,Wi-Fi -> Wi-Fi 4 -> Yuneec Q500-HD
4228,Yuneec Q500-HD,2,4,4,Wi-Fi -> Wi-Fi 4 -> Yuneec Q500-HD
4229,Yuneec Q500-HD,2,4,4,Wi-Fi -> Wi-Fi 4 -> Yuneec Q500-HD
4230,Yuneec Q500-HD,2,4,4,Wi-Fi -> Wi-Fi 4 -> Yuneec Q500-HD
4231,Yuneec Q500-HD,2,4,4,Wi-Fi -> Wi-Fi 4 -> Yuneec Q500-HD
4232,Yuneec Q500-HD,2,4,4,Wi-Fi -> Wi-Fi 4 -> Yuneec Q500-HD
4233,Yuneec Q500-HD,2,4,4,Wi-Fi -> Wi-Fi 4 -> Yuneec Q500-HD
4234,Yuneec Q500-HD,2,4,4,Wi-Fi -> Wi-Fi 4 -> Yuneec Q500-HD
4235,Yuneec Q500-HD,2,4,4,Wi-Fi -> Wi-Fi 4 -> Yuneec Q500-HD
4236,Yuneec Q500-HD,2,4,4,Wi-Fi -> Wi-Fi 4 -> Yuneec Q500-HD
4237,Yuneec Q500-HD,2,4,4,Wi-Fi -> Wi-Fi 4 -> Yuneec Q500-HD
4238,Yuneec Q500-HD,2,4,4,Wi-Fi -> Wi-Fi 4 -> Yuneec Q500-HD
4239,Yuneec Q500-HD,2,4,4,Wi-Fi -> Wi-Fi 4 -> Yuneec Q500-HD
4240,Yuneec Q500-HD,2,4,4,Wi-Fi -> Wi-Fi 4 -> Yuneec Q500-HD
4241,Yuneec Q500-HD,2,4,4,Wi-Fi -> Wi-Fi 4 -> Yuneec Q500-HD
4242,Yuneec Q500-HD,2,4,4,Wi-Fi -> Wi-Fi 4 -> Yuneec Q500-HD
4243,Yuneec Q500-HD,2,4,4,Wi-Fi -> Wi-Fi 4 -> Yuneec Q500-HD
4244,Yuneec Q500-HD,2,4,4,Wi-Fi -> Wi-Fi 4 -> Yuneec Q500-HD
4245,Yuneec Q500-HD,2,4,4,Wi-Fi -> Wi-Fi 4 -> Yuneec Q500-HD
4246,Yuneec Q500-HD,2,4,4,Wi-Fi -> Wi-Fi 4 -> Yuneec Q500-HD
4247,Yuneec Q500-HD,2,4,4,Wi-Fi -> Wi-Fi 4 -> Yuneec Q500-HD
4248,Yuneec Q500-HD,2,4,4,Wi-Fi -> Wi-Fi 4 -> Yuneec Q500-HD
4249,Yuneec Q500-HD,2,4,4,Wi-Fi -> Wi-Fi 4 -> Yuneec Q500-HD
4250,Yuneec Q500-HD,2,4,4,Wi-Fi -> Wi-Fi 4 -> Yuneec Q500-HD
4251,Yuneec Q500-HD,2,4,4,Wi-Fi -> Wi-Fi 4 -> Yuneec Q500-HD
4252,Yuneec Q500-HD,2,4,4,Wi-Fi -> Wi-Fi 4 -> Yuneec Q500-HD
4253,Yuneec Q500-HD,2,4,4,Wi-Fi -> Wi-Fi 4 -> Yuneec Q500-HD
4254,Yuneec Q500-HD,2,4,4,Wi-Fi -> Wi-Fi 4 -> Yuneec Q500-HD
4255,Yuneec Q500-HD,2,4,4,Wi-Fi -> Wi-Fi 4 -> Yuneec Q500-HD
4256,Yuneec Q500-HD,2,4,4,Wi-Fi -> Wi-Fi 4 -> Yuneec Q500-HD
4257,Yuneec Q500-HD,2,4,4,Wi-Fi -> Wi-Fi 4 -> Yuneec Q500-HD
4258,Yuneec Q500-HD,2,4,4,Wi-Fi -> Wi-Fi 4 -> Yuneec Q500-HD
4259,Yuneec Q500-HD,2,4,4,Wi-Fi -> Wi-Fi 4 -> Yuneec Q500-HD
4260,Yuneec Q500-HD,2,4,4,Wi-Fi -> Wi-Fi 4 -> Yuneec Q500-HD
4261,Yuneec Q500-HD,2,4,4,Wi-Fi -> Wi-Fi 4 -> Yuneec Q500-HD
4262,Yuneec Q500-HD,2,4,4,Wi-Fi -> Wi-Fi 4 -> Yuneec Q500-HD
4263,Yuneec Q500-HD,2,4,4,Wi-Fi -> Wi-Fi 4 -> Yuneec Q500-HD
4264,Yuneec Q500-HD,2,4,4,Wi-Fi -> Wi-Fi 4 -> Yuneec Q500-HD
4265,Yuneec Q500-HD,2,4,4,Wi-Fi -> Wi-Fi 4 -> Yuneec Q500-HD
4266,Yuneec Q500-HD,2,4,4,Wi-Fi -> Wi-Fi 4 -> Yuneec Q500-HD
4267,Yuneec Q500-HD,2,4,4,Wi-Fi -> Wi-Fi 4 -> Yuneec Q500-HD
4268,Yuneec Q500-HD,2,4,4,Wi-Fi -> Wi-Fi 4 -> Yuneec Q500-HD
4269,Yuneec Q500-HD,2,4,4,Wi-Fi -> Wi-Fi 4 -> Yuneec Q500-HD
4270,Yuneec Q500-HD,2,4,4,Wi-Fi -> Wi-Fi 4 -> Yuneec Q500-HD
4271,Yuneec Q500-HD,2,4,4,Wi-Fi -> Wi-Fi 4 -> Yuneec Q500-HD
4272,Yuneec Q500-HD,2,4,4,Wi-Fi -> Wi-Fi 4 -> Yuneec Q500-HD
4273,Yuneec Q500-HD,2,4,4,Wi-Fi -> Wi-Fi 4 -> Yuneec Q500-HD
4274,Yuneec Q500-HD,2,4,4,Wi-Fi -> Wi-Fi 4 -> Yuneec Q500-HD
4275,Yuneec Q500-HD,2,4,4,Wi-Fi -> Wi-Fi 4 -> Yuneec Q500-HD
4276,Yuneec Q500-HD,2,4,4,Wi-Fi -> Wi-Fi 4 -> Yuneec Q500-HD
4277,Yuneec Q500-HD,2,4,4,Wi-Fi -> Wi-Fi 4 -> Yuneec Q500-HD
4278,Yuneec Q500-HD,2,4,4,Wi-Fi -> Wi-Fi 4 -> Yuneec Q500-HD
4279,Yuneec Q500-HD,2,4,4,Wi-Fi -> Wi-Fi 4 -> Yuneec Q500-HD
4280,Yuneec Q500-HD,2,4,4,Wi-Fi -> Wi-Fi 4 -> Yuneec Q500-HD
4281,Yuneec Q500-HD,2,4,4,Wi-Fi -> Wi-Fi 4 -> Yuneec Q500-HD
4282,Yuneec Q500-HD,2,4,4,Wi-Fi -> Wi-Fi 4 -> Yuneec Q500-HD
4283,Yuneec Q500-HD,2,4,4,Wi-Fi -> Wi-Fi 4 -> Yuneec Q500-HD
4284,Yuneec Q500-HD,2,4,4,Wi-Fi -> Wi-Fi 4 -> Yuneec Q500-HD
4285,Yuneec Q500-HD,2,4,4,Wi-Fi -> Wi-Fi 4 -> Yuneec Q500-HD
4286,Yuneec Q500-HD,2,4,4,Wi-Fi -> Wi-Fi 4 -> Yuneec Q500-HD
4287,Yuneec Q500-HD,2,4,4,Wi-Fi -> Wi-Fi 4 -> Yuneec Q500-HD
4288,Yuneec Q500-HD,2,4,4,Wi-Fi -> Wi-Fi 4 -> Yuneec Q500-HD
4289,Yuneec Q500-HD,2,4,4,Wi-Fi -> Wi-Fi 4 -> Yuneec Q500-HD
4290,Yuneec Q500-HD,2,4,4,Wi-Fi -> Wi-Fi 4 -> Yuneec Q500-HD
4291,Yuneec Q500-HD,2,4,4,Wi-Fi -> Wi-Fi 4 -> Yuneec Q500-HD
4292,Yuneec Q500-HD,2,4,4,Wi-Fi -> Wi-Fi 4 -> Yuneec Q500-HD
4293,Yuneec Q500-HD,2,4,4,Wi-Fi -> Wi-Fi 4 -> Yuneec Q500-HD
4294,Yuneec Q500-HD,2,4,4,Wi-Fi -> Wi-Fi 4 -> Yuneec Q500-HD
4295,Yuneec Q500-HD,2,4,4,Wi-Fi -> Wi-Fi 4 -> Yuneec Q500-HD
4296,Yuneec Q500-HD,2,4,4,Wi-Fi -> Wi-Fi 4 -> Yuneec Q500-HD
4297,Yuneec Q500-HD,2,4,4,Wi-Fi -> Wi-Fi 4 -> Yuneec Q500-HD
4298,Yuneec Q500-HD,2,4,4,Wi-Fi -> Wi-Fi 4 -> Yuneec Q500-HD
4299,Yuneec Q500-HD,2,4,4,Wi-Fi -> Wi-Fi 4 -> Yuneec Q500-HD
4300,Yuneec Q500-HD,2,4,4,Wi-Fi -> Wi-Fi 4 -> Yuneec Q500-HD
4301,Yuneec Q500-HD,2,4,4,Wi-Fi -> Wi-Fi 4 -> Yuneec Q500-HD
4302,Yuneec Q500-HD,2,4,4,Wi-Fi -> Wi-Fi 4 -> Yuneec Q500-HD
4303,Yuneec Q500-HD,2,4,4,Wi-Fi -> Wi-Fi 4 -> Yuneec Q500-HD
4304,Yuneec Q500-HD,2,4,4,Wi-Fi -> Wi-Fi 4 -> Yuneec Q500-HD
4305,Yuneec Q500-HD,2,4,4,Wi-Fi -> Wi-Fi 4 -> Yuneec Q500-HD
4306,Yuneec Q500-HD,2,4,4,Wi-Fi -> Wi-Fi 4 -> Yuneec Q500-HD
4307,Yuneec Q500-HD,2,4,4,Wi-Fi -> Wi-Fi 4 -> Yuneec Q500-HD
4308,Yuneec Q500-HD,2,4,4,Wi-Fi -> Wi-Fi 4 -> Yuneec Q500-HD
4309,Yuneec Q500-HD,2,4,4,Wi-Fi -> Wi-Fi 4 -> Yuneec Q500-HD
4310,Yuneec Q500-HD,2,4,4,Wi-Fi -> Wi-Fi 4 -> Yuneec Q500-HD
4311,Yuneec Q500-HD,2,4,4,Wi-Fi -> Wi-Fi 4 -> Yuneec Q500-HD
4312,Yuneec Q500-HD,2,4,4,Wi-Fi -> Wi-Fi 4 -> Yuneec Q500-HD
4313,Yuneec Q500-HD,2,4,4,Wi-Fi -> Wi-Fi 4 -> Yuneec Q500-HD
4314,Yuneec Q500-HD,2,4,4,Wi-Fi -> Wi-Fi 4 -> Yuneec Q500-HD
4315,Yuneec Q500-HD,2,4,4,Wi-Fi -> Wi-Fi 4 -> Yuneec Q500-HD
4316,Yuneec Q500-HD,2,4,4,Wi-Fi -> Wi-Fi 4 -> Yuneec Q500-HD
4317,Yuneec Q500-HD,2,4,4,Wi-Fi -> Wi-Fi 4 -> Yuneec Q500-HD
4318,Yuneec Q500-HD,2,4,4,Wi-Fi -> Wi-Fi 4 -> Yuneec Q500-HD
4319,Yuneec Q500-HD,2,4,4,Wi-Fi -> Wi-Fi 4 -> Yuneec Q500-HD
4320,Yuneec Q500-HD,2,4,4,Wi-Fi -> Wi-Fi 4 -> Yuneec Q500-HD
4321,Yuneec Q500-HD,2,4,4,Wi-Fi -> Wi-Fi 4 -> Yuneec Q500-HD
4322,Yuneec Q500-HD,2,4,4,Wi-Fi -> Wi-Fi 4 -> Yuneec Q500-HD
4323,Yuneec Q500-HD,2,4,4,Wi-Fi -> Wi-Fi 4 -> Yuneec Q500-HD
4324,Yuneec Q500-HD,2,4,4,Wi-Fi -> Wi-Fi 4 -> Yuneec Q500-HD
4325,Yuneec Q500-HD,2,4,4,Wi-Fi -> Wi-Fi 4 -> Yuneec Q500-HD
4326,Yuneec Q500-HD,2,4,4,Wi-Fi -> Wi-Fi 4 -> Yuneec Q500-HD
4327,Yuneec Q500-HD,2,4,4,Wi-Fi -> Wi-Fi 4 -> Yuneec Q500-HD
4328,Yuneec Q500-HD,2,4,4,Wi-Fi -> Wi-Fi 4 -> Yuneec Q500-HD
4329,Yuneec Q500-HD,2,4,4,Wi-Fi -> Wi-Fi 4 -> Yuneec Q500-HD
4330,Yuneec Q500-HD,2,4,4,Wi-Fi -> Wi-Fi 4 -> Yuneec Q500-HD
4331,Yuneec Q500-HD,2,4,4,Wi-Fi -> Wi-Fi 4 -> Yuneec Q500-HD
4332,Yuneec Q500-HD,2,4,4,Wi-Fi -> Wi-Fi 4 -> Yuneec Q500-HD
4333,Yuneec Q500-HD,2,4,4,Wi-Fi -> Wi-Fi 4 -> Yuneec Q500-HD
4334,Yuneec Q500-HD,2,4,4,Wi-Fi -> Wi-Fi 4 -> Yuneec Q500-HD
4335,Yuneec Q500-HD,2,4,4,Wi-Fi -> Wi-Fi 4 -> Yuneec Q500-HD
4336,Yuneec Q500-HD,2,4,4,Wi-Fi -> Wi-Fi 4 -> Yuneec Q500-HD
4337,Yuneec Q500-HD,2,4,4,Wi-Fi -> Wi-Fi 4 -> Yuneec Q500-HD
4338,Yuneec Q500-HD,2,4,4,Wi-Fi -> Wi-Fi 4 -> Yuneec Q500-HD
4339,Yuneec Q500-HD,2,4,4,Wi-Fi -> Wi-Fi 4 -> Yuneec Q500-HD
4340,Yuneec Q500-HD,2,4,4,Wi-Fi -> Wi-Fi 4 -> Yuneec Q500-HD
4341,Yuneec Q500-HD,2,4,4,Wi-Fi -> Wi-Fi 4 -> Yuneec Q500-HD
4342,Yuneec Q500-HD,2,4,4,Wi-Fi -> Wi-Fi 4 -> Yuneec Q500-HD
4343,Yuneec Q500-HD,2,4,4,Wi-Fi -> Wi-Fi 4 -> Yuneec Q500-HD
4344,Yuneec Q500-HD,2,4,4,Wi-Fi -> Wi-Fi 4 -> Yuneec Q500-HD
4345,Yuneec Q500-HD,2,4,4,Wi-Fi -> Wi-Fi 4 -> Yuneec Q500-HD
4346,Yuneec Q500-HD,2,4,4,Wi-Fi -> Wi-Fi 4 -> Yuneec Q500-HD
4347,Yuneec Q500-HD,2,4,4,Wi-Fi -> Wi-Fi 4 -> Yuneec Q500-HD
4348,Yuneec Q500-HD,2,4,4,Wi-Fi -> Wi-Fi 4 -> Yuneec Q500-HD
4349,Yuneec Q500-HD,2,4,4,Wi-Fi -> Wi-Fi 4 -> Yuneec Q500-HD
4350,Yuneec Q500-HD,2,4,4,Wi-Fi -> Wi-Fi 4 -> Yuneec Q500-HD
4351,Yuneec Q500-HD,2,4,4,Wi-Fi -> Wi-Fi 4 -> Yuneec Q500-HD
4352,Yuneec Q500-HD,2,4,4,Wi-Fi -> Wi-Fi 4 -> Yuneec Q500-HD
4353,Yuneec Q500-HD,2,4,4,Wi-Fi -> Wi-Fi 4 -> Yuneec Q500-HD
4354,Yuneec Q500-HD,2,4,4,Wi-Fi -> Wi-Fi 4 -> Yuneec Q500-HD
4355,Yuneec Q500-HD,2,4,4,Wi-Fi -> Wi-Fi 4 -> Yuneec Q500-HD
4356,Yuneec Q500-HD,2,4,4,Wi-Fi -> Wi-Fi 4 -> Yuneec Q500-HD
4357,Yuneec Q500-HD,2,4,4,Wi-Fi -> Wi-Fi 4 -> Yuneec Q500-HD
4358,Yuneec Q500-HD,2,4,4,Wi-Fi -> Wi-Fi 4 -> Yuneec Q500-HD
4359,Yuneec Q500-HD,2,4,4,Wi-Fi -> Wi-Fi 4 -> Yuneec Q500-HD
4360,Yuneec Q500-HD,2,4,4,Wi-Fi -> Wi-Fi 4 -> Yuneec Q500-HD
4361,Yuneec Q500-HD,2,4,4,Wi-Fi -> Wi-Fi 4 -> Yuneec Q500-HD
4362,Yuneec Q500-HD,2,4,4,Wi-Fi -> Wi-Fi 4 -> Yuneec Q500-HD
4363,Yuneec Q500-HD,2,4,4,Wi-Fi -> Wi-Fi 4 -> Yuneec Q500-HD
4364,Yuneec Q500-HD,2,4,4,Wi-Fi -> Wi-Fi 4 -> Yuneec Q500-HD
4365,Yuneec Q500-HD,2,4,4,Wi-Fi -> Wi-Fi 4 -> Yuneec Q500-HD
4366,Yuneec Q500-HD,2,4,4,Wi-Fi -> Wi-Fi 4 -> Yuneec Q500-HD
4367,Yuneec Q500-HD,2,4,4,Wi-Fi -> Wi-Fi 4 -> Yuneec Q500-HD
4368,Yuneec Q500-HD,2,4,4,Wi-Fi -> Wi-Fi 4 -> Yuneec Q500-HD
4369,Yuneec Q500-HD,2,4,4,Wi-Fi -> Wi-Fi 4 -> Yuneec Q500-HD
4370,Yuneec Q500-HD,2,4,4,Wi-Fi -> Wi-Fi 4 -> Yuneec Q500-HD
4371,Yuneec Q500-HD,2,4,4,Wi-Fi -> Wi-Fi 4 -> Yuneec Q500-HD
4372,Yuneec Q500-HD,2,4,4,Wi-Fi -> Wi-Fi 4 -> Yuneec Q500-HD
4373,Yuneec Q500-HD,2,4,4,Wi-Fi -> Wi-Fi 4 -> Yuneec Q500-HD
4374,Yuneec Q500-HD,2,4,4,Wi-Fi -> Wi-Fi 4 -> Yuneec Q500-HD
4375,Yuneec Q500-HD,2,4,4,Wi-Fi -> Wi-Fi 4 -> Yuneec Q500-HD
4376,Yuneec Q500-HD,2,4,4,Wi-Fi -> Wi-Fi 4 -> Yuneec Q500-HD
4377,Yuneec Q500-HD,2,4,4,Wi-Fi -> Wi-Fi 4 -> Yuneec Q500-HD
4378,Yuneec Q500-HD,2,4,4,Wi-Fi -> Wi-Fi 4 -> Yuneec Q500-HD
4379,Yuneec Q500-HD,2,4,4,Wi-Fi -> Wi-Fi 4 -> Yuneec Q500-HD
4380,Yuneec Q500-HD,2,4,4,Wi-Fi -> Wi-Fi 4 -> Yuneec Q500-HD
4381,Yuneec Q500-HD,2,4,4,Wi-Fi -> Wi-Fi 4 -> Yuneec Q500-HD
4382,Yuneec Q500-HD,2,4,4,Wi-Fi -> Wi-Fi 4 -> Yuneec Q500-HD
4383,Yuneec Q500-HD,2,4,4,Wi-Fi -> Wi-Fi 4 -> Yuneec Q500-HD
4384,Yuneec Q500-HD,2,4,4,Wi-Fi -> Wi-Fi 4 -> Yuneec Q500-HD
4385,Yuneec Q500-HD,2,4,4,Wi-Fi -> Wi-Fi 4 -> Yuneec Q500-HD
4386,Yuneec Q500-HD,2,4,4,Wi-Fi -> Wi-Fi 4 -> Yuneec Q500-HD
4387,Yuneec Q500-HD,2,4,4,Wi-Fi -> Wi-Fi 4 -> Yuneec Q500-HD
4388,Yuneec Q500-HD,2,4,4,Wi-Fi -> Wi-Fi 4 -> Yuneec Q500-HD
4389,Yuneec Q500-HD,2,4,4,Wi-Fi -> Wi-Fi 4 -> Yuneec Q500-HD
4390,Yuneec Q500-HD,2,4,4,Wi-Fi -> Wi-Fi 4 -> Yuneec Q500-HD
4391,Yuneec Q500-HD,2,4,4,Wi-Fi -> Wi-Fi 4 -> Yuneec Q500-HD
4392,Yuneec Q500-HD,2,4,4,Wi-Fi -> Wi-Fi 4 -> Yuneec Q500-HD
4393,Yuneec Q500-HD,2,4,4,Wi-Fi -> Wi-Fi 4 -> Yuneec Q500-HD
4394,Yuneec Q500-HD,2,4,4,Wi-Fi -> Wi-Fi 4 -> Yuneec Q500-HD
4395,Yuneec Q500-HD,2,4,4,Wi-Fi -> Wi-Fi 4 -> Yuneec Q500-HD
4396,Yuneec Q500-HD,2,4,4,Wi-Fi -> Wi-Fi 4 -> Yuneec Q500-HD
4397,Yuneec Q500-HD,2,4,4,Wi-Fi -> Wi-Fi 4 -> Yuneec Q500-HD
4398,Yuneec Q500-HD,2,4,4,Wi-Fi -> Wi-Fi 4 -> Yuneec Q500-HD
4399,Yuneec Q500-HD,2,4,4,Wi-Fi -> Wi-Fi 4 -> Yuneec Q500-HD
4400,Yuneec Q500-HD,2,4,4,Wi-Fi -> Wi-Fi 4 -> Yuneec Q500-HD
4401,Yuneec Q500-HD,2,4,4,Wi-Fi -> Wi-Fi 4 -> Yuneec Q500-HD
4402,Yuneec Q500-HD,2,4,4,Wi-Fi -> Wi-Fi 4 -> Yuneec Q500-HD
4403,Yuneec Q500-HD,2,4,4,Wi-Fi -> Wi-Fi 4 -> Yuneec Q500-HD
4404,Yuneec Q500-HD,2,4,4,Wi-Fi -> Wi-Fi 4 -> Yuneec Q500-HD
4405,Yuneec Q500-HD,2,4,4,Wi-Fi -> Wi-Fi 4 -> Yuneec Q500-HD
4406,Yuneec Q500-HD,2,4,4,Wi-Fi -> Wi-Fi 4 -> Yuneec Q500-HD
4407,Yuneec Q500-HD,2,4,4,Wi-Fi -> Wi-Fi 4 -> Yuneec Q500-HD
4408,Yuneec Q500-HD,2,4,4,Wi-Fi -> Wi-Fi 4 -> Yuneec Q500-HD
4409,Yuneec Q500-HD,2,4,4,Wi-Fi -> Wi-Fi 4 -> Yuneec Q500-HD
4410,Yuneec Q500-HD,2,4,4,Wi-Fi -> Wi-Fi 4 -> Yuneec Q500-HD
4411,Yuneec Q500-HD,2,4,4,Wi-Fi -> Wi-Fi 4 -> Yuneec Q500-HD
4412,Yuneec Q500-HD,2,4,4,Wi-Fi -> Wi-Fi 4 -> Yuneec Q500-HD
4413,Yuneec Q500-HD,2,4,4,Wi-Fi -> Wi-Fi 4 -> Yuneec Q500-HD
4414,Yuneec Q500-HD,2,4,4,Wi-Fi -> Wi-Fi 4 -> Yuneec Q500-HD
4415,Yuneec Q500-HD,2,4,4,Wi-Fi -> Wi-Fi 4 -> Yuneec Q500-HD
4416,Yuneec Q500-HD,2,4,4,Wi-Fi -> Wi-Fi 4 -> Yuneec Q500-HD
4417,Yuneec Q500-HD,2,4,4,Wi-Fi -> Wi-Fi 4 -> Yuneec Q500-HD
4418,Yuneec Q500-HD,2,4,4,Wi-Fi -> Wi-Fi 4 -> Yuneec Q500-HD
4419,Yuneec Q500-HD,2,4,4,Wi-Fi -> Wi-Fi 4 -> Yuneec Q500-HD
4420,Yuneec Q500-HD,2,4,4,Wi-Fi -> Wi-Fi 4 -> Yuneec Q500-HD
4421,Yuneec Q500-HD,2,4,4,Wi-Fi -> Wi-Fi 4 -> Yuneec Q500-HD
4422,Yuneec Q500-HD,2,4,4,Wi-Fi -> Wi-Fi 4 -> Yuneec Q500-HD
4423,Yuneec Q500-HD,2,4,4,Wi-Fi -> Wi-Fi 4 -> Yuneec Q500-HD
4424,Yuneec Q500-HD,2,4,4,Wi-Fi -> Wi-Fi 4 -> Yuneec Q500-HD
4425,Yuneec Q500-HD,2,4,4,Wi-Fi -> Wi-Fi 4 -> Yuneec Q500-HD
4426,Yuneec Q500-HD,2,4,4,Wi-Fi -> Wi-Fi 4 -> Yuneec Q500-HD
4427,Yuneec Q500-HD,2,4,4,Wi-Fi -> Wi-Fi 4 -> Yuneec Q500-HD
4428,Yuneec Q500-HD,2,4,4,Wi-Fi -> Wi-Fi 4 -> Yuneec Q500-HD
4429,Yuneec Q500-HD,2,4,4,Wi-Fi -> Wi-Fi 4 -> Yuneec Q500-HD
4430,Yuneec Q500-HD,2,4,4,Wi-Fi -> Wi-Fi 4 -> Yuneec Q500-HD
4431,Yuneec Q500-HD,2,4,4,Wi-Fi -> Wi-Fi 4 -> Yuneec Q500-HD
4432,Yuneec Q500-HD,2,4,4,Wi-Fi -> Wi-Fi 4 -> Yuneec Q500-HD
4433,Yuneec Q500-HD,2,4,4,Wi-Fi -> Wi-Fi 4 -> Yuneec Q500-HD
4434,Yuneec Q500-HD,2,4,4,Wi-Fi -> Wi-Fi 4 -> Yuneec Q500-HD
4435,Yuneec Q500-HD,2,4,4,Wi-Fi -> Wi-Fi 4 -> Yuneec Q500-HD
4436,Yuneec Q500-HD,2,4,4,Wi-Fi -> Wi-Fi 4 -> Yuneec Q500-HD
4437,Yuneec Q500-HD,2,4,4,Wi-Fi -> Wi-Fi 4 -> Yuneec Q500-HD
4438,Yuneec Q500-HD,2,4,4,Wi-Fi -> Wi-Fi 4 -> Yuneec Q500-HD
4439,Yuneec Q500-HD,2,4,4,Wi-Fi -> Wi-Fi 4 -> Yuneec Q500-HD
4440,Yuneec Q500-HD,2,4,4,Wi-Fi -> Wi-Fi 4 -> Yuneec Q500-HD
4441,Yuneec Q500-HD,2,4,4,Wi-Fi -> Wi-Fi 4 -> Yuneec Q500-HD
4442,Yuneec Q500-HD,2,4,4,Wi-Fi -> Wi-Fi 4 -> Yuneec Q500-HD
4443,Yuneec Q500-HD,2,4,4,Wi-Fi -> Wi-Fi 4 -> Yuneec Q500-HD
4444,Yuneec Q500-HD,2,4,4,Wi-Fi -> Wi-Fi 4 -> Yuneec Q500-HD
4445,Yuneec Q500-HD,2,4,4,Wi-Fi -> Wi-Fi 4 -> Yuneec Q500-HD
4446,Yuneec Q500-HD,2,4,4,Wi-Fi -> Wi-Fi 4 -> Yuneec Q500-HD
4447,Yuneec Q500-HD,2,4,4,Wi-Fi -> Wi-Fi 4 -> Yuneec Q500-HD
4448,Yuneec Q500-HD,2,4,4,Wi-Fi -> Wi-Fi 4 -> Yuneec Q500-HD
4449,Yuneec Q500-HD,2,4,4,Wi-Fi -> Wi-Fi 4 -> Yuneec Q500-HD
4450,Yuneec Q500-HD,2,4,4,Wi-Fi -> Wi-Fi 4 -> Yuneec Q500-HD
4451,Yuneec Q500-HD,2,4,4,Wi-Fi -> Wi-Fi 4 -> Yuneec Q500-HD
4452,Yuneec Q500-HD,2,4,4,Wi-Fi -> Wi-Fi 4 -> Yuneec Q500-HD
4453,Yuneec Q500-HD,2,4,4,Wi-Fi -> Wi-Fi 4 -> Yuneec Q500-HD
4454,Yuneec Q500-HD,2,4,4,Wi-Fi -> Wi-Fi 4 -> Yuneec Q500-HD
4455,Yuneec Q500-HD,2,4,4,Wi-Fi -> Wi-Fi 4 -> Yuneec Q500-HD
4456,Yuneec Q500-HD,2,4,4,Wi-Fi -> Wi-Fi 4 -> Yuneec Q500-HD
4457,Yuneec Q500-HD,2,4,4,Wi-Fi -> Wi-Fi 4 -> Yuneec Q500-HD
4458,Yuneec Q500-HD,2,4,4,Wi-Fi -> Wi-Fi 4 -> Yuneec Q500-HD
4459,Yuneec Q500-HD,2,4,4,Wi-Fi -> Wi-Fi 4 -> Yuneec Q500-HD
4460,Yuneec Q500-HD,2,4,4,Wi-Fi -> Wi-Fi 4 -> Yuneec Q500-HD
4461,Yuneec Q500-HD,2,4,4,Wi-Fi -> Wi-Fi 4 -> Yuneec Q500-HD
4462,Yuneec Q500-HD,2,4,4,Wi-Fi -> Wi-Fi 4 -> Yuneec Q500-HD
4463,Yuneec Q500-HD,2,4,4,Wi-Fi -> Wi-Fi 4 -> Yuneec Q500-HD
4464,Yuneec Q500-HD,2,4,4,Wi-Fi -> Wi-Fi 4 -> Yuneec Q500-HD
4465,Yuneec Q500-HD,2,4,4,Wi-Fi -> Wi-Fi 4 -> Yuneec Q500-HD
4466,Yuneec Q500-HD,2,4,4,Wi-Fi -> Wi-Fi 4 -> Yuneec Q500-HD
4467,Yuneec Q500-HD,2,4,4,Wi-Fi -> Wi-Fi 4 -> Yuneec Q500-HD
4468,Yuneec Q500-HD,2,4,4,Wi-Fi -> Wi-Fi 4 -> Yuneec Q500-HD
4469,Yuneec Q500-HD,2,4,4,Wi-Fi -> Wi-Fi 4 -> Yuneec Q500-HD
4470,Yuneec Q500-HD,2,4,4,Wi-Fi -> Wi-Fi 4 -> Yuneec Q500-HD
4471,Yuneec Q500-HD,2,4,4,Wi-Fi -> Wi-Fi 4 -> Yuneec Q500-HD
4472,Yuneec Q500-HD,2,4,4,Wi-Fi -> Wi-Fi 4 -> Yuneec Q500-HD
4473,Yuneec Q500-HD,2,4,4,Wi-Fi -> Wi-Fi 4 -> Yuneec Q500-HD
4474,Yuneec Q500-HD,2,4,4,Wi-Fi -> Wi-Fi 4 -> Yuneec Q500-HD
4475,Yuneec Q500-HD,2,4,4,Wi-Fi -> Wi-Fi 4 -> Yuneec Q500-HD
4476,Yuneec Q500-HD,2,4,4,Wi-Fi -> Wi-Fi 4 -> Yuneec Q500-HD
4477,Yuneec Q500-HD,2,4,4,Wi-Fi -> Wi-Fi 4 -> Yuneec Q500-HD
4478,Yuneec Q500-HD,2,4,4,Wi-Fi -> Wi-Fi 4 -> Yuneec Q500-HD
4479,Yuneec Q500-HD,2,4,4,Wi-Fi -> Wi-Fi 4 -> Yuneec Q500-HD
4480,Yuneec Q500-HD,2,4,4,Wi-Fi -> Wi-Fi 4 -> Yuneec Q500-HD
4481,Yuneec Q500-HD,2,4,4,Wi-Fi -> Wi-Fi 4 -> Yuneec Q500-HD
4482,Yuneec Q500-HD,2,4,4,Wi-Fi -> Wi-Fi 4 -> Yuneec Q500-HD
4483,Yuneec Q500-HD,2,4,4,Wi-Fi -> Wi-Fi 4 -> Yuneec Q500-HD
4484,Yuneec Q500-HD,2,4,4,Wi-Fi -> Wi-Fi 4 -> Yuneec Q500-HD
4485,Yuneec Q500-HD,2,4,4,Wi-Fi -> Wi-Fi 4 -> Yuneec Q500-HD
4486,Yuneec Q500-HD,2,4,4,Wi-Fi -> Wi-Fi 4 -> Yuneec Q500-HD
4487,Yuneec Q500-HD,2,4,4,Wi-Fi -> Wi-Fi 4 -> Yuneec Q500-HD
4488,Yuneec Q500-HD,2,4,4,Wi-Fi -> Wi-Fi 4 -> Yuneec Q500-HD
4489,Yuneec Q500-HD,2,4,4,Wi-Fi -> Wi-Fi 4 -> Yuneec Q500-HD
4490,Yuneec Q500-HD,2,4,4,Wi-Fi -> Wi-Fi 4 -> Yuneec Q500-HD
4491,Yuneec Q500-HD,2,4,4,Wi-Fi -> Wi-Fi 4 -> Yuneec Q500-HD
4492,Yuneec Q500-HD,2,4,4,Wi-Fi -> Wi-Fi 4 -> Yuneec Q500-HD
4493,Yuneec Q500-HD,2,4,4,Wi-Fi -> Wi-Fi 4 -> Yuneec Q500-HD
4494,Yuneec Q500-HD,2,4,4,Wi-Fi -> Wi-Fi 4 -> Yuneec Q500-HD
4495,Yuneec Q500-HD,2,4,4,Wi-Fi -> Wi-Fi 4 -> Yuneec Q500-HD
4496,Yuneec Q500-HD,2,4,4,Wi-Fi -> Wi-Fi 4 -> Yuneec Q500-HD
4497,Yuneec Q500-HD,2,4,4,Wi-Fi -> Wi-Fi 4 -> Yuneec Q500-HD
4498,Yuneec Q500-HD,2,4,4,Wi-Fi -> Wi-Fi 4 -> Yuneec Q500-HD
4499,Yuneec Q500-HD,2,4,4,Wi-Fi -> Wi-Fi 4 -> Yuneec Q500-HD
4500,Yuneec Q500-HD,2,4,4,Wi-Fi -> Wi-Fi 4 -> Yuneec Q500-HD
4501,Yuneec Q500-HD,2,4,4,Wi-Fi -> Wi-Fi 4 -> Yuneec Q500-HD
4502,Yuneec Q500-HD,2,4,4,Wi-Fi -> Wi-Fi 4 -> Yuneec Q500-HD
4503,Yuneec Q500-HD,2,4,4,Wi-Fi -> Wi-Fi 4 -> Yuneec Q500-HD
4504,Yuneec Q500-HD,2,4,4,Wi-Fi -> Wi-Fi 4 -> Yuneec Q500-HD
4505,Yuneec Q500-HD,2,4,4,Wi-Fi -> Wi-Fi 4 -> Yuneec Q500-HD
4506,Yuneec Q500-HD,2,4,4,Wi-Fi -> Wi-Fi 4 -> Yuneec Q500-HD
4507,Yuneec Q500-HD,2,4,4,Wi-Fi -> Wi-Fi 4 -> Yuneec Q500-HD
4508,Yuneec Q500-HD,2,4,4,Wi-Fi -> Wi-Fi 4 -> Yuneec Q500-HD
4509,Yuneec Q500-HD,2,4,4,Wi-Fi -> Wi-Fi 4 -> Yuneec Q500-HD
4510,Yuneec Q500-HD,2,4,4,Wi-Fi -> Wi-Fi 4 -> Yuneec Q500-HD
4511,Yuneec Q500-HD,2,4,4,Wi-Fi -> Wi-Fi 4 -> Yuneec Q500-HD
4512,Yuneec Q500-HD,2,4,4,Wi-Fi -> Wi-Fi 4 -> Yuneec Q500-HD
4513,Yuneec Q500-HD,2,4,4,Wi-Fi -> Wi-Fi 4 -> Yuneec Q500-HD
4514,Yuneec Q500-HD,2,4,4,Wi-Fi -> Wi-Fi 4 -> Yuneec Q500-HD
4515,Yuneec Q500-HD,2,4,4,Wi-Fi -> Wi-Fi 4 -> Yuneec Q500-HD
4516,Yuneec Q500-HD,2,4,4,Wi-Fi -> Wi-Fi 4 -> Yuneec Q500-HD
4517,Yuneec Q500-HD,2,4,4,Wi-Fi -> Wi-Fi 4 -> Yuneec Q500-HD
4518,Yuneec Q500-HD,2,4,4,Wi-Fi -> Wi-Fi 4 -> Yuneec Q500-HD
4519,Yuneec Q500-HD,2,4,4,Wi-Fi -> Wi-Fi 4 -> Yuneec Q500-HD
4520,Yuneec Q500-HD,2,4,4,Wi-Fi -> Wi-Fi 4 -> Yuneec Q500-HD
4521,Yuneec Q500-HD,2,4,4,Wi-Fi -> Wi-Fi 4 -> Yuneec Q500-HD
4522,Yuneec Q500-HD,2,4,4,Wi-Fi -> Wi-Fi 4 -> Yuneec Q500-HD
4523,Yuneec Q500-HD,2,4,4,Wi-Fi -> Wi-Fi 4 -> Yuneec Q500-HD
4524,Yuneec Q500-HD,2,4,4,Wi-Fi -> Wi-Fi 4 -> Yuneec Q500-HD
4525,Yuneec Q500-HD,2,4,4,Wi-Fi -> Wi-Fi 4 -> Yuneec Q500-HD
4526,Yuneec Q500-HD,2,4,4,Wi-Fi -> Wi-Fi 4 -> Yuneec Q500-HD
4527,Yuneec Q500-HD,2,4,4,Wi-Fi -> Wi-Fi 4 -> Yuneec Q500-HD
4528,Yuneec Q500-HD,2,4,4,Wi-Fi -> Wi-Fi 4 -> Yuneec Q500-HD
4529,Yuneec Q500-HD,2,4,4,Wi-Fi -> Wi-Fi 4 -> Yuneec Q500-HD
4530,Yuneec Q500-HD,2,4,4,Wi-Fi -> Wi-Fi 4 -> Yuneec Q500-HD
4531,Yuneec Q500-HD,2,4,4,Wi-Fi -> Wi-Fi 4 -> Yuneec Q500-HD
4532,Yuneec Q500-HD,2,4,4,Wi-Fi -> Wi-Fi 4 -> Yuneec Q500-HD
4533,Yuneec Q500-HD,2,4,4,Wi-Fi -> Wi-Fi 4 -> Yuneec Q500-HD
4534,Yuneec Q500-HD,2,4,4,Wi-Fi -> Wi-Fi 4 -> Yuneec Q500-HD
4535,Yuneec Q500-HD,2,4,4,Wi-Fi -> Wi-Fi 4 -> Yuneec Q500-HD
4536,Yuneec Q500-HD,2,4,4,Wi-Fi -> Wi-Fi 4 -> Yuneec Q500-HD
4537,Yuneec Q500-HD,2,4,4,Wi-Fi -> Wi-Fi 4 -> Yuneec Q500-HD
4538,Yuneec Q500-HD,2,4,4,Wi-Fi -> Wi-Fi 4 -> Yuneec Q500-HD
4539,Yuneec Q500-HD,2,4,4,Wi-Fi -> Wi-Fi 4 -> Yuneec Q500-HD
4540,Yuneec Q500-HD,2,4,4,Wi-Fi -> Wi-Fi 4 -> Yuneec Q500-HD
4541,Yuneec Q500-HD,2,4,4,Wi-Fi -> Wi-Fi 4 -> Yuneec Q500-HD
4542,Yuneec Q500-HD,2,4,4,Wi-Fi -> Wi-Fi 4 -> Yuneec Q500-HD
4543,Yuneec Q500-HD,2,4,4,Wi-Fi -> Wi-Fi 4 -> Yuneec Q500-HD
4544,Yuneec Q500-HD,2,4,4,Wi-Fi -> Wi-Fi 4 -> Yuneec Q500-HD
4545,Yuneec Q500-HD,2,4,4,Wi-Fi -> Wi-Fi 4 -> Yuneec Q500-HD
4546,Yuneec Q500-HD,2,4,4,Wi-Fi -> Wi-Fi 4 -> Yuneec Q500-HD
4547,Yuneec Q500-HD,2,4,4,Wi-Fi -> Wi-Fi 4 -> Yuneec Q500-HD
4548,Yuneec Q500-HD,2,4,4,Wi-Fi -> Wi-Fi 4 -> Yuneec Q500-HD
4549,Yuneec Q500-HD,2,4,4,Wi-Fi -> Wi-Fi 4 -> Yuneec Q500-HD
4550,Yuneec Q500-HD,2,4,4,Wi-Fi -> Wi-Fi 4 -> Yuneec Q500-HD
4551,Yuneec Q500-HD,2,4,4,Wi-Fi -> Wi-Fi 4 -> Yuneec Q500-HD
4552,Yuneec Q500-HD,2,4,4,Wi-Fi -> Wi-Fi 4 -> Yuneec Q500-HD
4553,Yuneec Q500-HD,2,4,4,Wi-Fi -> Wi-Fi 4 -> Yuneec Q500-HD
4554,Yuneec Q500-HD,2,4,4,Wi-Fi -> Wi-Fi 4 -> Yuneec Q500-HD
4555,Yuneec Q500-HD,2,4,4,Wi-Fi -> Wi-Fi 4 -> Yuneec Q500-HD
4556,Yuneec Q500-HD,2,4,4,Wi-Fi -> Wi-Fi 4 -> Yuneec Q500-HD
4557,Yuneec Q500-HD,2,4,4,Wi-Fi -> Wi-Fi 4 -> Yuneec Q500-HD
4558,Yuneec Q500-HD,2,4,4,Wi-Fi -> Wi-Fi 4 -> Yuneec Q500-HD
4559,Yuneec Q500-HD,2,4,4,Wi-Fi -> Wi-Fi 4 -> Yuneec Q500-HD
4560,Yuneec Q500-HD,2,4,4,Wi-Fi -> Wi-Fi 4 -> Yuneec Q500-HD
4561,Yuneec Q500-HD,2,4,4,Wi-Fi -> Wi-Fi 4 -> Yuneec Q500-HD
4562,Yuneec Q500-HD,2,4,4,Wi-Fi -> Wi-Fi 4 -> Yuneec Q500-HD
4563,Yuneec Q500-HD,2,4,4,Wi-Fi -> Wi-Fi 4 -> Yuneec Q500-HD
4564,Yuneec Q500-HD,2,4,4,Wi-Fi -> Wi-Fi 4 -> Yuneec Q500-HD
4565,Yuneec Q500-HD,2,4,4,Wi-Fi -> Wi-Fi 4 -> Yuneec Q500-HD
4566,Yuneec Q500-HD,2,4,4,Wi-Fi -> Wi-Fi 4 -> Yuneec Q500-HD
4567,Yuneec Q500-HD,2,4,4,Wi-Fi -> Wi-Fi 4 -> Yuneec Q500-HD
4568,Yuneec Q500-HD,2,4,4,Wi-Fi -> Wi-Fi 4 -> Yuneec Q500-HD
4569,Yuneec Q500-HD,2,4,4,Wi-Fi -> Wi-Fi 4 -> Yuneec Q500-HD
4570,Yuneec Q500-HD,2,4,4,Wi-Fi -> Wi-Fi 4 -> Yuneec Q500-HD
4571,Yuneec Q500-HD,2,4,4,Wi-Fi -> Wi-Fi 4 -> Yuneec Q500-HD
4572,Yuneec Q500-HD,2,4,4,Wi-Fi -> Wi-Fi 4 -> Yuneec Q500-HD
4573,Yuneec Q500-HD,2,4,4,Wi-Fi -> Wi-Fi 4 -> Yuneec Q500-HD
4574,Yuneec Q500-HD,2,4,4,Wi-Fi -> Wi-Fi 4 -> Yuneec Q500-HD
4575,Yuneec Q500-HD,2,4,4,Wi-Fi -> Wi-Fi 4 -> Yuneec Q500-HD
4576,Yuneec Q500-HD,2,4,4,Wi-Fi -> Wi-Fi 4 -> Yuneec Q500-HD
4577,Yuneec Q500-HD,2,4,4,Wi-Fi -> Wi-Fi 4 -> Yuneec Q500-HD
4578,Yuneec Q500-HD,2,4,4,Wi-Fi -> Wi-Fi 4 -> Yuneec Q500-HD
4579,Yuneec Q500-HD,2,4,4,Wi-Fi -> Wi-Fi 4 -> Yuneec Q500-HD
4580,Yuneec Q500-HD,2,4,4,Wi-Fi -> Wi-Fi 4 -> Yuneec Q500-HD
4581,Yuneec Q500-HD,2,4,4,Wi-Fi -> Wi-Fi 4 -> Yuneec Q500-HD
4582,Yuneec Q500-HD,2,4,4,Wi-Fi -> Wi-Fi 4 -> Yuneec Q500-HD
4583,Yuneec Q500-HD,2,4,4,Wi-Fi -> Wi-Fi 4 -> Yuneec Q500-HD
4584,Yuneec Q500-HD,2,4,4,Wi-Fi -> Wi-Fi 4 -> Yuneec Q500-HD
4585,Yuneec Q500-HD,2,4,4,Wi-Fi -> Wi-Fi 4 -> Yuneec Q500-HD
